bin_range,perc_count,perc_conf,perc_acc,plan_count,plan_conf,plan_acc
"[0.0, 0.1)",0,0.050,0.000,0,0.050,0.000
"[0.1, 0.2)",0,0.150,0.000,0,0.150,0.000
"[0.2, 0.3)",0,0.250,0.000,0,0.250,0.000
"[0.3, 0.4)",1,0.312,0.000,0,0.350,0.000
"[0.4, 0.5)",4,0.466,0.750,0,0.450,0.000
"[0.5, 0.6)",14,0.561,0.643,19,0.580,0.684
"[0.6, 0.7)",33,0.665,0.515,29,0.656,0.690
"[0.7, 0.8)",74,0.756,0.622,30,0.750,0.833
"[0.8, 0.9)",140,0.854,0.807,46,0.843,0.935
"[0.9, 1.0)",234,0.944,0.962,26,0.938,1.000
