sample_id,z_ground_truth_m,z_est_1pt_m,err_1pt_mm,z_est_2pt_m,err_2pt_mm,z_est_3pt_m,err_3pt_mm
DEPTH_001,0.1948,0.1974,2.54,0.1895,5.36,0.1890,5.88
DEPTH_002,0.4023,0.5050,102.76,0.4314,29.11,0.4479,45.60
DEPTH_003,0.3235,0.3388,15.28,0.3222,1.29,0.3224,1.14
DEPTH_004,0.2755,0.3056,30.13,0.3025,26.94,0.3021,26.61
DEPTH_005,0.1162,0.1198,3.64,0.1185,2.32,0.1191,2.91
DEPTH_006,0.1162,0.1190,2.81,0.1156,0.58,0.1154,0.77
DEPTH_007,0.0809,0.0812,0.26,0.0808,0.16,0.0809,0.02
DEPTH_008,0.3718,0.3962,24.40,0.3726,0.74,0.3837,11.90
DEPTH_009,0.2764,0.2980,21.57,0.2466,29.76,0.2532,23.19
DEPTH_010,0.3149,0.3372,22.30,0.3149,0.04,0.3047,10.19
DEPTH_011,0.0674,0.0678,0.42,0.0678,0.43,0.0675,0.07
DEPTH_012,0.4092,0.4861,76.91,0.4745,65.35,0.4724,63.26
DEPTH_013,0.3597,0.4101,50.38,0.3753,15.65,0.3806,20.88
DEPTH_014,0.1364,0.1415,5.08,0.1376,1.12,0.1366,0.13
DEPTH_015,0.1255,0.1271,1.62,0.1249,0.60,0.1246,0.86
DEPTH_016,0.1260,0.1323,6.24,0.1291,3.09,0.1288,2.77
DEPTH_017,0.1695,0.1763,6.72,0.1797,10.16,0.1773,7.80
DEPTH_018,0.2489,0.2597,10.76,0.2274,21.53,0.2311,17.79
DEPTH_019,0.2155,0.2285,13.04,0.2160,0.47,0.2149,0.63
DEPTH_020,0.1648,0.1685,3.70,0.1687,3.83,0.1692,4.32
DEPTH_021,0.2803,0.2851,4.79,0.2895,9.19,0.2799,0.38
DEPTH_022,0.1102,0.1122,1.98,0.1094,0.79,0.1091,1.15
DEPTH_023,0.1652,0.1690,3.83,0.1584,6.76,0.1602,4.99
DEPTH_024,0.1919,0.2079,16.00,0.1939,1.98,0.1978,5.88
DEPTH_025,0.2242,0.2427,18.51,0.2391,14.89,0.2339,9.69
DEPTH_026,0.3427,0.3699,27.23,0.3073,35.41,0.3116,31.10
DEPTH_027,0.1319,0.1344,2.54,0.1292,2.67,0.1287,3.23
DEPTH_028,0.2451,0.2530,7.87,0.2425,2.58,0.2427,2.43
DEPTH_029,0.2733,0.3022,28.92,0.2873,14.05,0.2829,9.63
DEPTH_030,0.0767,0.0753,1.42,0.0749,1.86,0.0752,1.49
DEPTH_031,0.2787,0.3152,36.50,0.3141,35.35,0.3037,24.99
DEPTH_032,0.1214,0.1212,0.21,0.1206,0.83,0.1214,0.01
DEPTH_033,0.0834,0.0837,0.27,0.0829,0.48,0.0830,0.44
DEPTH_034,0.4016,0.4488,47.22,0.4134,11.79,0.4178,16.25
DEPTH_035,0.4076,0.4557,48.05,0.3991,8.53,0.4188,11.16
DEPTH_036,0.3510,0.3651,14.12,0.3150,35.98,0.3233,27.73
DEPTH_037,0.1697,0.1771,7.47,0.1736,3.96,0.1726,2.90
DEPTH_038,0.0952,0.0963,1.15,0.0952,0.03,0.0960,0.82
DEPTH_039,0.3063,0.3229,16.54,0.3047,1.58,0.3083,1.96
DEPTH_040,0.2185,0.2376,19.17,0.2269,8.46,0.2236,5.14
DEPTH_041,0.1039,0.1049,0.92,0.1047,0.80,0.1047,0.81
DEPTH_042,0.2383,0.2661,27.85,0.2583,20.01,0.2600,21.69
DEPTH_043,0.0724,0.0742,1.83,0.0741,1.70,0.0739,1.52
DEPTH_044,0.3874,0.3994,12.08,0.3558,31.58,0.3607,26.61
DEPTH_045,0.1532,0.1605,7.31,0.1546,1.43,0.1552,2.07
DEPTH_046,0.2985,0.2789,19.57,0.2733,25.25,0.2675,31.01
DEPTH_047,0.1722,0.1819,9.68,0.1761,3.88,0.1737,1.48
DEPTH_048,0.2472,0.2714,24.19,0.2477,0.47,0.2493,2.07
DEPTH_049,0.2568,0.2703,13.45,0.2851,28.30,0.2819,25.06
DEPTH_050,0.1265,0.1355,8.90,0.1313,4.80,0.1324,5.90
