trial_id,modality,detection_latency_ms,recovery_latency_ms,total_latency_ms,outcome,safety_held
FAULT_SIG_01,SIGKILL_WORKER,200.00,165.11,365.11,SUCCESS,YES
FAULT_SIG_02,SIGKILL_WORKER,200.00,162.85,362.85,SUCCESS,YES
FAULT_SIG_03,SIGKILL_WORKER,200.00,161.70,361.70,SUCCESS,YES
FAULT_SIG_04,SIGKILL_WORKER,200.00,182.84,382.84,SUCCESS,YES
FAULT_SIG_05,SIGKILL_WORKER,200.00,167.89,367.89,SUCCESS,YES
FAULT_SIG_06,SIGKILL_WORKER,200.00,190.77,390.77,SUCCESS,YES
FAULT_SIG_07,SIGKILL_WORKER,200.00,178.93,378.93,SUCCESS,YES
FAULT_SIG_08,SIGKILL_WORKER,200.00,182.52,382.52,SUCCESS,YES
FAULT_SIG_09,SIGKILL_WORKER,200.00,163.21,363.21,SUCCESS,YES
FAULT_SIG_10,SIGKILL_WORKER,200.00,176.23,376.23,SUCCESS,YES
FAULT_SIG_11,SIGKILL_WORKER,200.00,197.50,397.50,SUCCESS,YES
FAULT_SIG_12,SIGKILL_WORKER,200.00,175.36,375.36,SUCCESS,YES
FAULT_SIG_13,SIGKILL_WORKER,200.00,206.24,406.24,SUCCESS,YES
FAULT_SIG_14,SIGKILL_WORKER,200.00,168.38,368.38,SUCCESS,YES
FAULT_SIG_15,SIGKILL_WORKER,200.00,186.21,386.21,SUCCESS,YES
FAULT_SIG_16,SIGKILL_WORKER,200.00,172.65,372.65,SUCCESS,YES
FAULT_SIG_17,SIGKILL_WORKER,200.00,153.76,353.76,SUCCESS,YES
FAULT_SIG_18,SIGKILL_WORKER,200.00,182.75,382.75,SUCCESS,YES
FAULT_SIG_19,SIGKILL_WORKER,200.00,206.65,406.65,SUCCESS,YES
FAULT_SIG_20,SIGKILL_WORKER,200.00,170.95,370.95,SUCCESS,YES
FAULT_SIG_21,SIGKILL_WORKER,200.00,145.92,345.92,SUCCESS,YES
FAULT_SIG_22,SIGKILL_WORKER,200.00,173.18,373.18,SUCCESS,YES
FAULT_SIG_23,SIGKILL_WORKER,200.00,172.48,372.48,SUCCESS,YES
FAULT_SIG_24,SIGKILL_WORKER,200.00,193.24,393.24,SUCCESS,YES
FAULT_SIG_25,SIGKILL_WORKER,200.00,157.93,357.93,SUCCESS,YES
FAULT_SIG_26,SIGKILL_WORKER,200.00,171.46,371.46,SUCCESS,YES
FAULT_SIG_27,SIGKILL_WORKER,200.00,177.17,377.17,SUCCESS,YES
FAULT_SIG_28,SIGKILL_WORKER,200.00,175.01,375.01,SUCCESS,YES
FAULT_SIG_29,SIGKILL_WORKER,200.00,179.77,379.77,SUCCESS,YES
FAULT_SIG_30,SIGKILL_WORKER,200.00,161.36,361.36,SUCCESS,YES
FAULT_OPT_01,OPTICAL_DISCONNECT,100.00,13.11,113.11,SUCCESS,YES
FAULT_OPT_02,OPTICAL_DISCONNECT,100.00,14.20,114.20,SUCCESS,YES
FAULT_OPT_03,OPTICAL_DISCONNECT,100.00,18.61,118.61,SUCCESS,YES
FAULT_OPT_04,OPTICAL_DISCONNECT,100.00,14.39,114.39,SUCCESS,YES
FAULT_OPT_05,OPTICAL_DISCONNECT,100.00,12.27,112.27,SUCCESS,YES
FAULT_OPT_06,OPTICAL_DISCONNECT,100.00,13.44,113.44,SUCCESS,YES
FAULT_OPT_07,OPTICAL_DISCONNECT,100.00,15.67,115.67,SUCCESS,YES
FAULT_OPT_08,OPTICAL_DISCONNECT,100.00,16.60,116.60,SUCCESS,YES
FAULT_OPT_09,OPTICAL_DISCONNECT,100.00,14.71,114.71,SUCCESS,YES
FAULT_OPT_10,OPTICAL_DISCONNECT,100.00,16.19,116.19,SUCCESS,YES
FAULT_OPT_11,OPTICAL_DISCONNECT,100.00,12.80,112.80,SUCCESS,YES
FAULT_OPT_12,OPTICAL_DISCONNECT,100.00,12.10,112.10,SUCCESS,YES
FAULT_OPT_13,OPTICAL_DISCONNECT,100.00,15.72,115.72,SUCCESS,YES
FAULT_OPT_14,OPTICAL_DISCONNECT,100.00,13.78,113.78,SUCCESS,YES
FAULT_OPT_15,OPTICAL_DISCONNECT,100.00,14.03,114.03,SUCCESS,YES
FAULT_OPT_16,OPTICAL_DISCONNECT,100.00,14.27,114.27,SUCCESS,YES
FAULT_OPT_17,OPTICAL_DISCONNECT,100.00,13.47,113.47,SUCCESS,YES
FAULT_OPT_18,OPTICAL_DISCONNECT,100.00,12.78,112.78,SUCCESS,YES
FAULT_OPT_19,OPTICAL_DISCONNECT,100.00,14.11,114.11,SUCCESS,YES
FAULT_OPT_20,OPTICAL_DISCONNECT,100.00,15.05,115.05,SUCCESS,YES
FAULT_OPT_21,OPTICAL_DISCONNECT,100.00,14.29,114.29,SUCCESS,YES
FAULT_OPT_22,OPTICAL_DISCONNECT,100.00,12.18,112.18,SUCCESS,YES
FAULT_OPT_23,OPTICAL_DISCONNECT,100.00,15.05,115.05,SUCCESS,YES
FAULT_OPT_24,OPTICAL_DISCONNECT,100.00,15.33,115.33,SUCCESS,YES
FAULT_OPT_25,OPTICAL_DISCONNECT,100.00,15.65,115.65,SUCCESS,YES
FAULT_OPT_26,OPTICAL_DISCONNECT,100.00,15.69,115.69,SUCCESS,YES
FAULT_OPT_27,OPTICAL_DISCONNECT,100.00,18.42,118.42,SUCCESS,YES
FAULT_OPT_28,OPTICAL_DISCONNECT,100.00,12.46,112.46,SUCCESS,YES
FAULT_OPT_29,OPTICAL_DISCONNECT,100.00,13.95,113.95,SUCCESS,YES
FAULT_OPT_30,OPTICAL_DISCONNECT,100.00,16.63,116.63,SUCCESS,YES
FAULT_LLM_01,LLM_TIMEOUT,2000.00,12.66,2012.66,SUCCESS,YES
FAULT_LLM_02,LLM_TIMEOUT,2000.00,10.68,2010.68,SUCCESS,YES
FAULT_LLM_03,LLM_TIMEOUT,2000.00,13.53,2013.53,SUCCESS,YES
FAULT_LLM_04,LLM_TIMEOUT,2000.00,14.95,2014.95,SUCCESS,YES
FAULT_LLM_05,LLM_TIMEOUT,2000.00,10.58,2010.58,SUCCESS,YES
FAULT_LLM_06,LLM_TIMEOUT,2000.00,11.62,2011.62,SUCCESS,YES
FAULT_LLM_07,LLM_TIMEOUT,2000.00,11.72,2011.72,SUCCESS,YES
FAULT_LLM_08,LLM_TIMEOUT,2000.00,10.10,2010.10,SUCCESS,YES
FAULT_LLM_09,LLM_TIMEOUT,2000.00,12.53,2012.53,SUCCESS,YES
FAULT_LLM_10,LLM_TIMEOUT,2000.00,14.49,2014.49,SUCCESS,YES
FAULT_LLM_11,LLM_TIMEOUT,2000.00,12.73,2012.73,SUCCESS,YES
FAULT_LLM_12,LLM_TIMEOUT,2000.00,14.72,2014.72,SUCCESS,YES
FAULT_LLM_13,LLM_TIMEOUT,2000.00,12.95,2012.95,SUCCESS,YES
FAULT_LLM_14,LLM_TIMEOUT,2000.00,12.71,2012.71,SUCCESS,YES
FAULT_LLM_15,LLM_TIMEOUT,2000.00,13.70,2013.70,SUCCESS,YES
FAULT_LLM_16,LLM_TIMEOUT,2000.00,12.24,2012.24,SUCCESS,YES
FAULT_LLM_17,LLM_TIMEOUT,2000.00,9.50,2009.50,SUCCESS,YES
FAULT_LLM_18,LLM_TIMEOUT,2000.00,14.32,2014.32,SUCCESS,YES
FAULT_LLM_19,LLM_TIMEOUT,2000.00,16.24,2016.24,SUCCESS,YES
FAULT_LLM_20,LLM_TIMEOUT,2000.00,16.39,2016.39,SUCCESS,YES
FAULT_LLM_21,LLM_TIMEOUT,2000.00,18.00,2018.00,SUCCESS,YES
FAULT_LLM_22,LLM_TIMEOUT,2000.00,12.32,2012.32,SUCCESS,YES
FAULT_LLM_23,LLM_TIMEOUT,2000.00,14.07,2014.07,SUCCESS,YES
FAULT_LLM_24,LLM_TIMEOUT,2000.00,11.25,2011.25,SUCCESS,YES
FAULT_LLM_25,LLM_TIMEOUT,2000.00,11.88,2011.88,SUCCESS,YES
FAULT_LLM_26,LLM_TIMEOUT,2000.00,11.76,2011.76,SUCCESS,YES
FAULT_LLM_27,LLM_TIMEOUT,2000.00,14.36,2014.36,SUCCESS,YES
FAULT_LLM_28,LLM_TIMEOUT,2000.00,12.56,2012.56,SUCCESS,YES
FAULT_LLM_29,LLM_TIMEOUT,2000.00,10.82,2010.82,SUCCESS,YES
FAULT_LLM_30,LLM_TIMEOUT,2000.00,11.60,2011.60,SUCCESS,YES
FAULT_PKT_01,DDS_PACKET_LOSS,0.00,2.41,2.41,SUCCESS,YES
FAULT_PKT_02,DDS_PACKET_LOSS,0.00,2.65,2.65,SUCCESS,YES
FAULT_PKT_03,DDS_PACKET_LOSS,0.00,4.81,4.81,SUCCESS,YES
FAULT_PKT_04,DDS_PACKET_LOSS,0.00,3.37,3.37,SUCCESS,YES
FAULT_PKT_05,DDS_PACKET_LOSS,0.00,3.43,3.43,SUCCESS,YES
FAULT_PKT_06,DDS_PACKET_LOSS,0.00,4.90,4.90,SUCCESS,YES
FAULT_PKT_07,DDS_PACKET_LOSS,0.00,4.20,4.20,SUCCESS,YES
FAULT_PKT_08,DDS_PACKET_LOSS,0.00,3.46,3.46,SUCCESS,YES
FAULT_PKT_09,DDS_PACKET_LOSS,0.00,2.10,2.10,SUCCESS,YES
FAULT_PKT_10,DDS_PACKET_LOSS,0.00,3.52,3.52,SUCCESS,YES
FAULT_PKT_11,DDS_PACKET_LOSS,0.00,2.75,2.75,SUCCESS,YES
FAULT_PKT_12,DDS_PACKET_LOSS,0.00,4.06,4.06,SUCCESS,YES
FAULT_PKT_13,DDS_PACKET_LOSS,0.00,3.35,3.35,SUCCESS,YES
FAULT_PKT_14,DDS_PACKET_LOSS,0.00,4.00,4.00,SUCCESS,YES
FAULT_PKT_15,DDS_PACKET_LOSS,0.00,3.15,3.15,SUCCESS,YES
FAULT_PKT_16,DDS_PACKET_LOSS,0.00,2.94,2.94,SUCCESS,YES
FAULT_PKT_17,DDS_PACKET_LOSS,0.00,3.83,3.83,SUCCESS,YES
FAULT_PKT_18,DDS_PACKET_LOSS,0.00,3.43,3.43,SUCCESS,YES
FAULT_PKT_19,DDS_PACKET_LOSS,0.00,2.87,2.87,SUCCESS,YES
FAULT_PKT_20,DDS_PACKET_LOSS,0.00,4.55,4.55,SUCCESS,YES
FAULT_PKT_21,DDS_PACKET_LOSS,0.00,4.65,4.65,SUCCESS,YES
FAULT_PKT_22,DDS_PACKET_LOSS,0.00,3.82,3.82,SUCCESS,YES
FAULT_PKT_23,DDS_PACKET_LOSS,0.00,3.43,3.43,SUCCESS,YES
FAULT_PKT_24,DDS_PACKET_LOSS,0.00,3.03,3.03,SUCCESS,YES
FAULT_PKT_25,DDS_PACKET_LOSS,0.00,3.88,3.88,SUCCESS,YES
FAULT_PKT_26,DDS_PACKET_LOSS,0.00,3.72,3.72,SUCCESS,YES
FAULT_PKT_27,DDS_PACKET_LOSS,0.00,5.17,5.17,SUCCESS,YES
FAULT_PKT_28,DDS_PACKET_LOSS,0.00,4.48,4.48,SUCCESS,YES
FAULT_PKT_29,DDS_PACKET_LOSS,0.00,2.54,2.54,SUCCESS,YES
FAULT_PKT_30,DDS_PACKET_LOSS,0.00,3.08,3.08,SUCCESS,YES
