trial_id,condition_desc,color,ground_truth,is_cross_condition,detector_prediction,detector_confidence,detection_correct,commanded_destination,correct_destination,interception_success,end_to_end_sort_success,cycle_time_s
EXP_COL_001,Blue Conforming (Prior),blue,conforming,False,conforming,0.977,TRUE,TRAY,TRAY,TRUE,SUCCESS,13.31
EXP_COL_002,Blue Conforming (Prior),blue,conforming,False,conforming,0.923,TRUE,TRAY,TRAY,TRUE,SUCCESS,14.46
EXP_COL_003,Blue Conforming (Prior),blue,conforming,False,conforming,0.962,TRUE,TRAY,TRAY,TRUE,SUCCESS,13.74
EXP_COL_004,Blue Conforming (Prior),blue,conforming,False,conforming,0.938,TRUE,TRAY,TRAY,TRUE,SUCCESS,13.78
EXP_COL_005,Blue Conforming (Prior),blue,conforming,False,conforming,0.937,TRUE,TRAY,TRAY,TRUE,SUCCESS,13.86
EXP_COL_006,Blue Conforming (Prior),blue,conforming,False,conforming,0.947,TRUE,TRAY,TRAY,TRUE,SUCCESS,13.61
EXP_COL_007,Blue Conforming (Prior),blue,conforming,False,conforming,0.951,TRUE,TRAY,TRAY,TRUE,SUCCESS,14.30
EXP_COL_008,Blue Conforming (Prior),blue,conforming,False,conforming,0.924,TRUE,TRAY,TRAY,TRUE,SUCCESS,13.79
EXP_COL_009,Blue Conforming (Prior),blue,conforming,False,conforming,0.969,TRUE,TRAY,TRAY,TRUE,SUCCESS,14.43
EXP_COL_010,Blue Conforming (Prior),blue,conforming,False,conforming,0.927,TRUE,TRAY,TRAY,TRUE,SUCCESS,13.69
EXP_COL_011,Blue Conforming (Prior),blue,conforming,False,conforming,0.975,TRUE,TRAY,TRAY,TRUE,SUCCESS,13.19
EXP_COL_012,Blue Conforming (Prior),blue,conforming,False,conforming,0.953,TRUE,TRAY,TRAY,TRUE,SUCCESS,15.07
EXP_COL_013,Blue Conforming (Prior),blue,conforming,False,conforming,0.967,TRUE,TRAY,TRAY,TRUE,SUCCESS,14.37
EXP_COL_014,Blue Conforming (Prior),blue,conforming,False,conforming,0.925,TRUE,TRAY,TRAY,TRUE,SUCCESS,14.91
EXP_COL_015,Blue Conforming (Prior),blue,conforming,False,conforming,0.940,TRUE,TRAY,TRAY,TRUE,SUCCESS,14.82
EXP_COL_016,Blue Conforming (Prior),blue,conforming,False,conforming,0.937,TRUE,TRAY,TRAY,TRUE,SUCCESS,13.77
EXP_COL_017,Blue Conforming (Prior),blue,conforming,False,conforming,0.968,TRUE,TRAY,TRAY,TRUE,SUCCESS,14.67
EXP_COL_018,Blue Conforming (Prior),blue,conforming,False,conforming,0.966,TRUE,TRAY,TRAY,TRUE,SUCCESS,14.91
EXP_COL_019,Blue Conforming (Prior),blue,conforming,False,conforming,0.927,TRUE,TRAY,TRAY,TRUE,SUCCESS,12.99
EXP_COL_020,Blue Conforming (Prior),blue,conforming,False,conforming,0.939,TRUE,TRAY,TRAY,TRUE,SUCCESS,15.08
EXP_COL_021,Blue Defective (Cross),blue,defective,True,defective,0.941,TRUE,SCRAP_BIN,SCRAP_BIN,TRUE,SUCCESS,13.37
EXP_COL_022,Blue Defective (Cross),blue,defective,True,defective,0.951,TRUE,SCRAP_BIN,SCRAP_BIN,TRUE,SUCCESS,14.14
EXP_COL_023,Blue Defective (Cross),blue,defective,True,defective,0.930,TRUE,SCRAP_BIN,SCRAP_BIN,TRUE,SUCCESS,13.88
EXP_COL_024,Blue Defective (Cross),blue,defective,True,defective,0.893,TRUE,SCRAP_BIN,SCRAP_BIN,TRUE,SUCCESS,14.15
EXP_COL_025,Blue Defective (Cross),blue,defective,True,defective,0.931,TRUE,SCRAP_BIN,SCRAP_BIN,TRUE,SUCCESS,13.77
EXP_COL_026,Blue Defective (Cross),blue,defective,True,defective,0.908,TRUE,SCRAP_BIN,SCRAP_BIN,TRUE,SUCCESS,13.00
EXP_COL_027,Blue Defective (Cross),blue,defective,True,defective,0.903,TRUE,SCRAP_BIN,SCRAP_BIN,TRUE,SUCCESS,14.60
EXP_COL_028,Blue Defective (Cross),blue,defective,True,defective,0.954,TRUE,SCRAP_BIN,SCRAP_BIN,TRUE,SUCCESS,15.13
EXP_COL_029,Blue Defective (Cross),blue,defective,True,defective,0.933,TRUE,SCRAP_BIN,SCRAP_BIN,TRUE,SUCCESS,13.95
EXP_COL_030,Blue Defective (Cross),blue,defective,True,defective,0.908,TRUE,SCRAP_BIN,SCRAP_BIN,TRUE,SUCCESS,14.74
EXP_COL_031,Blue Defective (Cross),blue,defective,True,defective,0.959,TRUE,SCRAP_BIN,SCRAP_BIN,TRUE,SUCCESS,12.08
EXP_COL_032,Blue Defective (Cross),blue,defective,True,defective,0.900,TRUE,SCRAP_BIN,SCRAP_BIN,TRUE,SUCCESS,14.48
EXP_COL_033,Blue Defective (Cross),blue,defective,True,conforming,0.679,FALSE,TRAY,SCRAP_BIN,TRUE,FAIL,13.45
EXP_COL_034,Blue Defective (Cross),blue,defective,True,conforming,0.737,FALSE,TRAY,SCRAP_BIN,TRUE,FAIL,15.32
EXP_COL_035,Blue Defective (Cross),blue,defective,True,defective,0.914,TRUE,SCRAP_BIN,SCRAP_BIN,TRUE,SUCCESS,14.28
EXP_COL_036,Blue Defective (Cross),blue,defective,True,defective,0.894,TRUE,SCRAP_BIN,SCRAP_BIN,TRUE,SUCCESS,13.85
EXP_COL_037,Blue Defective (Cross),blue,defective,True,conforming,0.672,FALSE,TRAY,SCRAP_BIN,TRUE,FAIL,14.47
EXP_COL_038,Blue Defective (Cross),blue,defective,True,defective,0.944,TRUE,SCRAP_BIN,SCRAP_BIN,TRUE,SUCCESS,14.19
EXP_COL_039,Blue Defective (Cross),blue,defective,True,defective,0.948,TRUE,SCRAP_BIN,SCRAP_BIN,TRUE,SUCCESS,15.32
EXP_COL_040,Blue Defective (Cross),blue,defective,True,defective,0.897,TRUE,SCRAP_BIN,SCRAP_BIN,TRUE,SUCCESS,15.31
EXP_COL_041,Red Conforming (Cross),red,conforming,True,conforming,0.931,TRUE,TRAY,TRAY,TRUE,SUCCESS,15.57
EXP_COL_042,Red Conforming (Cross),red,conforming,True,conforming,0.951,TRUE,TRAY,TRAY,TRUE,SUCCESS,14.90
EXP_COL_043,Red Conforming (Cross),red,conforming,True,conforming,0.930,TRUE,TRAY,TRAY,TRUE,SUCCESS,14.70
EXP_COL_044,Red Conforming (Cross),red,conforming,True,conforming,0.940,TRUE,TRAY,TRAY,TRUE,SUCCESS,14.07
EXP_COL_045,Red Conforming (Cross),red,conforming,True,conforming,0.973,TRUE,TRAY,TRAY,TRUE,SUCCESS,15.04
EXP_COL_046,Red Conforming (Cross),red,conforming,True,conforming,0.952,TRUE,TRAY,TRAY,TRUE,SUCCESS,14.62
EXP_COL_047,Red Conforming (Cross),red,conforming,True,conforming,0.974,TRUE,TRAY,TRAY,TRUE,SUCCESS,13.05
EXP_COL_048,Red Conforming (Cross),red,conforming,True,conforming,0.964,TRUE,TRAY,TRAY,TRUE,SUCCESS,15.15
EXP_COL_049,Red Conforming (Cross),red,conforming,True,conforming,0.967,TRUE,TRAY,TRAY,TRUE,SUCCESS,14.38
EXP_COL_050,Red Conforming (Cross),red,conforming,True,conforming,0.926,TRUE,TRAY,TRAY,TRUE,SUCCESS,14.88
EXP_COL_051,Red Conforming (Cross),red,conforming,True,conforming,0.930,TRUE,TRAY,TRAY,TRUE,SUCCESS,15.04
EXP_COL_052,Red Conforming (Cross),red,conforming,True,conforming,0.963,TRUE,TRAY,TRAY,TRUE,SUCCESS,15.26
EXP_COL_053,Red Conforming (Cross),red,conforming,True,conforming,0.965,TRUE,TRAY,TRAY,TRUE,SUCCESS,14.54
EXP_COL_054,Red Conforming (Cross),red,conforming,True,conforming,0.926,TRUE,TRAY,TRAY,TRUE,SUCCESS,14.95
EXP_COL_055,Red Conforming (Cross),red,conforming,True,conforming,0.935,TRUE,TRAY,TRAY,FALSE,FAIL,14.90
EXP_COL_056,Red Conforming (Cross),red,conforming,True,conforming,0.968,TRUE,TRAY,TRAY,TRUE,SUCCESS,14.01
EXP_COL_057,Red Conforming (Cross),red,conforming,True,conforming,0.950,TRUE,TRAY,TRAY,TRUE,SUCCESS,13.43
EXP_COL_058,Red Conforming (Cross),red,conforming,True,conforming,0.959,TRUE,TRAY,TRAY,TRUE,SUCCESS,14.98
EXP_COL_059,Red Conforming (Cross),red,conforming,True,conforming,0.977,TRUE,TRAY,TRAY,TRUE,SUCCESS,14.10
EXP_COL_060,Red Conforming (Cross),red,conforming,True,defective,0.757,FALSE,SCRAP_BIN,TRAY,TRUE,FAIL,14.79
EXP_COL_061,Red Defective (Prior),red,defective,False,defective,0.921,TRUE,SCRAP_BIN,SCRAP_BIN,TRUE,SUCCESS,13.46
EXP_COL_062,Red Defective (Prior),red,defective,False,defective,0.965,TRUE,SCRAP_BIN,SCRAP_BIN,TRUE,SUCCESS,13.79
EXP_COL_063,Red Defective (Prior),red,defective,False,defective,0.898,TRUE,SCRAP_BIN,SCRAP_BIN,TRUE,SUCCESS,15.05
EXP_COL_064,Red Defective (Prior),red,defective,False,defective,0.946,TRUE,SCRAP_BIN,SCRAP_BIN,TRUE,SUCCESS,14.24
EXP_COL_065,Red Defective (Prior),red,defective,False,defective,0.913,TRUE,SCRAP_BIN,SCRAP_BIN,TRUE,SUCCESS,14.44
EXP_COL_066,Red Defective (Prior),red,defective,False,defective,0.931,TRUE,SCRAP_BIN,SCRAP_BIN,TRUE,SUCCESS,14.41
EXP_COL_067,Red Defective (Prior),red,defective,False,defective,0.942,TRUE,SCRAP_BIN,SCRAP_BIN,TRUE,SUCCESS,14.39
EXP_COL_068,Red Defective (Prior),red,defective,False,defective,0.920,TRUE,SCRAP_BIN,SCRAP_BIN,TRUE,SUCCESS,14.34
EXP_COL_069,Red Defective (Prior),red,defective,False,defective,0.893,TRUE,SCRAP_BIN,SCRAP_BIN,TRUE,SUCCESS,12.77
EXP_COL_070,Red Defective (Prior),red,defective,False,defective,0.892,TRUE,SCRAP_BIN,SCRAP_BIN,TRUE,SUCCESS,14.49
EXP_COL_071,Red Defective (Prior),red,defective,False,defective,0.919,TRUE,SCRAP_BIN,SCRAP_BIN,TRUE,SUCCESS,15.45
EXP_COL_072,Red Defective (Prior),red,defective,False,defective,0.940,TRUE,SCRAP_BIN,SCRAP_BIN,TRUE,SUCCESS,14.30
EXP_COL_073,Red Defective (Prior),red,defective,False,defective,0.933,TRUE,SCRAP_BIN,SCRAP_BIN,TRUE,SUCCESS,15.29
EXP_COL_074,Red Defective (Prior),red,defective,False,conforming,0.696,FALSE,TRAY,SCRAP_BIN,TRUE,FAIL,14.86
EXP_COL_075,Red Defective (Prior),red,defective,False,defective,0.912,TRUE,SCRAP_BIN,SCRAP_BIN,TRUE,SUCCESS,13.58
EXP_COL_076,Red Defective (Prior),red,defective,False,defective,0.903,TRUE,SCRAP_BIN,SCRAP_BIN,TRUE,SUCCESS,15.53
EXP_COL_077,Red Defective (Prior),red,defective,False,defective,0.947,TRUE,SCRAP_BIN,SCRAP_BIN,TRUE,SUCCESS,14.50
EXP_COL_078,Red Defective (Prior),red,defective,False,defective,0.924,TRUE,SCRAP_BIN,SCRAP_BIN,TRUE,SUCCESS,15.52
EXP_COL_079,Red Defective (Prior),red,defective,False,defective,0.951,TRUE,SCRAP_BIN,SCRAP_BIN,TRUE,SUCCESS,14.01
EXP_COL_080,Red Defective (Prior),red,defective,False,defective,0.929,TRUE,SCRAP_BIN,SCRAP_BIN,TRUE,SUCCESS,15.70
EXP_COL_081,Grey Conforming (Neutral),grey,conforming,False,conforming,0.946,TRUE,TRAY,TRAY,TRUE,SUCCESS,15.43
EXP_COL_082,Grey Conforming (Neutral),grey,conforming,False,conforming,0.942,TRUE,TRAY,TRAY,TRUE,SUCCESS,15.26
EXP_COL_083,Grey Conforming (Neutral),grey,conforming,False,conforming,0.971,TRUE,TRAY,TRAY,TRUE,SUCCESS,14.04
EXP_COL_084,Grey Conforming (Neutral),grey,conforming,False,conforming,0.976,TRUE,TRAY,TRAY,TRUE,SUCCESS,14.25
EXP_COL_085,Grey Conforming (Neutral),grey,conforming,False,conforming,0.959,TRUE,TRAY,TRAY,TRUE,SUCCESS,14.75
EXP_COL_086,Grey Conforming (Neutral),grey,conforming,False,conforming,0.978,TRUE,TRAY,TRAY,TRUE,SUCCESS,14.26
EXP_COL_087,Grey Conforming (Neutral),grey,conforming,False,conforming,0.924,TRUE,TRAY,TRAY,TRUE,SUCCESS,13.81
EXP_COL_088,Grey Conforming (Neutral),grey,conforming,False,conforming,0.971,TRUE,TRAY,TRAY,TRUE,SUCCESS,14.37
EXP_COL_089,Grey Conforming (Neutral),grey,conforming,False,conforming,0.937,TRUE,TRAY,TRAY,TRUE,SUCCESS,14.96
EXP_COL_090,Grey Conforming (Neutral),grey,conforming,False,conforming,0.964,TRUE,TRAY,TRAY,TRUE,SUCCESS,15.36
EXP_COL_091,Grey Conforming (Neutral),grey,conforming,False,conforming,0.931,TRUE,TRAY,TRAY,TRUE,SUCCESS,12.77
EXP_COL_092,Grey Conforming (Neutral),grey,conforming,False,conforming,0.940,TRUE,TRAY,TRAY,TRUE,SUCCESS,13.22
EXP_COL_093,Grey Conforming (Neutral),grey,conforming,False,conforming,0.946,TRUE,TRAY,TRAY,TRUE,SUCCESS,13.87
EXP_COL_094,Grey Conforming (Neutral),grey,conforming,False,conforming,0.950,TRUE,TRAY,TRAY,TRUE,SUCCESS,14.41
EXP_COL_095,Grey Conforming (Neutral),grey,conforming,False,conforming,0.974,TRUE,TRAY,TRAY,TRUE,SUCCESS,13.98
EXP_COL_096,Grey Conforming (Neutral),grey,conforming,False,conforming,0.977,TRUE,TRAY,TRAY,TRUE,SUCCESS,13.71
EXP_COL_097,Grey Conforming (Neutral),grey,conforming,False,conforming,0.947,TRUE,TRAY,TRAY,TRUE,SUCCESS,15.16
EXP_COL_098,Grey Conforming (Neutral),grey,conforming,False,conforming,0.967,TRUE,TRAY,TRAY,TRUE,SUCCESS,13.24
EXP_COL_099,Grey Conforming (Neutral),grey,conforming,False,conforming,0.950,TRUE,TRAY,TRAY,TRUE,SUCCESS,12.53
EXP_COL_100,Grey Conforming (Neutral),grey,conforming,False,conforming,0.941,TRUE,TRAY,TRAY,TRUE,SUCCESS,15.62
EXP_COL_101,Grey Defective (Neutral),grey,defective,False,defective,0.951,TRUE,SCRAP_BIN,SCRAP_BIN,TRUE,SUCCESS,13.85
EXP_COL_102,Grey Defective (Neutral),grey,defective,False,defective,0.946,TRUE,SCRAP_BIN,SCRAP_BIN,TRUE,SUCCESS,14.36
EXP_COL_103,Grey Defective (Neutral),grey,defective,False,defective,0.969,TRUE,SCRAP_BIN,SCRAP_BIN,TRUE,SUCCESS,15.12
EXP_COL_104,Grey Defective (Neutral),grey,defective,False,defective,0.969,TRUE,SCRAP_BIN,SCRAP_BIN,TRUE,SUCCESS,13.82
EXP_COL_105,Grey Defective (Neutral),grey,defective,False,defective,0.897,TRUE,SCRAP_BIN,SCRAP_BIN,TRUE,SUCCESS,12.57
EXP_COL_106,Grey Defective (Neutral),grey,defective,False,defective,0.899,TRUE,SCRAP_BIN,SCRAP_BIN,TRUE,SUCCESS,15.46
EXP_COL_107,Grey Defective (Neutral),grey,defective,False,defective,0.927,TRUE,SCRAP_BIN,SCRAP_BIN,TRUE,SUCCESS,15.22
EXP_COL_108,Grey Defective (Neutral),grey,defective,False,defective,0.967,TRUE,SCRAP_BIN,SCRAP_BIN,TRUE,SUCCESS,14.82
EXP_COL_109,Grey Defective (Neutral),grey,defective,False,defective,0.959,TRUE,SCRAP_BIN,SCRAP_BIN,TRUE,SUCCESS,14.26
EXP_COL_110,Grey Defective (Neutral),grey,defective,False,conforming,0.657,FALSE,TRAY,SCRAP_BIN,TRUE,FAIL,14.99
EXP_COL_111,Grey Defective (Neutral),grey,defective,False,conforming,0.697,FALSE,TRAY,SCRAP_BIN,TRUE,FAIL,13.85
EXP_COL_112,Grey Defective (Neutral),grey,defective,False,defective,0.937,TRUE,SCRAP_BIN,SCRAP_BIN,TRUE,SUCCESS,15.69
EXP_COL_113,Grey Defective (Neutral),grey,defective,False,defective,0.912,TRUE,SCRAP_BIN,SCRAP_BIN,FALSE,FAIL,14.11
EXP_COL_114,Grey Defective (Neutral),grey,defective,False,defective,0.912,TRUE,SCRAP_BIN,SCRAP_BIN,TRUE,SUCCESS,14.98
EXP_COL_115,Grey Defective (Neutral),grey,defective,False,defective,0.918,TRUE,SCRAP_BIN,SCRAP_BIN,TRUE,SUCCESS,12.67
EXP_COL_116,Grey Defective (Neutral),grey,defective,False,defective,0.945,TRUE,SCRAP_BIN,SCRAP_BIN,TRUE,SUCCESS,14.49
EXP_COL_117,Grey Defective (Neutral),grey,defective,False,defective,0.956,TRUE,SCRAP_BIN,SCRAP_BIN,TRUE,SUCCESS,14.79
EXP_COL_118,Grey Defective (Neutral),grey,defective,False,defective,0.965,TRUE,SCRAP_BIN,SCRAP_BIN,TRUE,SUCCESS,15.38
EXP_COL_119,Grey Defective (Neutral),grey,defective,False,defective,0.892,TRUE,SCRAP_BIN,SCRAP_BIN,TRUE,SUCCESS,14.44
EXP_COL_120,Grey Defective (Neutral),grey,defective,False,defective,0.968,TRUE,SCRAP_BIN,SCRAP_BIN,TRUE,SUCCESS,13.32
