trial_id,timestamp,interrupt_latency_ms,halt_success,within_10ms_margin
ESTOP_001,2026-09-30T02:30:00,4.689,SUCCESS,YES
ESTOP_002,2026-09-30T02:30:01,3.616,SUCCESS,YES
ESTOP_003,2026-09-30T02:30:02,3.661,SUCCESS,YES
ESTOP_004,2026-09-30T02:30:03,4.320,SUCCESS,YES
ESTOP_005,2026-09-30T02:30:04,4.972,SUCCESS,YES
ESTOP_006,2026-09-30T02:30:05,4.103,SUCCESS,YES
ESTOP_007,2026-09-30T02:30:06,3.840,SUCCESS,YES
ESTOP_008,2026-09-30T02:30:07,3.921,SUCCESS,YES
ESTOP_009,2026-09-30T02:30:08,3.245,SUCCESS,YES
ESTOP_010,2026-09-30T02:30:09,3.677,SUCCESS,YES
ESTOP_011,2026-09-30T02:30:10,4.361,SUCCESS,YES
ESTOP_012,2026-09-30T02:30:11,3.632,SUCCESS,YES
ESTOP_013,2026-09-30T02:30:12,4.524,SUCCESS,YES
ESTOP_014,2026-09-30T02:30:13,2.934,SUCCESS,YES
ESTOP_015,2026-09-30T02:30:14,4.161,SUCCESS,YES
ESTOP_016,2026-09-30T02:30:15,4.655,SUCCESS,YES
ESTOP_017,2026-09-30T02:30:16,4.303,SUCCESS,YES
ESTOP_018,2026-09-30T02:30:17,4.790,SUCCESS,YES
ESTOP_019,2026-09-30T02:30:18,7.746,SUCCESS,YES
ESTOP_020,2026-09-30T02:30:19,3.683,SUCCESS,YES
ESTOP_021,2026-09-30T02:30:20,3.636,SUCCESS,YES
ESTOP_022,2026-09-30T02:30:21,4.073,SUCCESS,YES
ESTOP_023,2026-09-30T02:30:22,2.508,SUCCESS,YES
ESTOP_024,2026-09-30T02:30:23,4.776,SUCCESS,YES
ESTOP_025,2026-09-30T02:30:24,3.194,SUCCESS,YES
ESTOP_026,2026-09-30T02:30:25,4.134,SUCCESS,YES
ESTOP_027,2026-09-30T02:30:26,4.214,SUCCESS,YES
ESTOP_028,2026-09-30T02:30:27,3.760,SUCCESS,YES
ESTOP_029,2026-09-30T02:30:28,3.565,SUCCESS,YES
ESTOP_030,2026-09-30T02:30:29,4.890,SUCCESS,YES
ESTOP_031,2026-09-30T02:30:30,3.981,SUCCESS,YES
ESTOP_032,2026-09-30T02:30:31,4.076,SUCCESS,YES
ESTOP_033,2026-09-30T02:30:32,4.076,SUCCESS,YES
ESTOP_034,2026-09-30T02:30:33,3.950,SUCCESS,YES
ESTOP_035,2026-09-30T02:30:34,3.801,SUCCESS,YES
ESTOP_036,2026-09-30T02:30:35,3.823,SUCCESS,YES
ESTOP_037,2026-09-30T02:30:36,3.512,SUCCESS,YES
ESTOP_038,2026-09-30T02:30:37,4.343,SUCCESS,YES
ESTOP_039,2026-09-30T02:30:38,6.508,SUCCESS,YES
ESTOP_040,2026-09-30T02:30:39,4.388,SUCCESS,YES
ESTOP_041,2026-09-30T02:30:40,2.937,SUCCESS,YES
ESTOP_042,2026-09-30T02:30:41,3.469,SUCCESS,YES
ESTOP_043,2026-09-30T02:30:42,5.290,SUCCESS,YES
ESTOP_044,2026-09-30T02:30:43,3.647,SUCCESS,YES
ESTOP_045,2026-09-30T02:30:44,4.872,SUCCESS,YES
ESTOP_046,2026-09-30T02:30:45,5.498,SUCCESS,YES
ESTOP_047,2026-09-30T02:30:46,4.292,SUCCESS,YES
ESTOP_048,2026-09-30T02:30:47,3.863,SUCCESS,YES
ESTOP_049,2026-09-30T02:30:48,6.858,SUCCESS,YES
ESTOP_050,2026-09-30T02:30:49,4.135,SUCCESS,YES
