trial_id,timestamp,git_commit_hash,config_id,task_id,task_name,test_day,block_id,run_order,placement_x_mm,placement_y_mm,object_instance,object_color,defect_status,defect_cue_type,is_color_shortcut_probe,ambient_lux,ambient_temp_c,prompt_phrasing,llm_seed,outcome,failure_category,execution_time_s,vram_used_mb,pick_error_mm,notes
EXP_0001,2026-09-28T14:15:01,52d1114,config_c_full_aria,task_01,Reach & Touch Object,day_1,BLK_01,1,187.4,-1.2,block_red_01,red,conforming,none,True,150,23.6,carefully perform reach & touch object,1001,SUCCESS,NONE,1.28,7180,0.7,IK 0.8ms; err=0.7mm
EXP_0002,2026-09-28T14:15:03,52d1114,config_c_full_aria,task_01,Reach & Touch Object,day_2,BLK_01,2,182.6,1.9,block_blue_02,blue,conforming,none,False,450,24.5,robot reach & touch object at target location,1002,SUCCESS,NONE,1.24,7180,0.8,IK 0.8ms; err=0.8mm
EXP_0003,2026-09-28T14:15:05,52d1114,config_c_full_aria,task_01,Reach & Touch Object,day_3,BLK_01,3,179.8,-13.2,block_blue_03,blue,conforming,none,False,850,24.5,carefully perform reach & touch object,1003,SUCCESS,NONE,1.24,7180,0.6,IK 0.7ms; err=0.6mm
EXP_0004,2026-09-28T14:15:08,52d1114,config_c_full_aria,task_02,Pick & Lift Workpiece,day_1,BLK_01,1,189.5,-65.7,block_red_01,red,conforming,none,True,850,24.1,complete the pick & lift workpiece routine,1004,SUCCESS,NONE,1.23,7180,0.9,IK 0.5ms; err=0.9mm
EXP_0005,2026-09-28T14:15:10,52d1114,config_c_full_aria,task_02,Pick & Lift Workpiece,day_2,BLK_01,2,205.7,-49.7,block_blue_02,blue,conforming,none,False,850,23.7,carefully perform pick & lift workpiece,1005,SUCCESS,NONE,1.25,7180,0.9,IK 0.7ms; err=0.9mm
EXP_0006,2026-09-28T14:15:11,52d1114,config_c_full_aria,task_02,Pick & Lift Workpiece,day_3,BLK_01,3,189.9,-19.8,block_blue_03,blue,conforming,none,False,850,23.8,complete the pick & lift workpiece routine,1006,SUCCESS,NONE,1.26,7180,0.3,IK 0.5ms; err=0.3mm
EXP_0007,2026-09-28T14:15:14,52d1114,config_c_full_aria,task_03,Conveyor Dynamic Rendezvous,day_1,BLK_01,1,203.7,68.1,block_red_01,red,conforming,none,True,150,24.5,robot conveyor dynamic rendezvous at target location,1007,SUCCESS,NONE,1.3,7180,0.3,IK 0.5ms; err=0.3mm
EXP_0008,2026-09-28T14:15:16,52d1114,config_c_full_aria,task_03,Conveyor Dynamic Rendezvous,day_2,BLK_01,2,196.3,81.1,block_blue_02,blue,conforming,none,False,850,24.6,robot conveyor dynamic rendezvous at target location,1008,SUCCESS,NONE,1.38,7180,0.6,IK 0.5ms; err=0.6mm
EXP_0009,2026-09-28T14:15:18,52d1114,config_c_full_aria,task_03,Conveyor Dynamic Rendezvous,day_3,BLK_01,3,217.8,71.1,block_blue_03,blue,conforming,none,False,850,23.8,complete the conveyor dynamic rendezvous routine,1009,SUCCESS,NONE,1.4,7180,0.8,IK 0.4ms; err=0.8mm
EXP_0010,2026-09-28T14:15:21,52d1114,config_c_full_aria,task_04,Precision Placement into Tray,day_1,BLK_01,1,85.8,-213.6,block_red_01,red,conforming,none,True,450,24.1,execute precision placement into tray,1010,SUCCESS,NONE,1.39,7180,0.8,IK 0.5ms; err=0.8mm
EXP_0011,2026-09-28T14:15:23,52d1114,config_c_full_aria,task_04,Precision Placement into Tray,day_2,BLK_01,2,75.2,-185.1,block_blue_02,blue,conforming,none,False,450,23.9,robot precision placement into tray at target location,1011,SUCCESS,NONE,1.2,7180,0.3,IK 0.5ms; err=0.3mm
EXP_0012,2026-09-28T14:15:26,52d1114,config_c_full_aria,task_04,Precision Placement into Tray,day_3,BLK_01,3,79.7,-201.9,block_blue_03,blue,conforming,none,False,150,24.6,robot precision placement into tray at target location,1012,SUCCESS,NONE,1.39,7180,0.6,IK 0.5ms; err=0.6mm
EXP_0013,2026-09-28T14:15:28,52d1114,config_c_full_aria,task_05,Obstacle Avoidance Clearance,day_1,BLK_01,1,142.3,132.5,block_red_01,red,conforming,none,True,450,24.1,execute obstacle avoidance clearance,1013,SUCCESS,NONE,1.39,7180,0.6,IK 0.4ms; err=0.6mm
EXP_0014,2026-09-28T14:15:31,52d1114,config_c_full_aria,task_05,Obstacle Avoidance Clearance,day_2,BLK_01,2,157.1,132.4,block_blue_02,blue,conforming,none,False,450,24.4,carefully perform obstacle avoidance clearance,1014,SUCCESS,NONE,1.4,7180,0.2,IK 0.4ms; err=0.2mm
EXP_0015,2026-09-28T14:15:32,52d1114,config_c_full_aria,task_05,Obstacle Avoidance Clearance,day_3,BLK_01,3,160.3,139.5,block_blue_03,blue,conforming,none,False,150,23.6,complete the obstacle avoidance clearance routine,1015,SUCCESS,NONE,2.8,7180,0.9,IK 0.4ms; err=0.9mm
EXP_0016,2026-09-28T14:15:36,52d1114,config_c_full_aria,task_06,Visual Servoing Feature Alignment,day_1,BLK_01,1,195.6,-15.6,block_red_01,red,conforming,none,True,150,23.8,complete the visual servoing feature alignment routine,1016,SUCCESS,NONE,1.28,7180,0.9,IK 0.4ms; err=0.9mm
EXP_0017,2026-09-28T14:15:38,52d1114,config_c_full_aria,task_06,Visual Servoing Feature Alignment,day_2,BLK_01,2,203.0,-12.9,block_blue_02,blue,conforming,none,False,850,23.9,robot visual servoing feature alignment at target location,1017,SUCCESS,NONE,1.3,7180,0.7,IK 0.5ms; err=0.7mm
EXP_0018,2026-09-28T14:15:39,52d1114,config_c_full_aria,task_06,Visual Servoing Feature Alignment,day_3,BLK_01,3,215.3,-18.3,block_blue_03,blue,conforming,none,False,150,24.1,carefully perform visual servoing feature alignment,1018,SUCCESS,NONE,1.32,7180,0.6,IK 0.5ms; err=0.6mm
EXP_0019,2026-09-28T14:15:42,52d1114,config_c_full_aria,task_07,Multi-Axis In-Hand Reorientation,day_1,BLK_01,1,206.4,37.7,block_red_01,red,conforming,none,True,150,24.2,robot multi-axis in-hand reorientation at target location,1019,SUCCESS,NONE,1.23,7180,0.2,IK 0.4ms; err=0.2mm
EXP_0020,2026-09-28T14:15:44,52d1114,config_c_full_aria,task_07,Multi-Axis In-Hand Reorientation,day_2,BLK_01,2,188.3,64.1,block_blue_02,blue,conforming,none,False,450,23.9,execute multi-axis in-hand reorientation,1020,SUCCESS,NONE,1.18,7180,0.3,IK 0.5ms; err=0.3mm
EXP_0021,2026-09-28T14:15:46,52d1114,config_c_full_aria,task_07,Multi-Axis In-Hand Reorientation,day_3,BLK_01,3,162.6,48.5,block_blue_03,blue,conforming,none,False,150,24.3,execute multi-axis in-hand reorientation,1021,SUCCESS,NONE,1.22,7180,0.4,IK 0.6ms; err=0.4mm
EXP_0022,2026-09-28T14:15:49,52d1114,config_c_full_aria,task_08,Articulated Drawer/Slide Interaction,day_1,BLK_01,1,225.7,-4.2,block_red_01,red,conforming,none,True,150,24.3,complete the articulated drawer/slide interaction routine,1022,SUCCESS,NONE,1.0,7180,0.6,IK 0.4ms; err=0.6mm
EXP_0023,2026-09-28T14:15:51,52d1114,config_c_full_aria,task_08,Articulated Drawer/Slide Interaction,day_2,BLK_01,2,214.9,4.8,block_blue_02,blue,conforming,none,False,850,24.3,execute articulated drawer/slide interaction,1023,SUCCESS,NONE,1.27,7180,0.3,IK 0.4ms; err=0.3mm
EXP_0024,2026-09-28T14:15:53,52d1114,config_c_full_aria,task_08,Articulated Drawer/Slide Interaction,day_3,BLK_01,3,209.9,-2.4,block_blue_03,blue,conforming,none,False,850,24.4,carefully perform articulated drawer/slide interaction,1024,SUCCESS,NONE,1.27,7180,0.5,IK 0.7ms; err=0.5mm
EXP_0025,2026-09-28T14:15:55,52d1114,config_c_full_aria,task_09,Multi-Object Stacking & Sorting,day_1,BLK_01,1,160.1,-160.5,block_red_01,red,conforming,none,True,850,24.1,carefully perform multi-object stacking & sorting,1025,SUCCESS,NONE,1.36,7180,0.5,IK 0.4ms; err=0.5mm
EXP_0026,2026-09-28T14:15:58,52d1114,config_c_full_aria,task_09,Multi-Object Stacking & Sorting,day_2,BLK_01,2,158.0,-163.4,block_blue_02,blue,conforming,none,False,850,24.4,carefully perform multi-object stacking & sorting,1026,SUCCESS,NONE,1.33,7180,0.6,IK 0.6ms; err=0.6mm
EXP_0027,2026-09-28T14:16:00,52d1114,config_c_full_aria,task_09,Multi-Object Stacking & Sorting,day_3,BLK_01,3,144.0,-133.5,block_blue_03,blue,conforming,none,False,450,24.1,robot multi-object stacking & sorting at target location,1027,SUCCESS,NONE,1.21,7180,0.3,IK 0.4ms; err=0.3mm
EXP_0028,2026-09-28T14:16:03,52d1114,config_c_full_aria,task_10,Emergency Stop & Safety Recovery,day_1,BLK_01,1,190.1,36.8,block_red_01,red,conforming,none,True,850,23.7,execute emergency stop & safety recovery,1028,SUCCESS,NONE,1.19,7180,0.4,IK 0.5ms; err=0.4mm
EXP_0029,2026-09-28T14:16:05,52d1114,config_c_full_aria,task_10,Emergency Stop & Safety Recovery,day_2,BLK_01,2,190.5,34.6,block_blue_02,blue,conforming,none,False,450,23.6,robot emergency stop & safety recovery at target location,1029,SUCCESS,NONE,1.22,7180,0.3,IK 0.5ms; err=0.3mm
EXP_0030,2026-09-28T14:16:07,52d1114,config_c_full_aria,task_10,Emergency Stop & Safety Recovery,day_3,BLK_01,3,199.9,29.4,block_blue_03,blue,conforming,none,False,150,23.8,complete the emergency stop & safety recovery routine,1030,SUCCESS,NONE,1.25,7180,0.5,IK 0.5ms; err=0.5mm
