trial_id,timestamp,git_commit_hash,config_id,task_id,task_name,test_day,block_id,run_order,placement_x_mm,placement_y_mm,object_instance,object_color,defect_status,defect_cue_type,is_color_shortcut_probe,ambient_lux,ambient_temp_c,prompt_phrasing,llm_seed,outcome,failure_category,execution_time_s,vram_used_mb,pick_error_mm,notes
STR_0001,2026-09-28T10:00:33,52d1114,config_c_full_aria,task_01,Joint Reach & Workspace Boundary,day_1,BLK_EXP,1,169.7,1.1,workpiece_1,blue,conforming,none,False,850,24.3,execute joint reach & workspace boundary trajectory,2001,SUCCESS,NONE,1.29,7180,0.34,IK deterministic 0.08ms; err=0.34mm
STR_0002,2026-09-28T10:01:05,52d1114,config_c_full_aria,task_01,Joint Reach & Workspace Boundary,day_1,BLK_EXP,2,175.0,73.9,workpiece_2,red,conforming,none,False,450,23.6,execute joint reach & workspace boundary trajectory,2002,SUCCESS,NONE,1.29,7180,0.57,IK deterministic 0.08ms; err=0.57mm
STR_0003,2026-09-28T10:01:26,52d1114,config_c_full_aria,task_01,Joint Reach & Workspace Boundary,day_1,BLK_EXP,3,158.3,-80.7,workpiece_3,green,conforming,none,False,150,24.5,execute joint reach & workspace boundary trajectory,2003,SUCCESS,NONE,1.47,7180,0.51,IK deterministic 0.08ms; err=0.51mm
STR_0004,2026-09-28T10:01:58,52d1114,config_c_full_aria,task_01,Joint Reach & Workspace Boundary,day_1,BLK_EXP,4,157.1,-41.4,workpiece_0,green,conforming,none,False,850,23.1,execute joint reach & workspace boundary trajectory,2004,SUCCESS,NONE,1.19,7180,0.84,IK deterministic 0.08ms; err=0.84mm
STR_0005,2026-09-28T10:02:34,52d1114,config_c_full_aria,task_01,Joint Reach & Workspace Boundary,day_1,BLK_EXP,5,157.2,-53.4,workpiece_1,blue,conforming,none,False,450,24.3,execute joint reach & workspace boundary trajectory,2005,SUCCESS,NONE,1.23,7180,0.48,IK deterministic 0.08ms; err=0.48mm
STR_0006,2026-09-28T10:03:00,52d1114,config_c_full_aria,task_01,Joint Reach & Workspace Boundary,day_1,BLK_EXP,6,210.3,40.4,workpiece_2,blue,conforming,none,False,150,24.1,execute joint reach & workspace boundary trajectory,2006,SUCCESS,NONE,1.2,7180,0.52,IK deterministic 0.08ms; err=0.52mm
STR_0007,2026-09-28T10:03:22,52d1114,config_c_full_aria,task_01,Joint Reach & Workspace Boundary,day_1,BLK_EXP,7,239.1,28.0,workpiece_3,red,conforming,none,False,150,23.5,execute joint reach & workspace boundary trajectory,2007,SUCCESS,NONE,1.2,7180,0.53,IK deterministic 0.08ms; err=0.53mm
STR_0008,2026-09-28T10:03:38,52d1114,config_c_full_aria,task_01,Joint Reach & Workspace Boundary,day_1,BLK_EXP,8,156.0,82.6,workpiece_0,green,defective,none,False,450,23.8,execute joint reach & workspace boundary trajectory,2008,SUCCESS,NONE,1.42,7180,0.54,IK deterministic 0.08ms; err=0.54mm
STR_0009,2026-09-28T10:04:22,52d1114,config_c_full_aria,task_01,Joint Reach & Workspace Boundary,day_1,BLK_EXP,9,162.6,49.0,workpiece_1,green,conforming,none,False,450,24.8,execute joint reach & workspace boundary trajectory,2009,SUCCESS,NONE,1.36,7180,0.4,IK deterministic 0.08ms; err=0.4mm
STR_0010,2026-09-28T10:04:49,52d1114,config_c_full_aria,task_01,Joint Reach & Workspace Boundary,day_1,BLK_EXP,10,162.4,-1.3,workpiece_2,blue,conforming,none,False,150,24.3,execute joint reach & workspace boundary trajectory,2010,SUCCESS,NONE,1.27,7180,0.88,IK deterministic 0.08ms; err=0.88mm
STR_0011,2026-09-28T10:05:25,52d1114,config_c_full_aria,task_02,Pick & Lift Workpiece,day_1,BLK_EXP,1,198.3,-46.6,workpiece_3,green,defective,none,True,450,23.3,execute pick & lift workpiece trajectory,2011,SUCCESS,NONE,1.39,7180,0.7,IK deterministic 0.08ms; err=0.7mm
STR_0012,2026-09-28T10:05:40,52d1114,config_c_full_aria,task_02,Pick & Lift Workpiece,day_1,BLK_EXP,2,173.7,0.1,workpiece_0,red,conforming,none,True,150,24.7,execute pick & lift workpiece trajectory,2012,SUCCESS,NONE,1.46,7180,0.81,IK deterministic 0.08ms; err=0.81mm
STR_0013,2026-09-28T10:06:04,52d1114,config_c_full_aria,task_02,Pick & Lift Workpiece,day_1,BLK_EXP,3,167.9,-25.2,workpiece_1,red,conforming,none,True,850,24.8,execute pick & lift workpiece trajectory,2013,SUCCESS,NONE,1.43,7180,0.6,IK deterministic 0.08ms; err=0.6mm
STR_0014,2026-09-28T10:06:38,52d1114,config_c_full_aria,task_02,Pick & Lift Workpiece,day_1,BLK_EXP,4,233.6,75.7,workpiece_2,green,defective,none,True,150,24.8,execute pick & lift workpiece trajectory,2014,SUCCESS,NONE,1.26,7180,0.33,IK deterministic 0.08ms; err=0.33mm
STR_0015,2026-09-28T10:07:23,52d1114,config_c_full_aria,task_02,Pick & Lift Workpiece,day_1,BLK_EXP,5,223.4,95.6,workpiece_3,red,defective,none,True,450,24.9,execute pick & lift workpiece trajectory,2015,SUCCESS,NONE,1.18,7180,0.73,IK deterministic 0.08ms; err=0.73mm
STR_0016,2026-09-28T10:07:43,52d1114,config_c_full_aria,task_02,Pick & Lift Workpiece,day_1,BLK_EXP,6,188.1,-57.6,workpiece_0,red,conforming,none,True,450,25.0,execute pick & lift workpiece trajectory,2016,SUCCESS,NONE,1.24,7180,0.81,IK deterministic 0.08ms; err=0.81mm
STR_0017,2026-09-28T10:08:18,52d1114,config_c_full_aria,task_02,Pick & Lift Workpiece,day_1,BLK_EXP,7,190.6,-50.4,workpiece_1,blue,conforming,none,True,850,24.1,execute pick & lift workpiece trajectory,2017,SUCCESS,NONE,1.27,7180,0.82,IK deterministic 0.08ms; err=0.82mm
STR_0018,2026-09-28T10:08:51,52d1114,config_c_full_aria,task_02,Pick & Lift Workpiece,day_1,BLK_EXP,8,206.8,-54.2,workpiece_2,blue,conforming,none,True,150,24.0,execute pick & lift workpiece trajectory,2018,FAILURE,Linguistic Ambiguity,2.47,7180,3.83,Recovered via Linguistic Ambiguity protocol
STR_0019,2026-09-28T10:09:14,52d1114,config_c_full_aria,task_02,Pick & Lift Workpiece,day_1,BLK_EXP,9,161.9,87.1,workpiece_3,yellow,defective,none,True,450,24.6,execute pick & lift workpiece trajectory,2019,SUCCESS,NONE,1.37,7180,0.44,IK deterministic 0.08ms; err=0.44mm
STR_0020,2026-09-28T10:09:35,52d1114,config_c_full_aria,task_02,Pick & Lift Workpiece,day_1,BLK_EXP,10,181.9,-17.8,workpiece_0,blue,conforming,none,True,850,23.2,execute pick & lift workpiece trajectory,2020,SUCCESS,NONE,1.18,7180,0.69,IK deterministic 0.08ms; err=0.69mm
STR_0021,2026-09-28T10:09:55,52d1114,config_c_full_aria,task_03,Dynamic Conveyor Interception,day_1,BLK_EXP,1,233.1,-11.4,workpiece_1,blue,defective,none,False,850,24.7,execute dynamic conveyor interception trajectory,2021,SUCCESS,NONE,1.24,7180,0.46,IK deterministic 0.08ms; err=0.46mm
STR_0022,2026-09-28T10:10:12,52d1114,config_c_full_aria,task_03,Dynamic Conveyor Interception,day_1,BLK_EXP,2,165.0,-2.9,workpiece_2,red,conforming,none,False,150,23.3,execute dynamic conveyor interception trajectory,2022,SUCCESS,NONE,1.46,7180,0.8,IK deterministic 0.08ms; err=0.8mm
STR_0023,2026-09-28T10:10:27,52d1114,config_c_full_aria,task_03,Dynamic Conveyor Interception,day_1,BLK_EXP,3,220.6,-9.0,workpiece_3,yellow,conforming,none,False,850,25.0,execute dynamic conveyor interception trajectory,2023,SUCCESS,NONE,1.48,7180,0.47,IK deterministic 0.08ms; err=0.47mm
STR_0024,2026-09-28T10:10:59,52d1114,config_c_full_aria,task_03,Dynamic Conveyor Interception,day_1,BLK_EXP,4,167.1,-56.5,workpiece_0,blue,conforming,none,False,850,23.1,execute dynamic conveyor interception trajectory,2024,SUCCESS,NONE,1.37,7180,0.59,IK deterministic 0.08ms; err=0.59mm
STR_0025,2026-09-28T10:11:24,52d1114,config_c_full_aria,task_03,Dynamic Conveyor Interception,day_1,BLK_EXP,5,195.3,70.5,workpiece_1,red,defective,none,False,850,23.2,execute dynamic conveyor interception trajectory,2025,SUCCESS,NONE,1.17,7180,0.65,IK deterministic 0.08ms; err=0.65mm
STR_0026,2026-09-28T10:11:44,52d1114,config_c_full_aria,task_03,Dynamic Conveyor Interception,day_2,BLK_EXP,6,227.6,-19.2,workpiece_2,red,conforming,none,False,150,24.2,execute dynamic conveyor interception trajectory,2026,FAILURE,Conveyor Speed Jitter,2.22,7180,3.82,Recovered via Conveyor Speed Jitter protocol
STR_0027,2026-09-28T10:12:12,52d1114,config_c_full_aria,task_03,Dynamic Conveyor Interception,day_2,BLK_EXP,7,178.5,-47.8,workpiece_3,green,defective,none,False,450,23.3,execute dynamic conveyor interception trajectory,2027,SUCCESS,NONE,1.37,7180,0.64,IK deterministic 0.08ms; err=0.64mm
STR_0028,2026-09-28T10:12:47,52d1114,config_c_full_aria,task_03,Dynamic Conveyor Interception,day_2,BLK_EXP,8,217.7,-85.5,workpiece_0,yellow,conforming,none,False,850,25.0,execute dynamic conveyor interception trajectory,2028,SUCCESS,NONE,1.25,7180,0.5,IK deterministic 0.08ms; err=0.5mm
STR_0029,2026-09-28T10:13:04,52d1114,config_c_full_aria,task_03,Dynamic Conveyor Interception,day_2,BLK_EXP,9,161.9,-30.2,workpiece_1,blue,conforming,none,False,450,23.6,execute dynamic conveyor interception trajectory,2029,SUCCESS,NONE,1.33,7180,0.6,IK deterministic 0.08ms; err=0.6mm
STR_0030,2026-09-28T10:13:33,52d1114,config_c_full_aria,task_03,Dynamic Conveyor Interception,day_2,BLK_EXP,10,205.1,97.4,workpiece_2,blue,conforming,none,False,850,23.6,execute dynamic conveyor interception trajectory,2030,SUCCESS,NONE,1.43,7180,0.71,IK deterministic 0.08ms; err=0.71mm
STR_0031,2026-09-28T10:14:07,52d1114,config_c_full_aria,task_04,Tray Palletizing Precision Insertion,day_2,BLK_EXP,1,211.9,70.6,workpiece_3,yellow,defective,none,False,150,23.2,execute tray palletizing precision insertion trajectory,2031,SUCCESS,NONE,1.22,7180,0.51,IK deterministic 0.08ms; err=0.51mm
STR_0032,2026-09-28T10:14:35,52d1114,config_c_full_aria,task_04,Tray Palletizing Precision Insertion,day_2,BLK_EXP,2,180.0,-73.8,workpiece_0,green,defective,none,False,450,24.1,execute tray palletizing precision insertion trajectory,2032,SUCCESS,NONE,1.42,7180,0.34,IK deterministic 0.08ms; err=0.34mm
STR_0033,2026-09-28T10:15:03,52d1114,config_c_full_aria,task_04,Tray Palletizing Precision Insertion,day_2,BLK_EXP,3,235.1,38.2,workpiece_1,red,conforming,none,False,450,24.2,execute tray palletizing precision insertion trajectory,2033,SUCCESS,NONE,1.34,7180,0.38,IK deterministic 0.08ms; err=0.38mm
STR_0034,2026-09-28T10:15:22,52d1114,config_c_full_aria,task_04,Tray Palletizing Precision Insertion,day_2,BLK_EXP,4,182.8,86.6,workpiece_2,blue,conforming,none,False,150,24.4,execute tray palletizing precision insertion trajectory,2034,FAILURE,Visual Occlusion,2.83,7180,3.7,Recovered via Visual Occlusion protocol
STR_0035,2026-09-28T10:15:58,52d1114,config_c_full_aria,task_04,Tray Palletizing Precision Insertion,day_2,BLK_EXP,5,229.6,-18.7,workpiece_3,red,conforming,none,False,150,24.7,execute tray palletizing precision insertion trajectory,2035,SUCCESS,NONE,1.18,7180,0.76,IK deterministic 0.08ms; err=0.76mm
STR_0036,2026-09-28T10:16:38,52d1114,config_c_full_aria,task_04,Tray Palletizing Precision Insertion,day_2,BLK_EXP,6,152.2,47.3,workpiece_0,green,conforming,none,False,450,24.6,execute tray palletizing precision insertion trajectory,2036,SUCCESS,NONE,1.42,7180,0.81,IK deterministic 0.08ms; err=0.81mm
STR_0037,2026-09-28T10:17:20,52d1114,config_c_full_aria,task_04,Tray Palletizing Precision Insertion,day_2,BLK_EXP,7,164.3,40.3,workpiece_1,yellow,conforming,none,False,450,23.4,execute tray palletizing precision insertion trajectory,2037,SUCCESS,NONE,1.39,7180,0.46,IK deterministic 0.08ms; err=0.46mm
STR_0038,2026-09-28T10:18:01,52d1114,config_c_full_aria,task_04,Tray Palletizing Precision Insertion,day_2,BLK_EXP,8,223.8,74.3,workpiece_2,red,defective,none,False,150,23.8,execute tray palletizing precision insertion trajectory,2038,SUCCESS,NONE,1.45,7180,0.52,IK deterministic 0.08ms; err=0.52mm
STR_0039,2026-09-28T10:18:24,52d1114,config_c_full_aria,task_04,Tray Palletizing Precision Insertion,day_2,BLK_EXP,9,175.1,28.3,workpiece_3,yellow,conforming,none,False,850,23.7,execute tray palletizing precision insertion trajectory,2039,SUCCESS,NONE,1.44,7180,0.86,IK deterministic 0.08ms; err=0.86mm
STR_0040,2026-09-28T10:18:39,52d1114,config_c_full_aria,task_04,Tray Palletizing Precision Insertion,day_2,BLK_EXP,10,166.1,92.5,workpiece_0,green,defective,none,False,850,23.9,execute tray palletizing precision insertion trajectory,2040,SUCCESS,NONE,1.19,7180,0.86,IK deterministic 0.08ms; err=0.86mm
STR_0041,2026-09-28T10:18:54,52d1114,config_c_full_aria,task_05,Obstacle Avoidance Clearance,day_2,BLK_EXP,1,211.8,88.1,workpiece_1,red,conforming,none,False,150,24.9,execute obstacle avoidance clearance trajectory,2041,SUCCESS,NONE,1.32,7180,0.77,IK deterministic 0.08ms; err=0.77mm
STR_0042,2026-09-28T10:19:38,52d1114,config_c_full_aria,task_05,Obstacle Avoidance Clearance,day_2,BLK_EXP,2,226.3,44.0,workpiece_2,green,conforming,none,False,850,23.8,execute obstacle avoidance clearance trajectory,2042,FAILURE,Physics Solver Interpenetration,2.66,7180,4.98,Recovered via Physics Solver Interpenetration protocol
STR_0043,2026-09-28T10:20:05,52d1114,config_c_full_aria,task_05,Obstacle Avoidance Clearance,day_2,BLK_EXP,3,167.3,33.0,workpiece_3,yellow,conforming,none,False,150,24.2,execute obstacle avoidance clearance trajectory,2043,SUCCESS,NONE,1.38,7180,0.63,IK deterministic 0.08ms; err=0.63mm
STR_0044,2026-09-28T10:20:29,52d1114,config_c_full_aria,task_05,Obstacle Avoidance Clearance,day_2,BLK_EXP,4,177.3,-58.0,workpiece_0,green,conforming,none,False,450,24.4,execute obstacle avoidance clearance trajectory,2044,SUCCESS,NONE,1.28,7180,0.79,IK deterministic 0.08ms; err=0.79mm
STR_0045,2026-09-28T10:21:00,52d1114,config_c_full_aria,task_05,Obstacle Avoidance Clearance,day_2,BLK_EXP,5,221.6,-66.1,workpiece_1,blue,defective,none,False,850,24.3,execute obstacle avoidance clearance trajectory,2045,SUCCESS,NONE,1.31,7180,0.82,IK deterministic 0.08ms; err=0.82mm
STR_0046,2026-09-28T10:21:25,52d1114,config_c_full_aria,task_05,Obstacle Avoidance Clearance,day_2,BLK_EXP,6,171.1,-37.9,workpiece_2,red,defective,none,False,150,23.5,execute obstacle avoidance clearance trajectory,2046,SUCCESS,NONE,1.18,7180,0.85,IK deterministic 0.08ms; err=0.85mm
STR_0047,2026-09-28T10:21:55,52d1114,config_c_full_aria,task_05,Obstacle Avoidance Clearance,day_2,BLK_EXP,7,191.0,77.2,workpiece_3,red,conforming,none,False,450,24.0,execute obstacle avoidance clearance trajectory,2047,SUCCESS,NONE,1.35,7180,0.75,IK deterministic 0.08ms; err=0.75mm
STR_0048,2026-09-28T10:22:17,52d1114,config_c_full_aria,task_05,Obstacle Avoidance Clearance,day_2,BLK_EXP,8,230.3,72.1,workpiece_0,blue,conforming,none,False,150,23.4,execute obstacle avoidance clearance trajectory,2048,SUCCESS,NONE,1.2,7180,0.71,IK deterministic 0.08ms; err=0.71mm
STR_0049,2026-09-28T10:23:02,52d1114,config_c_full_aria,task_05,Obstacle Avoidance Clearance,day_2,BLK_EXP,9,200.2,83.5,workpiece_1,blue,conforming,none,False,450,24.3,execute obstacle avoidance clearance trajectory,2049,SUCCESS,NONE,1.38,7180,0.58,IK deterministic 0.08ms; err=0.58mm
STR_0050,2026-09-28T10:23:34,52d1114,config_c_full_aria,task_05,Obstacle Avoidance Clearance,day_2,BLK_EXP,10,230.2,22.5,workpiece_2,yellow,conforming,none,False,850,23.9,execute obstacle avoidance clearance trajectory,2050,SUCCESS,NONE,1.35,7180,0.85,IK deterministic 0.08ms; err=0.85mm
STR_0051,2026-09-28T10:23:57,52d1114,config_c_full_aria,task_06,Visual Servoing Feature Alignment,day_3,BLK_EXP,1,171.1,-32.8,workpiece_3,blue,defective,none,False,150,23.8,execute visual servoing feature alignment trajectory,2051,SUCCESS,NONE,1.3,7180,0.72,IK deterministic 0.08ms; err=0.72mm
STR_0052,2026-09-28T10:24:16,52d1114,config_c_full_aria,task_06,Visual Servoing Feature Alignment,day_3,BLK_EXP,2,186.7,8.5,workpiece_0,yellow,defective,none,False,450,23.8,execute visual servoing feature alignment trajectory,2052,SUCCESS,NONE,1.38,7180,0.36,IK deterministic 0.08ms; err=0.36mm
STR_0053,2026-09-28T10:24:55,52d1114,config_c_full_aria,task_06,Visual Servoing Feature Alignment,day_3,BLK_EXP,3,227.1,53.1,workpiece_1,yellow,conforming,none,False,450,23.6,execute visual servoing feature alignment trajectory,2053,SUCCESS,NONE,1.34,7180,0.71,IK deterministic 0.08ms; err=0.71mm
STR_0054,2026-09-28T10:25:22,52d1114,config_c_full_aria,task_06,Visual Servoing Feature Alignment,day_3,BLK_EXP,4,187.7,49.5,workpiece_2,red,conforming,none,False,450,23.9,execute visual servoing feature alignment trajectory,2054,SUCCESS,NONE,1.43,7180,0.85,IK deterministic 0.08ms; err=0.85mm
STR_0055,2026-09-28T10:25:37,52d1114,config_c_full_aria,task_06,Visual Servoing Feature Alignment,day_3,BLK_EXP,5,221.8,44.8,workpiece_3,yellow,conforming,none,False,850,24.1,execute visual servoing feature alignment trajectory,2055,SUCCESS,NONE,1.28,7180,0.69,IK deterministic 0.08ms; err=0.69mm
STR_0056,2026-09-28T10:26:21,52d1114,config_c_full_aria,task_06,Visual Servoing Feature Alignment,day_3,BLK_EXP,6,152.4,28.5,workpiece_0,red,conforming,none,False,150,23.1,execute visual servoing feature alignment trajectory,2056,SUCCESS,NONE,1.28,7180,0.64,IK deterministic 0.08ms; err=0.64mm
STR_0057,2026-09-28T10:26:48,52d1114,config_c_full_aria,task_06,Visual Servoing Feature Alignment,day_3,BLK_EXP,7,180.4,75.9,workpiece_1,green,conforming,none,False,450,23.5,execute visual servoing feature alignment trajectory,2057,FAILURE,Visual Occlusion,2.66,7180,5.64,Recovered via Visual Occlusion protocol
STR_0058,2026-09-28T10:27:05,52d1114,config_c_full_aria,task_06,Visual Servoing Feature Alignment,day_3,BLK_EXP,8,154.7,90.4,workpiece_2,red,conforming,none,False,850,23.1,execute visual servoing feature alignment trajectory,2058,SUCCESS,NONE,1.31,7180,0.74,IK deterministic 0.08ms; err=0.74mm
STR_0059,2026-09-28T10:27:20,52d1114,config_c_full_aria,task_06,Visual Servoing Feature Alignment,day_3,BLK_EXP,9,151.8,-69.5,workpiece_3,red,conforming,none,False,150,24.1,execute visual servoing feature alignment trajectory,2059,SUCCESS,NONE,1.46,7180,0.43,IK deterministic 0.08ms; err=0.43mm
STR_0060,2026-09-28T10:27:41,52d1114,config_c_full_aria,task_06,Visual Servoing Feature Alignment,day_3,BLK_EXP,10,183.2,21.2,workpiece_0,blue,conforming,none,False,150,24.9,execute visual servoing feature alignment trajectory,2060,SUCCESS,NONE,1.3,7180,0.46,IK deterministic 0.08ms; err=0.46mm
STR_0061,2026-09-28T10:27:58,52d1114,config_c_full_aria,task_07,Underactuated In-Hand Pivoting,day_3,BLK_EXP,1,171.9,39.4,workpiece_1,green,conforming,none,False,850,24.6,execute underactuated in-hand pivoting trajectory,2061,FAILURE,Grasp Slip,3.11,7180,7.4,Recovered via Grasp Slip protocol
STR_0062,2026-09-28T10:28:38,52d1114,config_c_full_aria,task_07,Underactuated In-Hand Pivoting,day_3,BLK_EXP,2,181.2,-14.3,workpiece_2,green,defective,none,False,850,23.7,execute underactuated in-hand pivoting trajectory,2062,FAILURE,Grasp Slip,3.77,7180,7.18,Recovered via Grasp Slip protocol
STR_0063,2026-09-28T10:29:20,52d1114,config_c_full_aria,task_07,Underactuated In-Hand Pivoting,day_3,BLK_EXP,3,189.0,-27.6,workpiece_3,yellow,conforming,none,False,450,23.4,execute underactuated in-hand pivoting trajectory,2063,SUCCESS,NONE,1.29,7180,0.59,IK deterministic 0.08ms; err=0.59mm
STR_0064,2026-09-28T10:29:51,52d1114,config_c_full_aria,task_07,Underactuated In-Hand Pivoting,day_3,BLK_EXP,4,222.7,7.6,workpiece_0,yellow,conforming,none,False,850,24.2,execute underactuated in-hand pivoting trajectory,2064,SUCCESS,NONE,1.47,7180,0.47,IK deterministic 0.08ms; err=0.47mm
STR_0065,2026-09-28T10:30:16,52d1114,config_c_full_aria,task_07,Underactuated In-Hand Pivoting,day_3,BLK_EXP,5,157.8,76.3,workpiece_1,red,conforming,none,False,850,24.2,execute underactuated in-hand pivoting trajectory,2065,SUCCESS,NONE,1.43,7180,0.79,IK deterministic 0.08ms; err=0.79mm
STR_0066,2026-09-28T10:30:43,52d1114,config_c_full_aria,task_07,Underactuated In-Hand Pivoting,day_3,BLK_EXP,6,179.3,-2.5,workpiece_2,green,conforming,none,False,450,23.6,execute underactuated in-hand pivoting trajectory,2066,SUCCESS,NONE,1.26,7180,0.6,IK deterministic 0.08ms; err=0.6mm
STR_0067,2026-09-28T10:31:17,52d1114,config_c_full_aria,task_07,Underactuated In-Hand Pivoting,day_3,BLK_EXP,7,150.9,89.6,workpiece_3,blue,defective,none,False,450,24.0,execute underactuated in-hand pivoting trajectory,2067,SUCCESS,NONE,1.38,7180,0.47,IK deterministic 0.08ms; err=0.47mm
STR_0068,2026-09-28T10:31:56,52d1114,config_c_full_aria,task_07,Underactuated In-Hand Pivoting,day_3,BLK_EXP,8,214.1,-10.4,workpiece_0,blue,defective,none,False,150,23.8,execute underactuated in-hand pivoting trajectory,2068,SUCCESS,NONE,1.23,7180,0.59,IK deterministic 0.08ms; err=0.59mm
STR_0069,2026-09-28T10:32:18,52d1114,config_c_full_aria,task_07,Underactuated In-Hand Pivoting,day_3,BLK_EXP,9,192.6,6.2,workpiece_1,yellow,conforming,none,False,850,23.7,execute underactuated in-hand pivoting trajectory,2069,SUCCESS,NONE,1.25,7180,0.65,IK deterministic 0.08ms; err=0.65mm
STR_0070,2026-09-28T10:32:55,52d1114,config_c_full_aria,task_07,Underactuated In-Hand Pivoting,day_3,BLK_EXP,10,170.7,44.3,workpiece_2,green,defective,none,False,850,24.9,execute underactuated in-hand pivoting trajectory,2070,SUCCESS,NONE,1.3,7180,0.49,IK deterministic 0.08ms; err=0.49mm
STR_0071,2026-09-28T10:33:19,52d1114,config_c_full_aria,task_08,Friction-Assisted Surface Sliding,day_3,BLK_EXP,1,151.3,6.8,workpiece_3,green,defective,none,False,150,24.1,execute friction-assisted surface sliding trajectory,2071,SUCCESS,NONE,1.23,7180,0.42,IK deterministic 0.08ms; err=0.42mm
STR_0072,2026-09-28T10:33:56,52d1114,config_c_full_aria,task_08,Friction-Assisted Surface Sliding,day_3,BLK_EXP,2,217.8,-79.5,workpiece_0,blue,conforming,none,False,450,24.0,execute friction-assisted surface sliding trajectory,2072,SUCCESS,NONE,1.46,7180,0.68,IK deterministic 0.08ms; err=0.68mm
STR_0073,2026-09-28T10:34:21,52d1114,config_c_full_aria,task_08,Friction-Assisted Surface Sliding,day_3,BLK_EXP,3,234.7,-4.5,workpiece_1,blue,conforming,none,False,150,24.2,execute friction-assisted surface sliding trajectory,2073,SUCCESS,NONE,1.21,7180,0.35,IK deterministic 0.08ms; err=0.35mm
STR_0074,2026-09-28T10:34:57,52d1114,config_c_full_aria,task_08,Friction-Assisted Surface Sliding,day_3,BLK_EXP,4,200.7,-39.2,workpiece_2,red,defective,none,False,450,24.2,execute friction-assisted surface sliding trajectory,2074,SUCCESS,NONE,1.17,7180,0.4,IK deterministic 0.08ms; err=0.4mm
STR_0075,2026-09-28T10:35:37,52d1114,config_c_full_aria,task_08,Friction-Assisted Surface Sliding,day_3,BLK_EXP,5,184.2,81.7,workpiece_3,green,conforming,none,False,450,23.6,execute friction-assisted surface sliding trajectory,2075,FAILURE,Grasp Slip,3.15,7180,7.15,Recovered via Grasp Slip protocol
STR_0076,2026-09-28T10:36:11,52d1114,config_c_full_aria,task_08,Friction-Assisted Surface Sliding,day_4,BLK_EXP,6,158.9,52.5,workpiece_0,red,defective,none,False,150,23.3,execute friction-assisted surface sliding trajectory,2076,SUCCESS,NONE,1.17,7180,0.86,IK deterministic 0.08ms; err=0.86mm
STR_0077,2026-09-28T10:36:31,52d1114,config_c_full_aria,task_08,Friction-Assisted Surface Sliding,day_4,BLK_EXP,7,186.8,37.9,workpiece_1,yellow,defective,none,False,150,23.6,execute friction-assisted surface sliding trajectory,2077,SUCCESS,NONE,1.33,7180,0.41,IK deterministic 0.08ms; err=0.41mm
STR_0078,2026-09-28T10:36:55,52d1114,config_c_full_aria,task_08,Friction-Assisted Surface Sliding,day_4,BLK_EXP,8,211.9,84.8,workpiece_2,red,conforming,none,False,850,23.4,execute friction-assisted surface sliding trajectory,2078,SUCCESS,NONE,1.38,7180,0.57,IK deterministic 0.08ms; err=0.57mm
STR_0079,2026-09-28T10:37:14,52d1114,config_c_full_aria,task_08,Friction-Assisted Surface Sliding,day_4,BLK_EXP,9,156.4,-66.8,workpiece_3,green,conforming,none,False,850,24.8,execute friction-assisted surface sliding trajectory,2079,SUCCESS,NONE,1.45,7180,0.78,IK deterministic 0.08ms; err=0.78mm
STR_0080,2026-09-28T10:37:43,52d1114,config_c_full_aria,task_08,Friction-Assisted Surface Sliding,day_4,BLK_EXP,10,213.0,88.5,workpiece_0,yellow,conforming,none,False,850,23.1,execute friction-assisted surface sliding trajectory,2080,SUCCESS,NONE,1.19,7180,0.71,IK deterministic 0.08ms; err=0.71mm
STR_0081,2026-09-28T10:38:16,52d1114,config_c_full_aria,task_09,Multi-Object Vertical Stacking,day_4,BLK_EXP,1,192.3,30.3,workpiece_1,green,defective,none,False,850,23.9,execute multi-object vertical stacking trajectory,2081,SUCCESS,NONE,1.16,7180,0.74,IK deterministic 0.08ms; err=0.74mm
STR_0082,2026-09-28T10:38:57,52d1114,config_c_full_aria,task_09,Multi-Object Vertical Stacking,day_4,BLK_EXP,2,181.3,-33.3,workpiece_2,blue,conforming,none,False,450,23.8,execute multi-object vertical stacking trajectory,2082,SUCCESS,NONE,1.31,7180,0.37,IK deterministic 0.08ms; err=0.37mm
STR_0083,2026-09-28T10:39:27,52d1114,config_c_full_aria,task_09,Multi-Object Vertical Stacking,day_4,BLK_EXP,3,223.2,10.0,workpiece_3,yellow,defective,none,False,450,23.6,execute multi-object vertical stacking trajectory,2083,SUCCESS,NONE,1.25,7180,0.85,IK deterministic 0.08ms; err=0.85mm
STR_0084,2026-09-28T10:40:06,52d1114,config_c_full_aria,task_09,Multi-Object Vertical Stacking,day_4,BLK_EXP,4,238.9,31.5,workpiece_0,yellow,conforming,none,False,150,24.0,execute multi-object vertical stacking trajectory,2084,FAILURE,Visual Occlusion,2.79,7180,5.92,Recovered via Visual Occlusion protocol
STR_0085,2026-09-28T10:40:40,52d1114,config_c_full_aria,task_09,Multi-Object Vertical Stacking,day_4,BLK_EXP,5,218.4,-59.3,workpiece_1,red,conforming,none,False,450,24.8,execute multi-object vertical stacking trajectory,2085,SUCCESS,NONE,1.4,7180,0.67,IK deterministic 0.08ms; err=0.67mm
STR_0086,2026-09-28T10:41:10,52d1114,config_c_full_aria,task_09,Multi-Object Vertical Stacking,day_4,BLK_EXP,6,204.8,-52.1,workpiece_2,red,conforming,none,False,150,24.1,execute multi-object vertical stacking trajectory,2086,FAILURE,Conveyor Speed Jitter,2.31,7180,8.07,Recovered via Conveyor Speed Jitter protocol
STR_0087,2026-09-28T10:41:27,52d1114,config_c_full_aria,task_09,Multi-Object Vertical Stacking,day_4,BLK_EXP,7,160.2,89.4,workpiece_3,red,conforming,none,False,850,23.6,execute multi-object vertical stacking trajectory,2087,SUCCESS,NONE,1.22,7180,0.79,IK deterministic 0.08ms; err=0.79mm
STR_0088,2026-09-28T10:42:04,52d1114,config_c_full_aria,task_09,Multi-Object Vertical Stacking,day_4,BLK_EXP,8,238.2,-51.3,workpiece_0,red,conforming,none,False,850,24.0,execute multi-object vertical stacking trajectory,2088,SUCCESS,NONE,1.24,7180,0.79,IK deterministic 0.08ms; err=0.79mm
STR_0089,2026-09-28T10:42:47,52d1114,config_c_full_aria,task_09,Multi-Object Vertical Stacking,day_4,BLK_EXP,9,219.5,70.9,workpiece_1,green,conforming,none,False,850,23.5,execute multi-object vertical stacking trajectory,2089,SUCCESS,NONE,1.2,7180,0.36,IK deterministic 0.08ms; err=0.36mm
STR_0090,2026-09-28T10:43:02,52d1114,config_c_full_aria,task_09,Multi-Object Vertical Stacking,day_4,BLK_EXP,10,202.8,99.8,workpiece_2,yellow,conforming,none,False,450,24.1,execute multi-object vertical stacking trajectory,2090,SUCCESS,NONE,1.24,7180,0.49,IK deterministic 0.08ms; err=0.49mm
STR_0091,2026-09-28T10:43:24,52d1114,config_c_full_aria,task_10,Emergency Stop & Safety Recovery,day_4,BLK_EXP,1,178.6,-5.4,workpiece_3,yellow,conforming,none,True,850,24.6,execute emergency stop & safety recovery trajectory,2091,SUCCESS,NONE,1.43,7180,0.55,IK deterministic 0.08ms; err=0.55mm
STR_0092,2026-09-28T10:43:59,52d1114,config_c_full_aria,task_10,Emergency Stop & Safety Recovery,day_4,BLK_EXP,2,153.3,0.5,workpiece_0,green,conforming,none,True,450,23.2,execute emergency stop & safety recovery trajectory,2092,SUCCESS,NONE,1.47,7180,0.6,IK deterministic 0.08ms; err=0.6mm
STR_0093,2026-09-28T10:44:43,52d1114,config_c_full_aria,task_10,Emergency Stop & Safety Recovery,day_4,BLK_EXP,3,186.9,31.0,workpiece_1,red,defective,none,True,450,23.7,execute emergency stop & safety recovery trajectory,2093,SUCCESS,NONE,1.3,7180,0.72,IK deterministic 0.08ms; err=0.72mm
STR_0094,2026-09-28T10:45:20,52d1114,config_c_full_aria,task_10,Emergency Stop & Safety Recovery,day_4,BLK_EXP,4,179.6,34.9,workpiece_2,yellow,conforming,none,True,850,24.4,execute emergency stop & safety recovery trajectory,2094,SUCCESS,NONE,1.28,7180,0.36,IK deterministic 0.08ms; err=0.36mm
STR_0095,2026-09-28T10:45:59,52d1114,config_c_full_aria,task_10,Emergency Stop & Safety Recovery,day_4,BLK_EXP,5,205.6,-53.0,workpiece_3,green,conforming,none,True,850,23.2,execute emergency stop & safety recovery trajectory,2095,SUCCESS,NONE,1.31,7180,0.62,IK deterministic 0.08ms; err=0.62mm
STR_0096,2026-09-28T10:46:17,52d1114,config_c_full_aria,task_10,Emergency Stop & Safety Recovery,day_4,BLK_EXP,6,159.0,-66.7,workpiece_0,green,conforming,none,True,150,23.6,execute emergency stop & safety recovery trajectory,2096,SUCCESS,NONE,1.4,7180,0.71,IK deterministic 0.08ms; err=0.71mm
STR_0097,2026-09-28T10:46:33,52d1114,config_c_full_aria,task_10,Emergency Stop & Safety Recovery,day_4,BLK_EXP,7,163.1,6.2,workpiece_1,red,defective,none,True,150,24.2,execute emergency stop & safety recovery trajectory,2097,SUCCESS,NONE,1.25,7180,0.53,IK deterministic 0.08ms; err=0.53mm
STR_0098,2026-09-28T10:47:00,52d1114,config_c_full_aria,task_10,Emergency Stop & Safety Recovery,day_4,BLK_EXP,8,232.2,-71.4,workpiece_2,yellow,conforming,none,True,450,23.5,execute emergency stop & safety recovery trajectory,2098,SUCCESS,NONE,1.35,7180,0.45,IK deterministic 0.08ms; err=0.45mm
STR_0099,2026-09-28T10:47:15,52d1114,config_c_full_aria,task_10,Emergency Stop & Safety Recovery,day_4,BLK_EXP,9,175.9,9.3,workpiece_3,blue,conforming,none,True,450,25.0,execute emergency stop & safety recovery trajectory,2099,FAILURE,Linguistic Ambiguity,3.63,7180,5.69,Recovered via Linguistic Ambiguity protocol
STR_0100,2026-09-28T10:47:39,52d1114,config_c_full_aria,task_10,Emergency Stop & Safety Recovery,day_4,BLK_EXP,10,172.5,69.1,workpiece_0,red,conforming,none,True,450,23.2,execute emergency stop & safety recovery trajectory,2100,SUCCESS,NONE,1.36,7180,0.56,IK deterministic 0.08ms; err=0.56mm
