trial_id,seed,commit_hash,timestamp,condition_desc,color,ground_truth,is_cross_condition,detector_confidence,detector_prediction,detection_correct,commanded_destination,correct_destination,physical_final_x,physical_final_y,physical_final_z,interception_success,end_to_end_sort_success,cycle_time_s
EXP_COL_001,42001,8d83b97,2026-10-03T23:20:23.107421,Blue Conforming (Prior),blue,conforming,False,0.990,conforming,TRUE,TRAY,TRAY,0.062,-0.199,0.637,TRUE,SUCCESS,13.30
EXP_COL_002,42002,8d83b97,2026-10-03T23:20:36.412034,Blue Conforming (Prior),blue,conforming,False,0.990,conforming,TRUE,TRAY,TRAY,0.064,-0.195,0.637,TRUE,SUCCESS,9.23
EXP_COL_003,42003,8d83b97,2026-10-03T23:20:45.637356,Blue Conforming (Prior),blue,conforming,False,0.990,conforming,TRUE,TRAY,TRAY,0.062,-0.195,0.637,TRUE,SUCCESS,8.97
EXP_COL_004,42004,8d83b97,2026-10-03T23:20:54.606361,Blue Conforming (Prior),blue,conforming,False,0.990,conforming,TRUE,TRAY,TRAY,0.066,-0.201,0.638,TRUE,SUCCESS,9.23
EXP_COL_005,42005,8d83b97,2026-10-03T23:21:03.833237,Blue Conforming (Prior),blue,conforming,False,0.990,conforming,TRUE,TRAY,TRAY,0.064,-0.200,0.637,TRUE,SUCCESS,9.17
EXP_COL_006,42006,8d83b97,2026-10-03T23:21:13.002100,Blue Conforming (Prior),blue,conforming,False,0.990,conforming,TRUE,TRAY,TRAY,0.069,-0.195,0.637,TRUE,SUCCESS,9.23
EXP_COL_007,42007,8d83b97,2026-10-03T23:21:22.229353,Blue Conforming (Prior),blue,conforming,False,0.990,conforming,TRUE,TRAY,TRAY,0.062,-0.201,0.637,TRUE,SUCCESS,9.16
EXP_COL_008,42008,8d83b97,2026-10-03T23:21:31.385954,Blue Conforming (Prior),blue,conforming,False,0.990,conforming,TRUE,TRAY,TRAY,0.064,-0.201,0.637,TRUE,SUCCESS,9.15
EXP_COL_009,42009,8d83b97,2026-10-03T23:21:40.535625,Blue Conforming (Prior),blue,conforming,False,0.990,conforming,TRUE,TRAY,TRAY,0.064,-0.198,0.637,TRUE,SUCCESS,9.02
EXP_COL_010,42010,8d83b97,2026-10-03T23:21:49.558071,Blue Conforming (Prior),blue,conforming,False,0.990,conforming,TRUE,TRAY,TRAY,0.063,-0.195,0.637,TRUE,SUCCESS,9.02
EXP_COL_011,42011,8d83b97,2026-10-03T23:21:58.578181,Blue Conforming (Prior),blue,conforming,False,0.990,conforming,TRUE,TRAY,TRAY,0.062,-0.203,0.637,TRUE,SUCCESS,9.02
EXP_COL_012,42012,8d83b97,2026-10-03T23:22:07.600427,Blue Conforming (Prior),blue,conforming,False,0.990,conforming,TRUE,TRAY,TRAY,0.063,-0.198,0.637,TRUE,SUCCESS,9.42
EXP_COL_013,42013,8d83b97,2026-10-03T23:22:17.022876,Blue Conforming (Prior),blue,conforming,False,0.990,conforming,TRUE,TRAY,TRAY,0.062,-0.201,0.637,TRUE,SUCCESS,9.23
EXP_COL_014,42014,8d83b97,2026-10-03T23:22:26.248472,Blue Conforming (Prior),blue,conforming,False,0.990,conforming,TRUE,TRAY,TRAY,0.062,-0.199,0.637,TRUE,SUCCESS,9.33
EXP_COL_015,42015,8d83b97,2026-10-03T23:22:35.575751,Blue Conforming (Prior),blue,conforming,False,0.990,conforming,TRUE,TRAY,TRAY,0.066,-0.203,0.637,TRUE,SUCCESS,9.17
EXP_COL_016,42016,8d83b97,2026-10-03T23:22:44.748482,Blue Conforming (Prior),blue,conforming,False,0.990,conforming,TRUE,TRAY,TRAY,0.063,-0.197,0.637,TRUE,SUCCESS,9.03
EXP_COL_017,42017,8d83b97,2026-10-03T23:22:53.773914,Blue Conforming (Prior),blue,conforming,False,0.990,conforming,TRUE,TRAY,TRAY,0.062,-0.197,0.637,TRUE,SUCCESS,9.22
EXP_COL_018,42018,8d83b97,2026-10-03T23:23:02.994327,Blue Conforming (Prior),blue,conforming,False,0.990,conforming,TRUE,TRAY,TRAY,0.060,-0.195,0.637,TRUE,SUCCESS,9.03
EXP_COL_019,42019,8d83b97,2026-10-03T23:23:12.020964,Blue Conforming (Prior),blue,conforming,False,0.990,conforming,TRUE,TRAY,TRAY,0.067,-0.195,0.637,TRUE,SUCCESS,9.08
EXP_COL_020,42020,8d83b97,2026-10-03T23:23:21.101611,Blue Conforming (Prior),blue,conforming,False,0.990,conforming,TRUE,TRAY,TRAY,0.064,-0.201,0.637,TRUE,SUCCESS,9.22
EXP_COL_021,42021,8d83b97,2026-10-03T23:23:30.320841,Blue Defective (Cross),blue,defective,True,0.990,defective,TRUE,SCRAP_BIN,SCRAP_BIN,0.198,-0.164,0.633,TRUE,SUCCESS,8.53
EXP_COL_022,42022,8d83b97,2026-10-03T23:23:38.851376,Blue Defective (Cross),blue,defective,True,0.990,defective,TRUE,SCRAP_BIN,SCRAP_BIN,0.000,0.000,0.000,TRUE,FAIL,10.05
EXP_COL_023,42023,8d83b97,2026-10-03T23:23:48.903228,Blue Defective (Cross),blue,defective,True,0.880,conforming,FALSE,TRAY,SCRAP_BIN,0.200,0.075,0.643,FALSE,FAIL,15.53
EXP_COL_024,42024,8d83b97,2026-10-03T23:24:04.432478,Blue Defective (Cross),blue,defective,True,0.990,defective,TRUE,SCRAP_BIN,SCRAP_BIN,0.000,0.000,0.000,TRUE,FAIL,10.06
EXP_COL_025,42025,8d83b97,2026-10-03T23:24:14.496246,Blue Defective (Cross),blue,defective,True,0.990,defective,TRUE,SCRAP_BIN,SCRAP_BIN,0.000,0.000,0.000,TRUE,FAIL,10.21
EXP_COL_026,42026,8d83b97,2026-10-03T23:24:24.703683,Blue Defective (Cross),blue,defective,True,0.990,defective,TRUE,SCRAP_BIN,SCRAP_BIN,0.000,0.000,0.000,TRUE,FAIL,10.10
EXP_COL_027,42027,8d83b97,2026-10-03T23:24:34.798754,Blue Defective (Cross),blue,defective,True,0.990,defective,TRUE,SCRAP_BIN,SCRAP_BIN,0.000,0.000,0.000,TRUE,FAIL,10.19
EXP_COL_028,42028,8d83b97,2026-10-03T23:24:44.993358,Blue Defective (Cross),blue,defective,True,0.880,conforming,FALSE,TRAY,SCRAP_BIN,0.000,0.000,0.000,FALSE,FAIL,19.68
EXP_COL_029,42029,8d83b97,2026-10-03T23:25:04.676765,Blue Defective (Cross),blue,defective,True,0.990,defective,TRUE,SCRAP_BIN,SCRAP_BIN,0.000,0.000,0.000,FALSE,FAIL,15.66
EXP_COL_030,42030,8d83b97,2026-10-03T23:25:20.338151,Blue Defective (Cross),blue,defective,True,0.990,defective,TRUE,SCRAP_BIN,SCRAP_BIN,0.000,0.000,0.000,FALSE,FAIL,15.41
EXP_COL_031,42031,8d83b97,2026-10-03T23:25:35.743907,Blue Defective (Cross),blue,defective,True,0.990,defective,TRUE,SCRAP_BIN,SCRAP_BIN,0.000,0.000,0.000,FALSE,FAIL,18.48
EXP_COL_032,42032,8d83b97,2026-10-03T23:25:54.226472,Blue Defective (Cross),blue,defective,True,0.990,defective,TRUE,SCRAP_BIN,SCRAP_BIN,0.000,0.000,0.000,FALSE,FAIL,15.36
EXP_COL_033,42033,8d83b97,2026-10-03T23:26:09.586883,Blue Defective (Cross),blue,defective,True,0.990,defective,TRUE,SCRAP_BIN,SCRAP_BIN,0.000,0.000,0.000,FALSE,FAIL,15.36
EXP_COL_034,42034,8d83b97,2026-10-03T23:26:24.948764,Blue Defective (Cross),blue,defective,True,0.990,defective,TRUE,SCRAP_BIN,SCRAP_BIN,0.000,0.000,0.000,FALSE,FAIL,15.26
EXP_COL_035,42035,8d83b97,2026-10-03T23:26:40.210360,Blue Defective (Cross),blue,defective,True,0.990,defective,TRUE,SCRAP_BIN,SCRAP_BIN,0.000,0.000,0.000,FALSE,FAIL,15.36
EXP_COL_036,42036,8d83b97,2026-10-03T23:26:55.570082,Blue Defective (Cross),blue,defective,True,0.990,defective,TRUE,SCRAP_BIN,SCRAP_BIN,0.000,0.000,0.000,FALSE,FAIL,14.20
EXP_COL_037,42037,8d83b97,2026-10-03T23:27:09.774648,Blue Defective (Cross),blue,defective,True,0.990,defective,TRUE,SCRAP_BIN,SCRAP_BIN,0.000,0.000,0.000,FALSE,FAIL,13.54
EXP_COL_038,42038,8d83b97,2026-10-03T23:27:23.316018,Blue Defective (Cross),blue,defective,True,0.990,defective,TRUE,SCRAP_BIN,SCRAP_BIN,0.000,0.000,0.000,FALSE,FAIL,12.19
EXP_COL_039,42039,8d83b97,2026-10-03T23:27:35.504542,Blue Defective (Cross),blue,defective,True,0.990,defective,TRUE,SCRAP_BIN,SCRAP_BIN,0.000,0.000,0.000,FALSE,FAIL,15.46
EXP_COL_040,42040,8d83b97,2026-10-03T23:27:50.965724,Blue Defective (Cross),blue,defective,True,0.990,defective,TRUE,SCRAP_BIN,SCRAP_BIN,0.000,0.000,0.000,FALSE,FAIL,12.18
EXP_COL_041,42041,8d83b97,2026-10-03T23:28:03.150297,Red Conforming (Cross),red,conforming,True,0.990,conforming,TRUE,TRAY,TRAY,0.000,0.000,0.000,FALSE,FAIL,12.39
EXP_COL_042,42042,8d83b97,2026-10-03T23:28:15.537533,Red Conforming (Cross),red,conforming,True,0.990,conforming,TRUE,TRAY,TRAY,0.000,0.000,0.000,FALSE,FAIL,12.19
EXP_COL_043,42043,8d83b97,2026-10-03T23:28:27.727377,Red Conforming (Cross),red,conforming,True,0.990,conforming,TRUE,TRAY,TRAY,0.000,0.000,0.000,FALSE,FAIL,15.36
EXP_COL_044,42044,8d83b97,2026-10-03T23:28:43.088175,Red Conforming (Cross),red,conforming,True,0.990,conforming,TRUE,TRAY,TRAY,0.000,0.000,0.000,FALSE,FAIL,12.24
EXP_COL_045,42045,8d83b97,2026-10-03T23:28:55.325364,Red Conforming (Cross),red,conforming,True,0.990,conforming,TRUE,TRAY,TRAY,0.000,0.000,0.000,FALSE,FAIL,12.29
EXP_COL_046,42046,8d83b97,2026-10-03T23:29:07.612166,Red Conforming (Cross),red,conforming,True,0.990,conforming,TRUE,TRAY,TRAY,0.000,0.000,0.000,FALSE,FAIL,12.34
EXP_COL_047,42047,8d83b97,2026-10-03T23:29:19.951272,Red Conforming (Cross),red,conforming,True,0.990,conforming,TRUE,TRAY,TRAY,0.000,0.000,0.000,FALSE,FAIL,12.39
EXP_COL_048,42048,8d83b97,2026-10-03T23:29:32.340031,Red Conforming (Cross),red,conforming,True,0.990,conforming,TRUE,TRAY,TRAY,0.000,0.000,0.000,FALSE,FAIL,12.14
EXP_COL_049,42049,8d83b97,2026-10-03T23:29:44.476934,Red Conforming (Cross),red,conforming,True,0.990,conforming,TRUE,TRAY,TRAY,0.000,0.000,0.000,FALSE,FAIL,12.29
EXP_COL_050,42050,8d83b97,2026-10-03T23:29:56.766136,Red Conforming (Cross),red,conforming,True,0.990,conforming,TRUE,TRAY,TRAY,0.000,0.000,0.000,FALSE,FAIL,12.34
EXP_COL_051,42051,8d83b97,2026-10-03T23:30:09.101246,Red Conforming (Cross),red,conforming,True,0.990,conforming,TRUE,TRAY,TRAY,0.000,0.000,0.000,FALSE,FAIL,12.29
EXP_COL_052,42052,8d83b97,2026-10-03T23:30:21.391363,Red Conforming (Cross),red,conforming,True,0.990,conforming,TRUE,TRAY,TRAY,0.000,0.000,0.000,FALSE,FAIL,15.41
EXP_COL_053,42053,8d83b97,2026-10-03T23:30:36.801391,Red Conforming (Cross),red,conforming,True,0.990,conforming,TRUE,TRAY,TRAY,0.000,0.000,0.000,FALSE,FAIL,12.18
EXP_COL_054,42054,8d83b97,2026-10-03T23:30:48.984696,Red Conforming (Cross),red,conforming,True,0.990,conforming,TRUE,TRAY,TRAY,0.000,0.000,0.000,FALSE,FAIL,12.39
EXP_COL_055,42055,8d83b97,2026-10-03T23:31:01.375512,Red Conforming (Cross),red,conforming,True,0.990,conforming,TRUE,TRAY,TRAY,0.000,0.000,0.000,FALSE,FAIL,12.29
EXP_COL_056,42056,8d83b97,2026-10-03T23:31:13.663470,Red Conforming (Cross),red,conforming,True,0.990,conforming,TRUE,TRAY,TRAY,0.000,0.000,0.000,FALSE,FAIL,12.24
EXP_COL_057,42057,8d83b97,2026-10-03T23:31:25.903495,Red Conforming (Cross),red,conforming,True,0.990,conforming,TRUE,TRAY,TRAY,0.000,0.000,0.000,FALSE,FAIL,12.34
EXP_COL_058,42058,8d83b97,2026-10-03T23:31:38.240754,Red Conforming (Cross),red,conforming,True,0.990,conforming,TRUE,TRAY,TRAY,0.000,0.000,0.000,FALSE,FAIL,12.34
EXP_COL_059,42059,8d83b97,2026-10-03T23:31:50.576706,Red Conforming (Cross),red,conforming,True,0.990,conforming,TRUE,TRAY,TRAY,0.000,0.000,0.000,FALSE,FAIL,12.19
EXP_COL_060,42060,8d83b97,2026-10-03T23:32:02.767469,Red Conforming (Cross),red,conforming,True,0.990,conforming,TRUE,TRAY,TRAY,0.000,0.000,0.000,FALSE,FAIL,12.29
EXP_COL_061,42061,8d83b97,2026-10-03T23:32:15.053879,Red Defective (Prior),red,defective,False,0.990,defective,TRUE,SCRAP_BIN,SCRAP_BIN,0.000,0.000,0.000,FALSE,FAIL,12.29
EXP_COL_062,42062,8d83b97,2026-10-03T23:32:27.344174,Red Defective (Prior),red,defective,False,0.990,defective,TRUE,SCRAP_BIN,SCRAP_BIN,0.000,0.000,0.000,FALSE,FAIL,12.29
EXP_COL_063,42063,8d83b97,2026-10-03T23:32:39.632249,Red Defective (Prior),red,defective,False,0.990,defective,TRUE,SCRAP_BIN,SCRAP_BIN,0.000,0.000,0.000,FALSE,FAIL,12.29
EXP_COL_064,42064,8d83b97,2026-10-03T23:32:51.920899,Red Defective (Prior),red,defective,False,0.990,defective,TRUE,SCRAP_BIN,SCRAP_BIN,0.000,0.000,0.000,FALSE,FAIL,12.23
EXP_COL_065,42065,8d83b97,2026-10-03T23:33:04.154790,Red Defective (Prior),red,defective,False,0.990,defective,TRUE,SCRAP_BIN,SCRAP_BIN,0.000,0.000,0.000,FALSE,FAIL,12.29
EXP_COL_066,42066,8d83b97,2026-10-03T23:33:16.446008,Red Defective (Prior),red,defective,False,0.990,defective,TRUE,SCRAP_BIN,SCRAP_BIN,0.000,0.000,0.000,FALSE,FAIL,12.44
EXP_COL_067,42067,8d83b97,2026-10-03T23:33:28.886556,Red Defective (Prior),red,defective,False,0.990,defective,TRUE,SCRAP_BIN,SCRAP_BIN,0.000,0.000,0.000,FALSE,FAIL,12.13
EXP_COL_068,42068,8d83b97,2026-10-03T23:33:41.019153,Red Defective (Prior),red,defective,False,0.990,defective,TRUE,SCRAP_BIN,SCRAP_BIN,0.000,0.000,0.000,FALSE,FAIL,12.29
EXP_COL_069,42069,8d83b97,2026-10-03T23:33:53.307323,Red Defective (Prior),red,defective,False,0.990,defective,TRUE,SCRAP_BIN,SCRAP_BIN,0.000,0.000,0.000,FALSE,FAIL,12.44
EXP_COL_070,42070,8d83b97,2026-10-03T23:34:05.747279,Red Defective (Prior),red,defective,False,0.990,defective,TRUE,SCRAP_BIN,SCRAP_BIN,0.000,0.000,0.000,FALSE,FAIL,12.19
EXP_COL_071,42071,8d83b97,2026-10-03T23:34:17.936081,Red Defective (Prior),red,defective,False,0.990,defective,TRUE,SCRAP_BIN,SCRAP_BIN,0.000,0.000,0.000,FALSE,FAIL,12.34
EXP_COL_072,42072,8d83b97,2026-10-03T23:34:30.271883,Red Defective (Prior),red,defective,False,0.990,defective,TRUE,SCRAP_BIN,SCRAP_BIN,0.000,0.000,0.000,FALSE,FAIL,12.29
EXP_COL_073,42073,8d83b97,2026-10-03T23:34:42.559205,Red Defective (Prior),red,defective,False,0.990,defective,TRUE,SCRAP_BIN,SCRAP_BIN,0.000,0.000,0.000,FALSE,FAIL,12.19
EXP_COL_074,42074,8d83b97,2026-10-03T23:34:54.747827,Red Defective (Prior),red,defective,False,0.990,defective,TRUE,SCRAP_BIN,SCRAP_BIN,0.000,0.000,0.000,FALSE,FAIL,12.39
EXP_COL_075,42075,8d83b97,2026-10-03T23:35:07.138049,Red Defective (Prior),red,defective,False,0.990,defective,TRUE,SCRAP_BIN,SCRAP_BIN,0.000,0.000,0.000,FALSE,FAIL,12.19
EXP_COL_076,42076,8d83b97,2026-10-03T23:35:19.327391,Red Defective (Prior),red,defective,False,0.990,defective,TRUE,SCRAP_BIN,SCRAP_BIN,0.000,0.000,0.000,FALSE,FAIL,12.28
EXP_COL_077,42077,8d83b97,2026-10-03T23:35:31.611035,Red Defective (Prior),red,defective,False,0.990,defective,TRUE,SCRAP_BIN,SCRAP_BIN,0.000,0.000,0.000,FALSE,FAIL,12.44
EXP_COL_078,42078,8d83b97,2026-10-03T23:35:44.054323,Red Defective (Prior),red,defective,False,0.990,defective,TRUE,SCRAP_BIN,SCRAP_BIN,0.000,0.000,0.000,FALSE,FAIL,12.13
EXP_COL_079,42079,8d83b97,2026-10-03T23:35:56.188336,Red Defective (Prior),red,defective,False,0.990,defective,TRUE,SCRAP_BIN,SCRAP_BIN,0.000,0.000,0.000,FALSE,FAIL,12.34
EXP_COL_080,42080,8d83b97,2026-10-03T23:36:08.528427,Red Defective (Prior),red,defective,False,0.990,defective,TRUE,SCRAP_BIN,SCRAP_BIN,0.000,0.000,0.000,FALSE,FAIL,12.39
EXP_COL_081,42081,8d83b97,2026-10-03T23:36:20.914037,Grey Conforming (Neutral),grey,conforming,False,0.990,conforming,TRUE,TRAY,TRAY,0.000,0.000,0.000,FALSE,FAIL,12.19
EXP_COL_082,42082,8d83b97,2026-10-03T23:36:33.104212,Grey Conforming (Neutral),grey,conforming,False,0.990,conforming,TRUE,TRAY,TRAY,0.000,0.000,0.000,FALSE,FAIL,12.29
EXP_COL_083,42083,8d83b97,2026-10-03T23:36:45.392406,Grey Conforming (Neutral),grey,conforming,False,0.990,conforming,TRUE,TRAY,TRAY,0.000,0.000,0.000,FALSE,FAIL,12.33
EXP_COL_084,42084,8d83b97,2026-10-03T23:36:57.725915,Grey Conforming (Neutral),grey,conforming,False,0.990,conforming,TRUE,TRAY,TRAY,0.000,0.000,0.000,FALSE,FAIL,12.24
EXP_COL_085,42085,8d83b97,2026-10-03T23:37:09.967378,Grey Conforming (Neutral),grey,conforming,False,0.990,conforming,TRUE,TRAY,TRAY,0.000,0.000,0.000,FALSE,FAIL,12.29
EXP_COL_086,42086,8d83b97,2026-10-03T23:37:22.255524,Grey Conforming (Neutral),grey,conforming,False,0.990,conforming,TRUE,TRAY,TRAY,0.000,0.000,0.000,FALSE,FAIL,15.36
EXP_COL_087,42087,8d83b97,2026-10-03T23:37:37.614647,Grey Conforming (Neutral),grey,conforming,False,0.990,conforming,TRUE,TRAY,TRAY,0.000,0.000,0.000,FALSE,FAIL,12.29
EXP_COL_088,42088,8d83b97,2026-10-03T23:37:49.900888,Grey Conforming (Neutral),grey,conforming,False,0.990,conforming,TRUE,TRAY,TRAY,0.000,0.000,0.000,FALSE,FAIL,12.29
EXP_COL_089,42089,8d83b97,2026-10-03T23:38:02.188083,Grey Conforming (Neutral),grey,conforming,False,0.990,conforming,TRUE,TRAY,TRAY,0.000,0.000,0.000,FALSE,FAIL,12.29
EXP_COL_090,42090,8d83b97,2026-10-03T23:38:14.479816,Grey Conforming (Neutral),grey,conforming,False,0.990,conforming,TRUE,TRAY,TRAY,0.000,0.000,0.000,FALSE,FAIL,12.39
EXP_COL_091,42091,8d83b97,2026-10-03T23:38:26.868132,Grey Conforming (Neutral),grey,conforming,False,0.990,conforming,TRUE,TRAY,TRAY,0.000,0.000,0.000,FALSE,FAIL,12.19
EXP_COL_092,42092,8d83b97,2026-10-03T23:38:39.056605,Grey Conforming (Neutral),grey,conforming,False,0.990,conforming,TRUE,TRAY,TRAY,0.000,0.000,0.000,FALSE,FAIL,12.29
EXP_COL_093,42093,8d83b97,2026-10-03T23:38:51.344204,Grey Conforming (Neutral),grey,conforming,False,0.990,conforming,TRUE,TRAY,TRAY,0.000,0.000,0.000,FALSE,FAIL,12.29
EXP_COL_094,42094,8d83b97,2026-10-03T23:39:03.632198,Grey Conforming (Neutral),grey,conforming,False,0.990,conforming,TRUE,TRAY,TRAY,0.000,0.000,0.000,FALSE,FAIL,12.29
EXP_COL_095,42095,8d83b97,2026-10-03T23:39:15.922269,Grey Conforming (Neutral),grey,conforming,False,0.990,conforming,TRUE,TRAY,TRAY,0.000,0.000,0.000,FALSE,FAIL,12.29
EXP_COL_096,42096,8d83b97,2026-10-03T23:39:28.208295,Grey Conforming (Neutral),grey,conforming,False,0.990,conforming,TRUE,TRAY,TRAY,0.000,0.000,0.000,FALSE,FAIL,15.36
EXP_COL_097,42097,8d83b97,2026-10-03T23:39:43.568212,Grey Conforming (Neutral),grey,conforming,False,0.990,conforming,TRUE,TRAY,TRAY,0.000,0.000,0.000,FALSE,FAIL,12.29
EXP_COL_098,42098,8d83b97,2026-10-03T23:39:55.853825,Grey Conforming (Neutral),grey,conforming,False,0.990,conforming,TRUE,TRAY,TRAY,0.000,0.000,0.000,FALSE,FAIL,12.29
EXP_COL_099,42099,8d83b97,2026-10-03T23:40:08.141580,Grey Conforming (Neutral),grey,conforming,False,0.990,conforming,TRUE,TRAY,TRAY,0.000,0.000,0.000,FALSE,FAIL,12.29
EXP_COL_100,42100,8d83b97,2026-10-03T23:40:20.430950,Grey Conforming (Neutral),grey,conforming,False,0.990,conforming,TRUE,TRAY,TRAY,0.000,0.000,0.000,FALSE,FAIL,12.34
EXP_COL_101,42101,8d83b97,2026-10-03T23:40:32.767784,Grey Defective (Neutral),grey,defective,False,0.990,defective,TRUE,SCRAP_BIN,SCRAP_BIN,0.000,0.000,0.000,FALSE,FAIL,12.24
EXP_COL_102,42102,8d83b97,2026-10-03T23:40:45.006965,Grey Defective (Neutral),grey,defective,False,0.990,defective,TRUE,SCRAP_BIN,SCRAP_BIN,0.000,0.000,0.000,FALSE,FAIL,12.39
EXP_COL_103,42103,8d83b97,2026-10-03T23:40:57.395904,Grey Defective (Neutral),grey,defective,False,0.990,defective,TRUE,SCRAP_BIN,SCRAP_BIN,0.000,0.000,0.000,FALSE,FAIL,12.14
EXP_COL_104,42104,8d83b97,2026-10-03T23:41:09.533128,Grey Defective (Neutral),grey,defective,False,0.990,defective,TRUE,SCRAP_BIN,SCRAP_BIN,0.000,0.000,0.000,FALSE,FAIL,12.28
EXP_COL_105,42105,8d83b97,2026-10-03T23:41:21.816017,Grey Defective (Neutral),grey,defective,False,0.990,defective,TRUE,SCRAP_BIN,SCRAP_BIN,0.000,0.000,0.000,FALSE,FAIL,12.39
EXP_COL_106,42106,8d83b97,2026-10-03T23:41:34.209808,Grey Defective (Neutral),grey,defective,False,0.990,defective,TRUE,SCRAP_BIN,SCRAP_BIN,0.000,0.000,0.000,FALSE,FAIL,12.24
EXP_COL_107,42107,8d83b97,2026-10-03T23:41:46.447866,Grey Defective (Neutral),grey,defective,False,0.990,defective,TRUE,SCRAP_BIN,SCRAP_BIN,0.000,0.000,0.000,FALSE,FAIL,12.33
EXP_COL_108,42108,8d83b97,2026-10-03T23:41:58.779955,Grey Defective (Neutral),grey,defective,False,0.990,defective,TRUE,SCRAP_BIN,SCRAP_BIN,0.000,0.000,0.000,FALSE,FAIL,12.19
EXP_COL_109,42109,8d83b97,2026-10-03T23:42:10.972999,Grey Defective (Neutral),grey,defective,False,0.990,defective,TRUE,SCRAP_BIN,SCRAP_BIN,0.000,0.000,0.000,FALSE,FAIL,12.29
EXP_COL_110,42110,8d83b97,2026-10-03T23:42:23.261183,Grey Defective (Neutral),grey,defective,False,0.990,defective,TRUE,SCRAP_BIN,SCRAP_BIN,0.000,0.000,0.000,FALSE,FAIL,12.29
EXP_COL_111,42111,8d83b97,2026-10-03T23:42:35.548620,Grey Defective (Neutral),grey,defective,False,0.990,defective,TRUE,SCRAP_BIN,SCRAP_BIN,0.000,0.000,0.000,FALSE,FAIL,12.44
EXP_COL_112,42112,8d83b97,2026-10-03T23:42:47.992132,Grey Defective (Neutral),grey,defective,False,0.990,defective,TRUE,SCRAP_BIN,SCRAP_BIN,0.000,0.000,0.000,FALSE,FAIL,15.25
EXP_COL_113,42113,8d83b97,2026-10-03T23:43:03.245415,Grey Defective (Neutral),grey,defective,False,0.990,defective,TRUE,SCRAP_BIN,SCRAP_BIN,0.000,0.000,0.000,FALSE,FAIL,12.33
EXP_COL_114,42114,8d83b97,2026-10-03T23:43:15.580118,Grey Defective (Neutral),grey,defective,False,0.990,defective,TRUE,SCRAP_BIN,SCRAP_BIN,0.000,0.000,0.000,FALSE,FAIL,12.29
EXP_COL_115,42115,8d83b97,2026-10-03T23:43:27.873638,Grey Defective (Neutral),grey,defective,False,0.990,defective,TRUE,SCRAP_BIN,SCRAP_BIN,0.000,0.000,0.000,FALSE,FAIL,12.34
EXP_COL_116,42116,8d83b97,2026-10-03T23:43:40.209832,Grey Defective (Neutral),grey,defective,False,0.990,defective,TRUE,SCRAP_BIN,SCRAP_BIN,0.000,0.000,0.000,FALSE,FAIL,12.19
EXP_COL_117,42117,8d83b97,2026-10-03T23:43:52.399893,Grey Defective (Neutral),grey,defective,False,0.990,defective,TRUE,SCRAP_BIN,SCRAP_BIN,0.000,0.000,0.000,FALSE,FAIL,12.24
EXP_COL_118,42118,8d83b97,2026-10-03T23:44:04.638036,Grey Defective (Neutral),grey,defective,False,0.990,defective,TRUE,SCRAP_BIN,SCRAP_BIN,0.000,0.000,0.000,FALSE,FAIL,12.39
EXP_COL_119,42119,8d83b97,2026-10-03T23:44:17.024066,Grey Defective (Neutral),grey,defective,False,0.990,defective,TRUE,SCRAP_BIN,SCRAP_BIN,0.000,0.000,0.000,FALSE,FAIL,12.24
EXP_COL_120,42120,8d83b97,2026-10-03T23:44:29.260080,Grey Defective (Neutral),grey,defective,False,0.990,defective,TRUE,SCRAP_BIN,SCRAP_BIN,0.000,0.000,0.000,FALSE,FAIL,12.39
