bin_range,perc_count,perc_mean_conf,perc_acc,plan_count,plan_mean_conf,plan_acc,ece_perc_pct,ece_plan_pct
"[0.0, 0.1)",0,0.050,0.000,10,0.087,1.000,2.45,34.70
"[0.1, 0.2)",0,0.150,0.000,5,0.151,0.600,2.45,34.70
"[0.2, 0.3)",0,0.250,0.000,2,0.273,1.000,2.45,34.70
"[0.3, 0.4)",0,0.350,0.000,0,0.350,0.000,2.45,34.70
"[0.4, 0.5)",0,0.450,0.000,20,0.448,0.700,2.45,34.70
"[0.5, 0.6)",0,0.550,0.000,4,0.594,0.750,2.45,34.70
"[0.6, 0.7)",0,0.650,0.000,65,0.698,0.062,2.45,34.70
"[0.7, 0.8)",0,0.750,0.000,17,0.758,0.706,2.45,34.70
"[0.8, 0.9)",2,0.880,0.000,13,0.869,0.923,2.45,34.70
"[0.9, 1.0)",118,0.990,1.000,44,1.000,0.977,2.45,34.70
