cycle_id,timestamp,git_commit_hash,seed,belt_speed_mps,conveyor_power_pct,workpiece_instance,ground_truth_color,ground_truth_defect,optical_pred_conforming,optical_conf,blue_pixels,red_pixels,grasp_success,attached_model_name,final_pose_x,final_pose_y,final_pose_z,final_roll_rad,final_pitch_rad,tipped,correct_sort_location,relative_grasp_velocity_mps,joint_2_max_vel_rad_s,joint_2_vel_limit_rad_s,velocity_saturated,outcome,failure_category,cycle_time_s,notes
CYC_0001,2026-10-04T11:52:46,8d83b97,2001,0.02,8.0,workpiece_01,blue,conforming,TRUE,0.990,3602,0,SUCCESS,workpiece_01,0.0662,-0.2006,0.6377,-0.0006,0.0143,FALSE,TRUE,0.3378,6.0604,1.50,TRUE,SUCCESS,NONE,18.48,Sorted to ASSEMBLY; QC=PASS (conf=0.99); rel_v=0.338m/s; j2_vmax=6.060rad/s
CYC_0002,2026-10-04T11:53:05,8d83b97,2002,0.02,8.0,workpiece_01,blue,conforming,TRUE,0.990,3608,0,SUCCESS,workpiece_01,0.0656,-0.1977,0.6379,0.0001,0.0004,FALSE,TRUE,0.3018,4.5716,1.50,TRUE,SUCCESS,NONE,42.49,Sorted to ASSEMBLY; QC=PASS (conf=0.99); rel_v=0.302m/s; j2_vmax=4.572rad/s
CYC_0003,2026-10-04T11:53:47,8d83b97,2003,0.02,8.0,workpiece_01,blue,conforming,TRUE,0.990,4750,0,SUCCESS,workpiece_01,0.0723,-0.2008,0.6376,-0.0196,0.0002,FALSE,TRUE,0.3020,5.2695,1.50,TRUE,SUCCESS,NONE,42.40,Sorted to ASSEMBLY; QC=PASS (conf=0.99); rel_v=0.302m/s; j2_vmax=5.269rad/s
CYC_0004,2026-10-04T11:54:30,8d83b97,2004,0.02,8.0,workpiece_01,blue,conforming,TRUE,0.990,3592,0,SUCCESS,workpiece_01,0.0652,-0.1979,0.6376,0.0009,0.0176,FALSE,TRUE,0.3022,4.5722,1.50,TRUE,SUCCESS,NONE,42.46,Sorted to ASSEMBLY; QC=PASS (conf=0.99); rel_v=0.302m/s; j2_vmax=4.572rad/s
CYC_0005,2026-10-04T11:55:12,8d83b97,2005,0.02,8.0,workpiece_01,blue,conforming,TRUE,0.990,3779,0,SUCCESS,workpiece_01,0.0662,-0.2006,0.6377,-0.0007,0.0137,FALSE,TRUE,0.3016,5.4261,1.50,TRUE,SUCCESS,NONE,42.63,Sorted to ASSEMBLY; QC=PASS (conf=0.99); rel_v=0.302m/s; j2_vmax=5.426rad/s
CYC_0006,2026-10-04T11:55:55,8d83b97,2006,0.02,8.0,workpiece_01,blue,conforming,TRUE,0.990,3745,0,SUCCESS,workpiece_01,0.0657,-0.1985,0.6374,-0.0000,0.0187,FALSE,TRUE,0.3019,5.1924,1.50,TRUE,SUCCESS,NONE,42.70,Sorted to ASSEMBLY; QC=PASS (conf=0.99); rel_v=0.302m/s; j2_vmax=5.192rad/s
CYC_0007,2026-10-04T11:56:38,8d83b97,2007,0.02,8.0,workpiece_01,blue,conforming,TRUE,0.990,3773,0,SUCCESS,workpiece_01,0.0663,-0.2004,0.6374,-0.0044,0.0244,FALSE,TRUE,0.3378,5.6510,1.50,TRUE,SUCCESS,NONE,42.53,Sorted to ASSEMBLY; QC=PASS (conf=0.99); rel_v=0.338m/s; j2_vmax=5.651rad/s
CYC_0008,2026-10-04T11:57:20,8d83b97,2008,0.02,8.0,workpiece_01,blue,conforming,TRUE,0.990,3743,0,SUCCESS,workpiece_01,0.0649,-0.1979,0.6374,-0.0000,0.0256,FALSE,TRUE,0.3380,5.0484,1.50,TRUE,SUCCESS,NONE,42.45,Sorted to ASSEMBLY; QC=PASS (conf=0.99); rel_v=0.338m/s; j2_vmax=5.048rad/s
CYC_0009,2026-10-04T11:58:09,8d83b97,2009,0.02,8.0,workpiece_01,blue,conforming,TRUE,0.990,3795,0,SUCCESS,workpiece_01,0.0652,-0.1977,0.6378,0.0011,0.0078,FALSE,TRUE,0.3017,7.0695,1.50,TRUE,SUCCESS,NONE,18.51,Sorted to ASSEMBLY; QC=PASS (conf=0.99); rel_v=0.302m/s; j2_vmax=7.069rad/s
CYC_0010,2026-10-04T11:58:28,8d83b97,2010,0.02,8.0,workpiece_01,blue,conforming,TRUE,0.990,3608,0,SUCCESS,workpiece_01,0.0663,-0.2003,0.6374,-0.0043,0.0244,FALSE,TRUE,0.3026,5.2336,1.50,TRUE,SUCCESS,NONE,42.32,Sorted to ASSEMBLY; QC=PASS (conf=0.99); rel_v=0.303m/s; j2_vmax=5.234rad/s
CYC_0011,2026-10-04T11:59:10,8d83b97,2011,0.02,8.0,workpiece_01,blue,conforming,TRUE,0.990,3763,0,SUCCESS,workpiece_01,0.0656,-0.1977,0.6379,-0.0004,0.0001,FALSE,TRUE,0.3376,5.1661,1.50,TRUE,SUCCESS,NONE,42.43,Sorted to ASSEMBLY; QC=PASS (conf=0.99); rel_v=0.338m/s; j2_vmax=5.166rad/s
CYC_0012,2026-10-04T11:59:52,8d83b97,2012,0.02,8.0,workpiece_01,blue,conforming,TRUE,0.990,4170,0,SUCCESS,workpiece_01,0.0688,-0.1981,0.6379,-0.0001,0.0001,FALSE,TRUE,0.3019,8.5640,1.50,TRUE,SUCCESS,NONE,42.64,Sorted to ASSEMBLY; QC=PASS (conf=0.99); rel_v=0.302m/s; j2_vmax=8.564rad/s
CYC_0013,2026-10-04T12:00:35,8d83b97,2013,0.02,8.0,workpiece_01,blue,conforming,TRUE,0.990,3760,0,SUCCESS,workpiece_01,0.0660,-0.1995,0.6374,-0.0000,0.0242,FALSE,TRUE,0.3015,5.2846,1.50,TRUE,SUCCESS,NONE,42.31,Sorted to ASSEMBLY; QC=PASS (conf=0.99); rel_v=0.302m/s; j2_vmax=5.285rad/s
CYC_0014,2026-10-04T12:01:17,8d83b97,2014,0.02,8.0,workpiece_01,blue,conforming,TRUE,0.990,3619,0,SUCCESS,workpiece_01,0.0657,-0.1975,0.6379,-0.0002,0.0001,FALSE,TRUE,0.3019,4.2236,1.50,TRUE,SUCCESS,NONE,42.35,Sorted to ASSEMBLY; QC=PASS (conf=0.99); rel_v=0.302m/s; j2_vmax=4.224rad/s
CYC_0015,2026-10-04T12:02:00,8d83b97,2015,0.02,8.0,workpiece_01,blue,conforming,TRUE,0.990,4738,0,SUCCESS,workpiece_01,0.0708,-0.2018,0.6374,-0.0000,0.0279,FALSE,TRUE,0.3020,5.1639,1.50,TRUE,SUCCESS,NONE,42.55,Sorted to ASSEMBLY; QC=PASS (conf=0.99); rel_v=0.302m/s; j2_vmax=5.164rad/s
CYC_0016,2026-10-04T12:02:42,8d83b97,2016,0.02,8.0,workpiece_01,blue,conforming,TRUE,0.990,3602,0,SUCCESS,workpiece_01,0.0663,-0.2010,0.6379,-0.0006,-0.0016,FALSE,TRUE,0.3020,5.9154,1.50,TRUE,SUCCESS,NONE,42.71,Sorted to ASSEMBLY; QC=PASS (conf=0.99); rel_v=0.302m/s; j2_vmax=5.915rad/s
CYC_0017,2026-10-04T12:03:31,8d83b97,2017,0.02,8.0,workpiece_01,blue,conforming,TRUE,0.990,3594,0,SUCCESS,workpiece_01,0.0657,-0.1975,0.6378,0.0014,0.0069,FALSE,TRUE,0.3379,4.6494,1.50,TRUE,SUCCESS,NONE,18.52,Sorted to ASSEMBLY; QC=PASS (conf=0.99); rel_v=0.338m/s; j2_vmax=4.649rad/s
CYC_0018,2026-10-04T12:03:50,8d83b97,2018,0.02,8.0,workpiece_01,blue,conforming,TRUE,0.990,3753,0,SUCCESS,workpiece_01,0.0657,-0.1974,0.6379,-0.0010,0.0005,FALSE,TRUE,0.3380,4.5108,1.50,TRUE,SUCCESS,NONE,42.49,Sorted to ASSEMBLY; QC=PASS (conf=0.99); rel_v=0.338m/s; j2_vmax=4.511rad/s
CYC_0019,2026-10-04T12:04:33,8d83b97,2019,0.02,8.0,workpiece_01,blue,conforming,TRUE,0.990,3753,0,SUCCESS,workpiece_01,0.0655,-0.1978,0.6375,-0.0000,0.0229,FALSE,TRUE,0.3379,4.6343,1.50,TRUE,SUCCESS,NONE,42.38,Sorted to ASSEMBLY; QC=PASS (conf=0.99); rel_v=0.338m/s; j2_vmax=4.634rad/s
CYC_0020,2026-10-04T12:05:15,8d83b97,2020,0.02,8.0,workpiece_01,blue,conforming,TRUE,0.990,3630,0,SUCCESS,workpiece_01,0.0663,-0.2010,0.6379,-0.0008,-0.0014,FALSE,TRUE,0.3379,6.3866,1.50,TRUE,SUCCESS,NONE,42.54,Sorted to ASSEMBLY; QC=PASS (conf=0.99); rel_v=0.338m/s; j2_vmax=6.387rad/s
CYC_0021,2026-10-04T12:06:04,8d83b97,2021,0.04,16.0,workpiece_01,blue,conforming,TRUE,0.990,3799,0,SUCCESS,workpiece_01,0.0657,-0.1973,0.6379,-0.0006,0.0006,FALSE,TRUE,0.3415,5.6893,1.50,TRUE,SUCCESS,NONE,18.44,Sorted to ASSEMBLY; QC=PASS (conf=0.99); rel_v=0.342m/s; j2_vmax=5.689rad/s
CYC_0022,2026-10-04T12:06:22,8d83b97,2022,0.04,16.0,workpiece_01,blue,conforming,TRUE,0.990,4287,0,SUCCESS,workpiece_01,0.0655,-0.1979,0.6374,-0.0000,0.0208,FALSE,TRUE,0.3097,4.9754,1.50,TRUE,SUCCESS,NONE,33.35,Sorted to ASSEMBLY; QC=PASS (conf=0.99); rel_v=0.310m/s; j2_vmax=4.975rad/s
CYC_0023,2026-10-04T12:06:56,8d83b97,2023,0.04,16.0,workpiece_01,blue,conforming,TRUE,0.990,4899,0,SUCCESS,workpiece_01,0.0719,-0.2042,0.6374,-0.0006,0.0255,FALSE,TRUE,0.3095,5.4265,1.50,TRUE,SUCCESS,NONE,32.99,Sorted to ASSEMBLY; QC=PASS (conf=0.99); rel_v=0.310m/s; j2_vmax=5.427rad/s
CYC_0024,2026-10-04T12:07:29,8d83b97,2024,0.04,16.0,workpiece_01,blue,conforming,TRUE,0.990,4527,0,SUCCESS,workpiece_01,0.0661,-0.1974,0.6379,-0.0001,0.0001,FALSE,TRUE,0.3087,4.4818,1.50,TRUE,SUCCESS,NONE,33.11,Sorted to ASSEMBLY; QC=PASS (conf=0.99); rel_v=0.309m/s; j2_vmax=4.482rad/s
CYC_0025,2026-10-04T12:08:02,8d83b97,2025,0.04,16.0,workpiece_01,blue,conforming,TRUE,0.990,4117,0,SUCCESS,workpiece_01,0.0660,-0.1995,0.6374,-0.0000,0.0248,FALSE,TRUE,0.3090,4.9760,1.50,TRUE,SUCCESS,NONE,32.94,Sorted to ASSEMBLY; QC=PASS (conf=0.99); rel_v=0.309m/s; j2_vmax=4.976rad/s
CYC_0026,2026-10-04T12:08:35,8d83b97,2026,0.04,16.0,workpiece_01,blue,conforming,TRUE,0.990,4327,0,SUCCESS,workpiece_01,0.0660,-0.1973,0.6379,0.0002,0.0008,FALSE,TRUE,0.3418,4.8048,1.50,TRUE,SUCCESS,NONE,33.04,Sorted to ASSEMBLY; QC=PASS (conf=0.99); rel_v=0.342m/s; j2_vmax=4.805rad/s
CYC_0027,2026-10-04T12:09:08,8d83b97,2027,0.04,16.0,workpiece_01,blue,conforming,TRUE,0.990,5442,0,SUCCESS,workpiece_01,0.0723,-0.2008,0.6376,-0.0194,0.0002,FALSE,TRUE,0.3418,5.5145,1.50,TRUE,SUCCESS,NONE,33.06,Sorted to ASSEMBLY; QC=PASS (conf=0.99); rel_v=0.342m/s; j2_vmax=5.515rad/s
CYC_0028,2026-10-04T12:09:41,8d83b97,2028,0.04,16.0,workpiece_01,blue,conforming,TRUE,0.990,4630,0,SUCCESS,workpiece_01,0.0658,-0.1987,0.6374,-0.0000,0.0214,FALSE,TRUE,0.3421,4.5716,1.50,TRUE,SUCCESS,NONE,33.00,Sorted to ASSEMBLY; QC=PASS (conf=0.99); rel_v=0.342m/s; j2_vmax=4.572rad/s
CYC_0029,2026-10-04T12:10:20,8d83b97,2029,0.04,16.0,workpiece_01,blue,conforming,TRUE,0.990,3590,0,SUCCESS,workpiece_01,0.0650,-0.1982,0.6374,-0.0000,0.0278,FALSE,TRUE,0.3416,4.8325,1.50,TRUE,SUCCESS,NONE,18.47,Sorted to ASSEMBLY; QC=PASS (conf=0.99); rel_v=0.342m/s; j2_vmax=4.833rad/s
