cycle_id,timestamp,git_commit_hash,seed,belt_speed_mps,conveyor_power_pct,workpiece_instance,ground_truth_color,ground_truth_defect,optical_pred_conforming,optical_conf,blue_pixels,red_pixels,grasp_success,attached_model_name,final_pose_x,final_pose_y,final_pose_z,final_roll_rad,final_pitch_rad,tipped,correct_sort_location,joint_2_max_vel_rad_s,joint_2_vel_limit_rad_s,velocity_saturated,outcome,failure_category,cycle_time_s,notes
CYC_0001,2026-10-02T22:30:41,8d83b97,2001,0.02,8.0,workpiece_01,blue,conforming,TRUE,0.990,3722,0,SUCCESS,workpiece_01,0.1913,-0.1747,0.6328,-0.0012,-0.0008,FALSE,FALSE,4.1039,1.50,TRUE,FAILURE,D_TRACKING_VELOCITY_LIMIT,10.59,Sorted to ASSEMBLY; QC=PASS (conf=0.99); j2_vmax=4.104rad/s
CYC_0002,2026-10-02T22:30:52,8d83b97,2002,0.02,8.0,workpiece_01,blue,conforming,TRUE,0.990,4387,0,SUCCESS,workpiece_01,0.1781,-0.1694,0.6328,-0.0004,-0.0067,FALSE,TRUE,4.1040,1.50,TRUE,FAILURE,D_TRACKING_VELOCITY_LIMIT,32.44,Sorted to ASSEMBLY; QC=PASS (conf=0.99); j2_vmax=4.104rad/s
CYC_0003,2026-10-02T22:31:25,8d83b97,2003,0.02,8.0,workpiece_01,blue,conforming,TRUE,0.990,3936,0,SUCCESS,workpiece_01,0.1778,-0.1662,0.6329,-0.0010,-0.0009,FALSE,TRUE,4.1039,1.50,TRUE,FAILURE,D_TRACKING_VELOCITY_LIMIT,32.24,Sorted to ASSEMBLY; QC=PASS (conf=0.99); j2_vmax=4.104rad/s
CYC_0004,2026-10-02T22:31:58,8d83b97,2004,0.02,8.0,workpiece_01,blue,conforming,TRUE,0.990,4181,0,SUCCESS,workpiece_01,0.1818,-0.1731,0.6328,0.0002,-0.0035,FALSE,TRUE,4.1040,1.50,TRUE,FAILURE,D_TRACKING_VELOCITY_LIMIT,32.34,Sorted to ASSEMBLY; QC=PASS (conf=0.99); j2_vmax=4.104rad/s
CYC_0005,2026-10-02T22:32:31,8d83b97,2005,0.02,8.0,workpiece_01,blue,conforming,TRUE,0.990,3535,0,SUCCESS,workpiece_01,0.1667,-0.1743,0.6329,3.1402,-0.0003,TRUE,TRUE,4.1039,1.50,TRUE,FAILURE,D_TRACKING_VELOCITY_LIMIT,31.98,Sorted to ASSEMBLY; QC=PASS (conf=0.99); j2_vmax=4.104rad/s
CYC_0006,2026-10-02T22:33:03,8d83b97,2006,0.02,8.0,workpiece_01,blue,conforming,TRUE,0.990,4565,0,SUCCESS,workpiece_01,0.1600,-0.1504,0.6374,1.9610,0.0068,TRUE,TRUE,4.1039,1.50,TRUE,FAILURE,D_TRACKING_VELOCITY_LIMIT,32.34,Sorted to ASSEMBLY; QC=PASS (conf=0.99); j2_vmax=4.104rad/s
CYC_0007,2026-10-02T22:33:36,8d83b97,2007,0.02,8.0,workpiece_01,blue,conforming,TRUE,0.990,4450,0,SUCCESS,workpiece_01,0.1885,-0.1745,0.6328,-0.0005,-0.0051,FALSE,FALSE,4.1041,1.50,TRUE,FAILURE,D_TRACKING_VELOCITY_LIMIT,32.19,Sorted to ASSEMBLY; QC=PASS (conf=0.99); j2_vmax=4.104rad/s
CYC_0008,2026-10-02T22:34:09,8d83b97,2008,0.02,8.0,workpiece_01,blue,conforming,TRUE,0.990,3566,0,SUCCESS,workpiece_01,0.1704,-0.1645,0.6327,3.1399,-0.0064,TRUE,TRUE,4.3635,1.50,TRUE,FAILURE,D_TRACKING_VELOCITY_LIMIT,31.93,Sorted to ASSEMBLY; QC=PASS (conf=0.99); j2_vmax=4.363rad/s
CYC_0009,2026-10-02T22:34:47,8d83b97,2009,0.02,8.0,workpiece_01,blue,conforming,TRUE,0.990,3706,0,SUCCESS,workpiece_01,0.1818,-0.1731,0.6327,0.0003,-0.0106,FALSE,TRUE,4.1040,1.50,TRUE,FAILURE,D_TRACKING_VELOCITY_LIMIT,10.60,Sorted to ASSEMBLY; QC=PASS (conf=0.99); j2_vmax=4.104rad/s
CYC_0010,2026-10-02T22:34:59,8d83b97,2010,0.02,8.0,workpiece_01,blue,conforming,TRUE,0.990,3553,0,SUCCESS,workpiece_01,0.1798,-0.1701,0.6329,0.0007,0.0001,FALSE,TRUE,4.1040,1.50,TRUE,FAILURE,D_TRACKING_VELOCITY_LIMIT,31.99,Sorted to ASSEMBLY; QC=PASS (conf=0.99); j2_vmax=4.104rad/s
CYC_0011,2026-10-02T22:35:31,8d83b97,2011,0.02,8.0,workpiece_01,blue,conforming,TRUE,0.990,3688,0,SUCCESS,workpiece_01,0.1705,-0.1655,0.6328,-3.1402,-0.0026,TRUE,TRUE,4.1039,1.50,TRUE,FAILURE,D_TRACKING_VELOCITY_LIMIT,31.89,Sorted to ASSEMBLY; QC=PASS (conf=0.99); j2_vmax=4.104rad/s
CYC_0012,2026-10-02T22:36:04,8d83b97,2012,0.02,8.0,workpiece_01,blue,conforming,TRUE,0.990,3698,0,SUCCESS,workpiece_01,0.1752,-0.1670,0.6329,0.0006,0.0006,FALSE,TRUE,4.3746,1.50,TRUE,FAILURE,D_TRACKING_VELOCITY_LIMIT,32.04,Sorted to ASSEMBLY; QC=PASS (conf=0.99); j2_vmax=4.375rad/s
CYC_0013,2026-10-02T22:36:36,8d83b97,2013,0.02,8.0,workpiece_01,blue,conforming,TRUE,0.990,3706,0,SUCCESS,workpiece_01,0.1863,-0.1739,0.6328,-0.0004,-0.0033,FALSE,FALSE,4.1041,1.50,TRUE,FAILURE,D_TRACKING_VELOCITY_LIMIT,31.89,Sorted to ASSEMBLY; QC=PASS (conf=0.99); j2_vmax=4.104rad/s
CYC_0014,2026-10-02T22:37:09,8d83b97,2014,0.02,8.0,workpiece_01,blue,conforming,TRUE,0.990,3554,0,SUCCESS,workpiece_01,0.1922,-0.1743,0.6328,-0.0001,-0.0071,FALSE,FALSE,4.1040,1.50,TRUE,FAILURE,D_TRACKING_VELOCITY_LIMIT,31.99,Sorted to ASSEMBLY; QC=PASS (conf=0.99); j2_vmax=4.104rad/s
CYC_0015,2026-10-02T22:37:41,8d83b97,2015,0.02,8.0,workpiece_01,blue,conforming,TRUE,0.990,4286,0,SUCCESS,workpiece_01,0.1892,-0.1743,0.6329,0.0017,0.0000,FALSE,FALSE,4.1041,1.50,TRUE,FAILURE,D_TRACKING_VELOCITY_LIMIT,32.19,Sorted to ASSEMBLY; QC=PASS (conf=0.99); j2_vmax=4.104rad/s
CYC_0016,2026-10-02T22:38:14,8d83b97,2016,0.02,8.0,workpiece_01,blue,conforming,TRUE,0.990,3701,0,SUCCESS,workpiece_01,0.1605,-0.1873,0.6425,-2.3514,-0.8701,TRUE,TRUE,4.1040,1.50,TRUE,FAILURE,D_TRACKING_VELOCITY_LIMIT,32.14,Sorted to ASSEMBLY; QC=PASS (conf=0.99); j2_vmax=4.104rad/s
CYC_0017,2026-10-02T22:38:53,8d83b97,2017,0.02,8.0,workpiece_01,blue,conforming,TRUE,0.990,3559,0,SUCCESS,workpiece_01,0.1810,-0.1391,0.6328,-0.0217,1.5680,TRUE,TRUE,4.2006,1.50,TRUE,FAILURE,D_TRACKING_VELOCITY_LIMIT,10.60,Sorted to ASSEMBLY; QC=PASS (conf=0.99); j2_vmax=4.201rad/s
CYC_0018,2026-10-02T22:39:04,8d83b97,2018,0.02,8.0,workpiece_01,blue,conforming,TRUE,0.990,3557,0,SUCCESS,workpiece_01,0.1843,-0.1736,0.6329,0.0010,-0.0023,FALSE,TRUE,4.1039,1.50,TRUE,FAILURE,D_TRACKING_VELOCITY_LIMIT,32.34,Sorted to ASSEMBLY; QC=PASS (conf=0.99); j2_vmax=4.104rad/s
CYC_0019,2026-10-02T22:39:37,8d83b97,2019,0.02,8.0,workpiece_01,blue,conforming,TRUE,0.990,3563,0,SUCCESS,workpiece_01,0.1702,-0.1609,0.6329,-3.1404,0.0001,TRUE,TRUE,4.1041,1.50,TRUE,FAILURE,D_TRACKING_VELOCITY_LIMIT,32.14,Sorted to ASSEMBLY; QC=PASS (conf=0.99); j2_vmax=4.104rad/s
CYC_0020,2026-10-02T22:40:10,8d83b97,2020,0.02,8.0,workpiece_01,blue,conforming,TRUE,0.990,3724,0,SUCCESS,workpiece_01,0.1711,-0.1915,0.6329,-1.5704,0.0007,TRUE,TRUE,4.1039,1.50,TRUE,FAILURE,D_TRACKING_VELOCITY_LIMIT,32.09,Sorted to ASSEMBLY; QC=PASS (conf=0.99); j2_vmax=4.104rad/s
CYC_0021,2026-10-02T22:40:49,8d83b97,2021,0.04,16.0,workpiece_01,blue,conforming,TRUE,0.990,3713,0,SUCCESS,workpiece_01,0.1760,-0.1674,0.6328,-0.0003,-0.0026,FALSE,TRUE,4.1039,1.50,TRUE,FAILURE,D_TRACKING_VELOCITY_LIMIT,10.59,Sorted to ASSEMBLY; QC=PASS (conf=0.99); j2_vmax=4.104rad/s
CYC_0022,2026-10-02T22:41:00,8d83b97,2022,0.04,16.0,workpiece_01,blue,conforming,TRUE,0.990,4220,0,SUCCESS,workpiece_01,0.1802,-0.1721,0.6329,-0.0012,-0.0007,FALSE,TRUE,4.1040,1.50,TRUE,FAILURE,D_TRACKING_VELOCITY_LIMIT,24.34,Sorted to ASSEMBLY; QC=PASS (conf=0.99); j2_vmax=4.104rad/s
CYC_0023,2026-10-02T22:41:25,8d83b97,2023,0.04,16.0,workpiece_01,blue,conforming,TRUE,0.990,4579,0,SUCCESS,workpiece_01,0.1915,-0.1830,0.6329,-0.0005,0.0009,FALSE,FALSE,4.1039,1.50,TRUE,FAILURE,D_TRACKING_VELOCITY_LIMIT,24.09,Sorted to ASSEMBLY; QC=PASS (conf=0.99); j2_vmax=4.104rad/s
CYC_0024,2026-10-02T22:41:50,8d83b97,2024,0.04,16.0,workpiece_01,blue,conforming,TRUE,0.990,4522,0,SUCCESS,workpiece_01,0.2002,-0.1889,0.6329,0.0004,-0.0009,FALSE,FALSE,4.5320,1.50,TRUE,FAILURE,D_TRACKING_VELOCITY_LIMIT,23.64,Sorted to ASSEMBLY; QC=PASS (conf=0.99); j2_vmax=4.532rad/s
CYC_0025,2026-10-02T22:42:14,8d83b97,2025,0.04,16.0,workpiece_01,blue,conforming,TRUE,0.990,4454,0,SUCCESS,workpiece_01,0.1589,-0.1446,0.6332,1.5850,0.0255,TRUE,TRUE,4.2073,1.50,TRUE,FAILURE,D_TRACKING_VELOCITY_LIMIT,24.09,Sorted to ASSEMBLY; QC=PASS (conf=0.99); j2_vmax=4.207rad/s
CYC_0026,2026-10-02T22:42:39,8d83b97,2026,0.04,16.0,workpiece_01,blue,conforming,TRUE,0.990,5078,0,SUCCESS,workpiece_01,0.1823,-0.1679,0.6329,0.0008,-0.0001,FALSE,TRUE,4.1039,1.50,TRUE,FAILURE,D_TRACKING_VELOCITY_LIMIT,23.74,Sorted to ASSEMBLY; QC=PASS (conf=0.99); j2_vmax=4.104rad/s
CYC_0027,2026-10-02T22:43:03,8d83b97,2027,0.04,16.0,workpiece_01,blue,conforming,TRUE,0.990,4287,0,SUCCESS,workpiece_01,0.1650,-0.1826,0.6328,-1.5706,0.0039,TRUE,TRUE,4.1544,1.50,TRUE,FAILURE,D_TRACKING_VELOCITY_LIMIT,23.73,Sorted to ASSEMBLY; QC=PASS (conf=0.99); j2_vmax=4.154rad/s
CYC_0028,2026-10-02T22:43:27,8d83b97,2028,0.04,16.0,workpiece_01,blue,conforming,TRUE,0.990,4224,0,SUCCESS,workpiece_01,0.1818,-0.1386,0.6327,0.0384,1.5597,TRUE,TRUE,4.1040,1.50,TRUE,FAILURE,D_TRACKING_VELOCITY_LIMIT,23.99,Sorted to ASSEMBLY; QC=PASS (conf=0.99); j2_vmax=4.104rad/s
CYC_0029,2026-10-02T22:43:58,8d83b97,2029,0.04,16.0,workpiece_01,blue,conforming,TRUE,0.990,3718,0,SUCCESS,workpiece_01,0.1814,-0.1728,0.6327,-0.0002,-0.0085,FALSE,TRUE,4.1039,1.50,TRUE,FAILURE,D_TRACKING_VELOCITY_LIMIT,10.59,Sorted to ASSEMBLY; QC=PASS (conf=0.99); j2_vmax=4.104rad/s
CYC_0030,2026-10-02T22:44:09,8d83b97,2030,0.04,16.0,workpiece_01,blue,conforming,TRUE,0.990,4149,0,SUCCESS,workpiece_01,0.1854,-0.1739,0.6329,0.0007,-0.0004,FALSE,FALSE,4.1039,1.50,TRUE,FAILURE,D_TRACKING_VELOCITY_LIMIT,23.94,Sorted to ASSEMBLY; QC=PASS (conf=0.99); j2_vmax=4.104rad/s
CYC_0031,2026-10-02T22:44:34,8d83b97,2031,0.04,16.0,workpiece_01,blue,conforming,TRUE,0.990,4582,0,SUCCESS,workpiece_01,0.1653,-0.1595,0.6328,3.1409,0.0024,TRUE,TRUE,4.1039,1.50,TRUE,FAILURE,D_TRACKING_VELOCITY_LIMIT,23.79,Sorted to ASSEMBLY; QC=PASS (conf=0.99); j2_vmax=4.104rad/s
CYC_0032,2026-10-02T22:44:58,8d83b97,2032,0.04,16.0,workpiece_01,blue,conforming,TRUE,0.990,4329,0,SUCCESS,workpiece_01,0.1813,-0.1391,0.6329,3.0838,1.5705,TRUE,TRUE,4.1040,1.50,TRUE,FAILURE,D_TRACKING_VELOCITY_LIMIT,24.15,Sorted to ASSEMBLY; QC=PASS (conf=0.99); j2_vmax=4.104rad/s
CYC_0033,2026-10-02T22:45:23,8d83b97,2033,0.04,16.0,workpiece_01,blue,conforming,TRUE,0.990,4260,0,SUCCESS,workpiece_01,0.1676,-0.1742,0.6327,3.1392,-0.0015,TRUE,TRUE,4.1040,1.50,TRUE,FAILURE,D_TRACKING_VELOCITY_LIMIT,23.74,Sorted to ASSEMBLY; QC=PASS (conf=0.99); j2_vmax=4.104rad/s
CYC_0034,2026-10-02T22:45:47,8d83b97,2034,0.04,16.0,workpiece_01,blue,conforming,TRUE,0.990,4131,0,SUCCESS,workpiece_01,0.1602,-0.1515,0.6380,2.0455,0.0071,TRUE,TRUE,4.2196,1.50,TRUE,FAILURE,D_TRACKING_VELOCITY_LIMIT,23.78,Sorted to ASSEMBLY; QC=PASS (conf=0.99); j2_vmax=4.220rad/s
CYC_0035,2026-10-02T22:46:12,8d83b97,2035,0.04,16.0,workpiece_01,blue,conforming,TRUE,0.990,4689,0,SUCCESS,workpiece_01,0.1706,-0.1777,0.6329,-3.1402,0.0004,TRUE,TRUE,4.1039,1.50,TRUE,FAILURE,D_TRACKING_VELOCITY_LIMIT,23.79,Sorted to ASSEMBLY; QC=PASS (conf=0.99); j2_vmax=4.104rad/s
CYC_0036,2026-10-02T22:46:36,8d83b97,2036,0.04,16.0,workpiece_01,blue,conforming,TRUE,0.990,4303,0,SUCCESS,workpiece_01,0.1705,-0.1644,0.6329,-3.1414,-0.0000,TRUE,TRUE,4.1039,1.50,TRUE,FAILURE,D_TRACKING_VELOCITY_LIMIT,23.73,Sorted to ASSEMBLY; QC=PASS (conf=0.99); j2_vmax=4.104rad/s
CYC_0037,2026-10-02T22:47:06,8d83b97,2037,0.04,16.0,workpiece_01,blue,conforming,TRUE,0.990,3732,0,SUCCESS,workpiece_01,0.1785,-0.1697,0.6329,-0.0005,-0.0011,FALSE,TRUE,4.1039,1.50,TRUE,FAILURE,D_TRACKING_VELOCITY_LIMIT,10.59,Sorted to ASSEMBLY; QC=PASS (conf=0.99); j2_vmax=4.104rad/s
CYC_0038,2026-10-02T22:47:17,8d83b97,2038,0.04,16.0,workpiece_01,blue,conforming,TRUE,0.990,4596,0,SUCCESS,workpiece_01,0.1710,-0.1589,0.6329,-3.1415,0.0011,TRUE,TRUE,4.1041,1.50,TRUE,FAILURE,D_TRACKING_VELOCITY_LIMIT,29.16,Sorted to ASSEMBLY; QC=PASS (conf=0.99); j2_vmax=4.104rad/s
CYC_0039,2026-10-02T22:47:47,8d83b97,2039,0.04,16.0,workpiece_01,blue,conforming,TRUE,0.990,4336,0,SUCCESS,workpiece_01,0.0000,0.0000,0.0000,0.0000,0.0000,FALSE,FALSE,4.1039,1.50,TRUE,FAILURE,D_TRACKING_VELOCITY_LIMIT,23.85,Sorted to ASSEMBLY; QC=PASS (conf=0.99); j2_vmax=4.104rad/s
CYC_0040,2026-10-02T22:48:13,8d83b97,2040,0.04,16.0,workpiece_01,blue,conforming,TRUE,0.990,5241,0,SUCCESS,workpiece_01,0.0000,0.0000,0.0000,0.0000,0.0000,FALSE,FALSE,4.1039,1.50,TRUE,FAILURE,D_TRACKING_VELOCITY_LIMIT,23.74,Sorted to ASSEMBLY; QC=PASS (conf=0.99); j2_vmax=4.104rad/s
CYC_0041,2026-10-02T22:48:44,8d83b97,2041,0.06,24.0,workpiece_01,blue,conforming,TRUE,0.990,3552,0,SUCCESS,workpiece_01,0.0000,0.0000,0.0000,0.0000,0.0000,FALSE,FALSE,4.2040,1.50,TRUE,FAILURE,D_TRACKING_VELOCITY_LIMIT,10.59,Sorted to ASSEMBLY; QC=PASS (conf=0.99); j2_vmax=4.204rad/s
CYC_0042,2026-10-02T22:48:57,8d83b97,2042,0.06,24.0,workpiece_01,blue,conforming,TRUE,0.990,3986,0,SUCCESS,workpiece_01,0.0000,0.0000,0.0000,0.0000,0.0000,FALSE,FALSE,4.1039,1.50,TRUE,FAILURE,D_TRACKING_VELOCITY_LIMIT,22.69,Sorted to ASSEMBLY; QC=PASS (conf=0.99); j2_vmax=4.104rad/s
CYC_0043,2026-10-02T22:49:22,8d83b97,2043,0.06,24.0,workpiece_01,blue,conforming,TRUE,0.990,4688,0,SUCCESS,workpiece_01,0.0000,0.0000,0.0000,0.0000,0.0000,FALSE,FALSE,4.1041,1.50,TRUE,FAILURE,D_TRACKING_VELOCITY_LIMIT,22.69,Sorted to ASSEMBLY; QC=PASS (conf=0.99); j2_vmax=4.104rad/s
CYC_0044,2026-10-02T22:49:46,8d83b97,2044,0.06,24.0,workpiece_01,blue,conforming,TRUE,0.990,4359,0,SUCCESS,workpiece_01,0.0000,0.0000,0.0000,0.0000,0.0000,FALSE,FALSE,4.1039,1.50,TRUE,FAILURE,D_TRACKING_VELOCITY_LIMIT,22.49,Sorted to ASSEMBLY; QC=PASS (conf=0.99); j2_vmax=4.104rad/s
CYC_0045,2026-10-02T22:50:11,8d83b97,2045,0.06,24.0,workpiece_01,blue,conforming,TRUE,0.990,4653,0,SUCCESS,workpiece_01,0.0000,0.0000,0.0000,0.0000,0.0000,FALSE,FALSE,4.1978,1.50,TRUE,FAILURE,D_TRACKING_VELOCITY_LIMIT,22.43,Sorted to ASSEMBLY; QC=PASS (conf=0.99); j2_vmax=4.198rad/s
CYC_0046,2026-10-02T22:50:35,8d83b97,2046,0.06,24.0,workpiece_01,blue,conforming,TRUE,0.990,4660,0,SUCCESS,workpiece_01,0.0000,0.0000,0.0000,0.0000,0.0000,FALSE,FALSE,4.1039,1.50,TRUE,FAILURE,D_TRACKING_VELOCITY_LIMIT,22.39,Sorted to ASSEMBLY; QC=PASS (conf=0.99); j2_vmax=4.104rad/s
CYC_0047,2026-10-02T22:51:00,8d83b97,2047,0.06,24.0,workpiece_01,blue,conforming,TRUE,0.990,5283,0,SUCCESS,workpiece_01,0.0000,0.0000,0.0000,0.0000,0.0000,FALSE,FALSE,4.1040,1.50,TRUE,FAILURE,D_TRACKING_VELOCITY_LIMIT,22.39,Sorted to ASSEMBLY; QC=PASS (conf=0.99); j2_vmax=4.104rad/s
CYC_0048,2026-10-02T22:51:24,8d83b97,2048,0.06,24.0,workpiece_01,blue,conforming,TRUE,0.990,4680,0,SUCCESS,workpiece_01,0.0000,0.0000,0.0000,0.0000,0.0000,FALSE,FALSE,4.1050,1.50,TRUE,FAILURE,D_TRACKING_VELOCITY_LIMIT,22.44,Sorted to ASSEMBLY; QC=PASS (conf=0.99); j2_vmax=4.105rad/s
CYC_0049,2026-10-02T22:51:55,8d83b97,2049,0.06,24.0,workpiece_01,blue,conforming,TRUE,0.990,3692,0,SUCCESS,workpiece_01,0.0000,0.0000,0.0000,0.0000,0.0000,FALSE,FALSE,4.1713,1.50,TRUE,FAILURE,D_TRACKING_VELOCITY_LIMIT,10.59,Sorted to ASSEMBLY; QC=PASS (conf=0.99); j2_vmax=4.171rad/s
CYC_0050,2026-10-02T22:52:07,8d83b97,2050,0.06,24.0,workpiece_01,blue,conforming,TRUE,0.990,3762,0,SUCCESS,workpiece_01,0.0000,0.0000,0.0000,0.0000,0.0000,FALSE,FALSE,4.3624,1.50,TRUE,FAILURE,D_TRACKING_VELOCITY_LIMIT,22.64,Sorted to ASSEMBLY; QC=PASS (conf=0.99); j2_vmax=4.362rad/s
CYC_0051,2026-10-02T22:52:32,8d83b97,2051,0.06,24.0,workpiece_01,blue,conforming,TRUE,0.990,4533,0,SUCCESS,workpiece_01,0.0000,0.0000,0.0000,0.0000,0.0000,FALSE,FALSE,4.1643,1.50,TRUE,FAILURE,D_TRACKING_VELOCITY_LIMIT,22.34,Sorted to ASSEMBLY; QC=PASS (conf=0.99); j2_vmax=4.164rad/s
CYC_0052,2026-10-02T22:52:56,8d83b97,2052,0.06,24.0,workpiece_01,blue,conforming,TRUE,0.990,4313,0,SUCCESS,workpiece_01,0.0000,0.0000,0.0000,0.0000,0.0000,FALSE,FALSE,4.1039,1.50,TRUE,FAILURE,D_TRACKING_VELOCITY_LIMIT,22.24,Sorted to ASSEMBLY; QC=PASS (conf=0.99); j2_vmax=4.104rad/s
CYC_0053,2026-10-02T22:53:21,8d83b97,2053,0.06,24.0,workpiece_01,blue,conforming,TRUE,0.990,4581,0,SUCCESS,workpiece_01,0.0000,0.0000,0.0000,0.0000,0.0000,FALSE,FALSE,4.1039,1.50,TRUE,FAILURE,D_TRACKING_VELOCITY_LIMIT,22.34,Sorted to ASSEMBLY; QC=PASS (conf=0.99); j2_vmax=4.104rad/s
CYC_0054,2026-10-02T22:53:45,8d83b97,2054,0.06,24.0,workpiece_01,blue,conforming,TRUE,0.990,4341,0,SUCCESS,workpiece_01,0.0000,0.0000,0.0000,0.0000,0.0000,FALSE,FALSE,4.1039,1.50,TRUE,FAILURE,D_TRACKING_VELOCITY_LIMIT,22.55,Sorted to ASSEMBLY; QC=PASS (conf=0.99); j2_vmax=4.104rad/s
CYC_0055,2026-10-02T22:54:09,8d83b97,2055,0.06,24.0,workpiece_01,blue,conforming,TRUE,0.990,4584,0,SUCCESS,workpiece_01,0.0000,0.0000,0.0000,0.0000,0.0000,FALSE,FALSE,4.1039,1.50,TRUE,FAILURE,D_TRACKING_VELOCITY_LIMIT,22.24,Sorted to ASSEMBLY; QC=PASS (conf=0.99); j2_vmax=4.104rad/s
CYC_0056,2026-10-02T22:54:34,8d83b97,2056,0.06,24.0,workpiece_01,blue,conforming,TRUE,0.990,4458,0,SUCCESS,workpiece_01,0.0000,0.0000,0.0000,0.0000,0.0000,FALSE,FALSE,4.2174,1.50,TRUE,FAILURE,D_TRACKING_VELOCITY_LIMIT,22.54,Sorted to ASSEMBLY; QC=PASS (conf=0.99); j2_vmax=4.217rad/s
CYC_0057,2026-10-02T22:55:04,8d83b97,2057,0.06,24.0,workpiece_01,blue,conforming,TRUE,0.990,3547,0,SUCCESS,workpiece_01,0.0000,0.0000,0.0000,0.0000,0.0000,FALSE,FALSE,4.3024,1.50,TRUE,FAILURE,D_TRACKING_VELOCITY_LIMIT,10.60,Sorted to ASSEMBLY; QC=PASS (conf=0.99); j2_vmax=4.302rad/s
CYC_0058,2026-10-02T22:55:17,8d83b97,2058,0.06,24.0,workpiece_01,blue,conforming,TRUE,0.990,3886,0,SUCCESS,workpiece_01,0.0000,0.0000,0.0000,0.0000,0.0000,FALSE,FALSE,4.1115,1.50,TRUE,FAILURE,D_TRACKING_VELOCITY_LIMIT,22.64,Sorted to ASSEMBLY; QC=PASS (conf=0.99); j2_vmax=4.112rad/s
CYC_0059,2026-10-02T22:55:41,8d83b97,2059,0.06,24.0,workpiece_01,blue,conforming,TRUE,0.990,4465,0,SUCCESS,workpiece_01,0.0000,0.0000,0.0000,0.0000,0.0000,FALSE,FALSE,4.1925,1.50,TRUE,FAILURE,D_TRACKING_VELOCITY_LIMIT,22.54,Sorted to ASSEMBLY; QC=PASS (conf=0.99); j2_vmax=4.193rad/s
CYC_0060,2026-10-02T22:56:06,8d83b97,2060,0.06,24.0,workpiece_01,blue,conforming,TRUE,0.990,4509,0,SUCCESS,workpiece_01,0.0000,0.0000,0.0000,0.0000,0.0000,FALSE,FALSE,4.1039,1.50,TRUE,FAILURE,D_TRACKING_VELOCITY_LIMIT,22.59,Sorted to ASSEMBLY; QC=PASS (conf=0.99); j2_vmax=4.104rad/s
CYC_0061,2026-10-02T22:56:36,8d83b97,2061,0.08,32.0,workpiece_01,blue,conforming,TRUE,0.990,3696,0,SUCCESS,workpiece_01,0.0000,0.0000,0.0000,0.0000,0.0000,FALSE,FALSE,4.1040,1.50,TRUE,FAILURE,D_TRACKING_VELOCITY_LIMIT,10.59,Sorted to ASSEMBLY; QC=PASS (conf=0.99); j2_vmax=4.104rad/s
CYC_0062,2026-10-02T22:56:49,8d83b97,2062,0.08,32.0,workpiece_01,blue,conforming,TRUE,0.990,4120,0,SUCCESS,workpiece_01,0.0000,0.0000,0.0000,0.0000,0.0000,FALSE,FALSE,4.1041,1.50,TRUE,FAILURE,D_TRACKING_VELOCITY_LIMIT,22.44,Sorted to ASSEMBLY; QC=PASS (conf=0.99); j2_vmax=4.104rad/s
CYC_0063,2026-10-02T22:57:13,8d83b97,2063,0.08,32.0,workpiece_01,blue,conforming,TRUE,0.990,4053,0,SUCCESS,workpiece_01,0.0000,0.0000,0.0000,0.0000,0.0000,FALSE,FALSE,4.1039,1.50,TRUE,FAILURE,D_TRACKING_VELOCITY_LIMIT,22.34,Sorted to ASSEMBLY; QC=PASS (conf=0.99); j2_vmax=4.104rad/s
CYC_0064,2026-10-02T22:57:38,8d83b97,2064,0.08,32.0,workpiece_01,blue,conforming,TRUE,0.990,4036,0,SUCCESS,workpiece_01,0.0000,0.0000,0.0000,0.0000,0.0000,FALSE,FALSE,4.1041,1.50,TRUE,FAILURE,D_TRACKING_VELOCITY_LIMIT,22.64,Sorted to ASSEMBLY; QC=PASS (conf=0.99); j2_vmax=4.104rad/s
CYC_0065,2026-10-02T22:58:02,8d83b97,2065,0.08,32.0,workpiece_01,blue,conforming,TRUE,0.990,4228,0,SUCCESS,workpiece_01,0.0000,0.0000,0.0000,0.0000,0.0000,FALSE,FALSE,4.3683,1.50,TRUE,FAILURE,D_TRACKING_VELOCITY_LIMIT,22.64,Sorted to ASSEMBLY; QC=PASS (conf=0.99); j2_vmax=4.368rad/s
CYC_0066,2026-10-02T22:58:27,8d83b97,2066,0.08,32.0,workpiece_01,blue,conforming,TRUE,0.990,4151,0,SUCCESS,workpiece_01,0.0000,0.0000,0.0000,0.0000,0.0000,FALSE,FALSE,4.1385,1.50,TRUE,FAILURE,D_TRACKING_VELOCITY_LIMIT,22.55,Sorted to ASSEMBLY; QC=PASS (conf=0.99); j2_vmax=4.138rad/s
CYC_0067,2026-10-02T22:58:52,8d83b97,2067,0.08,32.0,workpiece_01,blue,conforming,TRUE,0.990,3792,0,SUCCESS,workpiece_01,0.0000,0.0000,0.0000,0.0000,0.0000,FALSE,FALSE,4.1040,1.50,TRUE,FAILURE,D_TRACKING_VELOCITY_LIMIT,22.34,Sorted to ASSEMBLY; QC=PASS (conf=0.99); j2_vmax=4.104rad/s
CYC_0068,2026-10-02T22:59:16,8d83b97,2068,0.08,32.0,workpiece_01,blue,conforming,TRUE,0.990,4644,0,SUCCESS,workpiece_01,0.0000,0.0000,0.0000,0.0000,0.0000,FALSE,FALSE,4.1039,1.50,TRUE,FAILURE,D_TRACKING_VELOCITY_LIMIT,22.54,Sorted to ASSEMBLY; QC=PASS (conf=0.99); j2_vmax=4.104rad/s
CYC_0069,2026-10-02T22:59:46,8d83b97,2069,0.08,32.0,workpiece_01,blue,conforming,TRUE,0.990,3567,0,SUCCESS,workpiece_01,0.0000,0.0000,0.0000,0.0000,0.0000,FALSE,FALSE,4.1039,1.50,TRUE,FAILURE,D_TRACKING_VELOCITY_LIMIT,10.59,Sorted to ASSEMBLY; QC=PASS (conf=0.99); j2_vmax=4.104rad/s
CYC_0070,2026-10-02T22:59:59,8d83b97,2070,0.08,32.0,workpiece_01,blue,conforming,TRUE,0.990,4850,0,SUCCESS,workpiece_01,0.0000,0.0000,0.0000,0.0000,0.0000,FALSE,FALSE,4.1040,1.50,TRUE,FAILURE,D_TRACKING_VELOCITY_LIMIT,22.79,Sorted to ASSEMBLY; QC=PASS (conf=0.99); j2_vmax=4.104rad/s
CYC_0071,2026-10-02T23:00:24,8d83b97,2071,0.08,32.0,workpiece_01,blue,conforming,TRUE,0.990,3996,0,SUCCESS,workpiece_01,0.0000,0.0000,0.0000,0.0000,0.0000,FALSE,FALSE,4.5357,1.50,TRUE,FAILURE,D_TRACKING_VELOCITY_LIMIT,22.24,Sorted to ASSEMBLY; QC=PASS (conf=0.99); j2_vmax=4.536rad/s
CYC_0072,2026-10-02T23:00:48,8d83b97,2072,0.08,32.0,workpiece_01,blue,conforming,TRUE,0.990,3825,0,SUCCESS,workpiece_01,0.0000,0.0000,0.0000,0.0000,0.0000,FALSE,FALSE,4.1041,1.50,TRUE,FAILURE,D_TRACKING_VELOCITY_LIMIT,22.64,Sorted to ASSEMBLY; QC=PASS (conf=0.99); j2_vmax=4.104rad/s
CYC_0073,2026-10-02T23:01:13,8d83b97,2073,0.08,32.0,workpiece_01,blue,conforming,TRUE,0.990,3830,0,SUCCESS,workpiece_01,0.0000,0.0000,0.0000,0.0000,0.0000,FALSE,FALSE,4.3636,1.50,TRUE,FAILURE,D_TRACKING_VELOCITY_LIMIT,22.45,Sorted to ASSEMBLY; QC=PASS (conf=0.99); j2_vmax=4.364rad/s
CYC_0074,2026-10-02T23:01:37,8d83b97,2074,0.08,32.0,workpiece_01,blue,conforming,TRUE,0.990,4906,0,SUCCESS,workpiece_01,0.0000,0.0000,0.0000,0.0000,0.0000,FALSE,FALSE,4.1039,1.50,TRUE,FAILURE,D_TRACKING_VELOCITY_LIMIT,22.34,Sorted to ASSEMBLY; QC=PASS (conf=0.99); j2_vmax=4.104rad/s
CYC_0075,2026-10-02T23:02:02,8d83b97,2075,0.08,32.0,workpiece_01,blue,conforming,TRUE,0.990,3828,0,SUCCESS,workpiece_01,0.0000,0.0000,0.0000,0.0000,0.0000,FALSE,FALSE,4.1039,1.50,TRUE,FAILURE,D_TRACKING_VELOCITY_LIMIT,22.24,Sorted to ASSEMBLY; QC=PASS (conf=0.99); j2_vmax=4.104rad/s
CYC_0076,2026-10-02T23:02:26,8d83b97,2076,0.08,32.0,workpiece_01,blue,conforming,TRUE,0.990,4982,0,SUCCESS,workpiece_01,0.0000,0.0000,0.0000,0.0000,0.0000,FALSE,FALSE,4.1039,1.50,TRUE,FAILURE,D_TRACKING_VELOCITY_LIMIT,22.44,Sorted to ASSEMBLY; QC=PASS (conf=0.99); j2_vmax=4.104rad/s
CYC_0077,2026-10-02T23:02:56,8d83b97,2077,0.08,32.0,workpiece_01,blue,conforming,TRUE,0.990,3541,0,SUCCESS,workpiece_01,0.0000,0.0000,0.0000,0.0000,0.0000,FALSE,FALSE,4.1040,1.50,TRUE,FAILURE,D_TRACKING_VELOCITY_LIMIT,10.59,Sorted to ASSEMBLY; QC=PASS (conf=0.99); j2_vmax=4.104rad/s
CYC_0078,2026-10-02T23:03:09,8d83b97,2078,0.08,32.0,workpiece_01,blue,conforming,TRUE,0.990,3950,0,SUCCESS,workpiece_01,0.0000,0.0000,0.0000,0.0000,0.0000,FALSE,FALSE,4.4913,1.50,TRUE,FAILURE,D_TRACKING_VELOCITY_LIMIT,23.10,Sorted to ASSEMBLY; QC=PASS (conf=0.99); j2_vmax=4.491rad/s
CYC_0079,2026-10-02T23:03:34,8d83b97,2079,0.08,32.0,workpiece_01,blue,conforming,TRUE,0.990,4880,0,SUCCESS,workpiece_01,0.0000,0.0000,0.0000,0.0000,0.0000,FALSE,FALSE,4.1041,1.50,TRUE,FAILURE,D_TRACKING_VELOCITY_LIMIT,22.79,Sorted to ASSEMBLY; QC=PASS (conf=0.99); j2_vmax=4.104rad/s
CYC_0080,2026-10-02T23:03:59,8d83b97,2080,0.08,32.0,workpiece_01,blue,conforming,TRUE,0.990,3808,0,SUCCESS,workpiece_01,0.0000,0.0000,0.0000,0.0000,0.0000,FALSE,FALSE,4.2738,1.50,TRUE,FAILURE,D_TRACKING_VELOCITY_LIMIT,22.54,Sorted to ASSEMBLY; QC=PASS (conf=0.99); j2_vmax=4.274rad/s
CYC_0081,2026-10-02T23:04:29,8d83b97,2081,0.10,40.0,workpiece_01,blue,conforming,TRUE,0.990,4022,0,SUCCESS,workpiece_01,0.0000,0.0000,0.0000,0.0000,0.0000,FALSE,FALSE,4.3649,1.50,TRUE,FAILURE,D_TRACKING_VELOCITY_LIMIT,10.60,Sorted to ASSEMBLY; QC=PASS (conf=0.99); j2_vmax=4.365rad/s
CYC_0082,2026-10-02T23:04:42,8d83b97,2082,0.10,40.0,workpiece_02,blue,conforming,TRUE,0.990,5168,0,SUCCESS,workpiece_02,0.0000,0.0000,0.0000,0.0000,0.0000,FALSE,FALSE,4.1040,1.50,TRUE,FAILURE,D_TRACKING_VELOCITY_LIMIT,10.91,Sorted to ASSEMBLY; QC=PASS (conf=0.99); j2_vmax=4.104rad/s
CYC_0083,2026-10-02T23:04:55,8d83b97,2083,0.10,40.0,workpiece_03,blue,conforming,TRUE,0.990,3737,0,SUCCESS,workpiece_03,0.0000,0.0000,0.0000,0.0000,0.0000,FALSE,FALSE,4.1039,1.50,TRUE,FAILURE,D_TRACKING_VELOCITY_LIMIT,11.61,Sorted to ASSEMBLY; QC=PASS (conf=0.99); j2_vmax=4.104rad/s
CYC_0084,2026-10-02T23:05:08,8d83b97,2084,0.10,40.0,workpiece_04,red,defective,FALSE,0.990,0,3542,SUCCESS,workpiece_04,0.0000,0.0000,0.0000,0.0000,0.0000,FALSE,FALSE,7.2784,1.50,TRUE,FAILURE,D_TRACKING_VELOCITY_LIMIT,11.42,Sorted to REJECT; QC=DEFECT (conf=0.99); j2_vmax=7.278rad/s
CYC_0085,2026-10-02T23:05:22,8d83b97,2085,0.10,40.0,workpiece_05,blue,conforming,TRUE,0.990,3292,0,SUCCESS,workpiece_05,0.0000,0.0000,0.0000,0.0000,0.0000,FALSE,FALSE,4.1044,1.50,TRUE,FAILURE,D_TRACKING_VELOCITY_LIMIT,11.39,Sorted to ASSEMBLY; QC=PASS (conf=0.99); j2_vmax=4.104rad/s
CYC_0086,2026-10-02T23:05:35,8d83b97,2086,0.10,40.0,workpiece_06,blue,conforming,TRUE,0.990,4486,0,SUCCESS,workpiece_06,0.0000,0.0000,0.0000,0.0000,0.0000,FALSE,FALSE,4.1045,1.50,TRUE,FAILURE,D_TRACKING_VELOCITY_LIMIT,11.07,Sorted to ASSEMBLY; QC=PASS (conf=0.99); j2_vmax=4.105rad/s
CYC_0087,2026-10-02T23:05:48,8d83b97,2087,0.10,40.0,workpiece_07,red,defective,FALSE,0.990,0,5191,SUCCESS,workpiece_07,0.0000,0.0000,0.0000,0.0000,0.0000,FALSE,FALSE,7.2455,1.50,TRUE,FAILURE,D_TRACKING_VELOCITY_LIMIT,11.19,Sorted to REJECT; QC=DEFECT (conf=0.99); j2_vmax=7.246rad/s
CYC_0088,2026-10-02T23:06:01,8d83b97,2088,0.10,40.0,workpiece_08,blue,conforming,TRUE,0.990,4280,0,SUCCESS,workpiece_08,0.0000,0.0000,0.0000,0.0000,0.0000,FALSE,FALSE,6.6089,1.50,TRUE,FAILURE,D_TRACKING_VELOCITY_LIMIT,11.48,Sorted to ASSEMBLY; QC=PASS (conf=0.99); j2_vmax=6.609rad/s
CYC_0089,2026-10-02T23:06:21,8d83b97,2089,0.10,40.0,workpiece_01,blue,conforming,TRUE,0.990,3707,0,SUCCESS,workpiece_01,0.0000,0.0000,0.0000,0.0000,0.0000,FALSE,FALSE,4.1040,1.50,TRUE,FAILURE,D_TRACKING_VELOCITY_LIMIT,10.59,Sorted to ASSEMBLY; QC=PASS (conf=0.99); j2_vmax=4.104rad/s
CYC_0090,2026-10-02T23:06:33,8d83b97,2090,0.10,40.0,workpiece_02,blue,conforming,TRUE,0.990,5409,0,SUCCESS,workpiece_02,0.0000,0.0000,0.0000,0.0000,0.0000,FALSE,FALSE,4.1041,1.50,TRUE,FAILURE,D_TRACKING_VELOCITY_LIMIT,11.12,Sorted to ASSEMBLY; QC=PASS (conf=0.99); j2_vmax=4.104rad/s
CYC_0091,2026-10-02T23:06:46,8d83b97,2091,0.10,40.0,workpiece_03,blue,conforming,TRUE,0.990,5234,0,SUCCESS,workpiece_03,0.0000,0.0000,0.0000,0.0000,0.0000,FALSE,FALSE,4.1042,1.50,TRUE,FAILURE,D_TRACKING_VELOCITY_LIMIT,11.23,Sorted to ASSEMBLY; QC=PASS (conf=0.99); j2_vmax=4.104rad/s
CYC_0092,2026-10-02T23:07:00,8d83b97,2092,0.10,40.0,workpiece_04,red,defective,FALSE,0.990,0,4692,SUCCESS,workpiece_04,0.0000,0.0000,0.0000,0.0000,0.0000,FALSE,FALSE,7.3193,1.50,TRUE,FAILURE,D_TRACKING_VELOCITY_LIMIT,11.20,Sorted to REJECT; QC=DEFECT (conf=0.99); j2_vmax=7.319rad/s
CYC_0093,2026-10-02T23:07:13,8d83b97,2093,0.10,40.0,workpiece_05,blue,conforming,TRUE,0.990,3674,0,SUCCESS,workpiece_05,0.0000,0.0000,0.0000,0.0000,0.0000,FALSE,FALSE,4.1043,1.50,TRUE,FAILURE,D_TRACKING_VELOCITY_LIMIT,11.34,Sorted to ASSEMBLY; QC=PASS (conf=0.99); j2_vmax=4.104rad/s
CYC_0094,2026-10-02T23:07:26,8d83b97,2094,0.10,40.0,workpiece_06,blue,conforming,TRUE,0.990,4395,0,SUCCESS,workpiece_06,0.0000,0.0000,0.0000,0.0000,0.0000,FALSE,FALSE,4.1045,1.50,TRUE,FAILURE,D_TRACKING_VELOCITY_LIMIT,11.26,Sorted to ASSEMBLY; QC=PASS (conf=0.99); j2_vmax=4.104rad/s
CYC_0095,2026-10-02T23:07:40,8d83b97,2095,0.10,40.0,workpiece_07,red,defective,FALSE,0.990,0,3679,SUCCESS,workpiece_07,0.0000,0.0000,0.0000,0.0000,0.0000,FALSE,FALSE,7.2704,1.50,TRUE,FAILURE,D_TRACKING_VELOCITY_LIMIT,11.33,Sorted to REJECT; QC=DEFECT (conf=0.99); j2_vmax=7.270rad/s
CYC_0096,2026-10-02T23:07:53,8d83b97,2096,0.10,40.0,workpiece_08,blue,conforming,TRUE,0.990,3220,0,SUCCESS,workpiece_08,0.0000,0.0000,0.0000,0.0000,0.0000,FALSE,FALSE,4.1042,1.50,TRUE,FAILURE,D_TRACKING_VELOCITY_LIMIT,11.27,Sorted to ASSEMBLY; QC=PASS (conf=0.99); j2_vmax=4.104rad/s
CYC_0097,2026-10-02T23:08:12,8d83b97,2097,0.10,40.0,workpiece_01,blue,conforming,TRUE,0.990,3707,0,SUCCESS,workpiece_01,0.0000,0.0000,0.0000,0.0000,0.0000,FALSE,FALSE,4.1040,1.50,TRUE,FAILURE,D_TRACKING_VELOCITY_LIMIT,10.59,Sorted to ASSEMBLY; QC=PASS (conf=0.99); j2_vmax=4.104rad/s
CYC_0098,2026-10-02T23:08:25,8d83b97,2098,0.10,40.0,workpiece_02,blue,conforming,TRUE,0.990,5276,0,SUCCESS,workpiece_02,0.0000,0.0000,0.0000,0.0000,0.0000,FALSE,FALSE,4.3589,1.50,TRUE,FAILURE,D_TRACKING_VELOCITY_LIMIT,11.15,Sorted to ASSEMBLY; QC=PASS (conf=0.99); j2_vmax=4.359rad/s
CYC_0099,2026-10-02T23:08:38,8d83b97,2099,0.10,40.0,workpiece_03,blue,conforming,TRUE,0.990,5766,0,SUCCESS,workpiece_03,0.0000,0.0000,0.0000,0.0000,0.0000,FALSE,FALSE,4.1040,1.50,TRUE,FAILURE,D_TRACKING_VELOCITY_LIMIT,11.21,Sorted to ASSEMBLY; QC=PASS (conf=0.99); j2_vmax=4.104rad/s
CYC_0100,2026-10-02T23:08:51,8d83b97,2100,0.10,40.0,workpiece_04,red,defective,FALSE,0.990,0,4386,SUCCESS,workpiece_04,0.0000,0.0000,0.0000,0.0000,0.0000,FALSE,FALSE,9.0969,1.50,TRUE,FAILURE,D_TRACKING_VELOCITY_LIMIT,11.19,Sorted to REJECT; QC=DEFECT (conf=0.99); j2_vmax=9.097rad/s
CYC_0101,2026-10-02T23:09:10,8d83b97,2101,0.12,48.0,workpiece_01,blue,conforming,TRUE,0.990,3560,0,SUCCESS,workpiece_01,0.0000,0.0000,0.0000,0.0000,0.0000,FALSE,FALSE,4.1040,1.50,TRUE,FAILURE,D_TRACKING_VELOCITY_LIMIT,10.59,Sorted to ASSEMBLY; QC=PASS (conf=0.99); j2_vmax=4.104rad/s
CYC_0102,2026-10-02T23:09:23,8d83b97,2102,0.12,48.0,workpiece_02,blue,conforming,TRUE,0.990,5428,0,SUCCESS,workpiece_02,0.0000,0.0000,0.0000,0.0000,0.0000,FALSE,FALSE,4.1041,1.50,TRUE,FAILURE,D_TRACKING_VELOCITY_LIMIT,11.16,Sorted to ASSEMBLY; QC=PASS (conf=0.99); j2_vmax=4.104rad/s
CYC_0103,2026-10-02T23:09:36,8d83b97,2103,0.12,48.0,workpiece_03,blue,conforming,TRUE,0.990,3884,0,SUCCESS,workpiece_03,0.0000,0.0000,0.0000,0.0000,0.0000,FALSE,FALSE,4.1042,1.50,TRUE,FAILURE,D_TRACKING_VELOCITY_LIMIT,11.01,Sorted to ASSEMBLY; QC=PASS (conf=0.99); j2_vmax=4.104rad/s
CYC_0104,2026-10-02T23:09:49,8d83b97,2104,0.12,48.0,workpiece_04,red,defective,FALSE,0.990,0,3995,SUCCESS,workpiece_04,0.0000,0.0000,0.0000,0.0000,0.0000,FALSE,FALSE,7.2940,1.50,TRUE,FAILURE,D_TRACKING_VELOCITY_LIMIT,10.99,Sorted to REJECT; QC=DEFECT (conf=0.99); j2_vmax=7.294rad/s
CYC_0105,2026-10-02T23:10:02,8d83b97,2105,0.12,48.0,workpiece_05,blue,conforming,TRUE,0.990,3777,0,SUCCESS,workpiece_05,0.0000,0.0000,0.0000,0.0000,0.0000,FALSE,FALSE,4.1040,1.50,TRUE,FAILURE,D_TRACKING_VELOCITY_LIMIT,11.08,Sorted to ASSEMBLY; QC=PASS (conf=0.99); j2_vmax=4.104rad/s
CYC_0106,2026-10-02T23:10:15,8d83b97,2106,0.12,48.0,workpiece_06,blue,conforming,TRUE,0.990,3874,0,SUCCESS,workpiece_06,0.0000,0.0000,0.0000,0.0000,0.0000,FALSE,FALSE,4.1045,1.50,TRUE,FAILURE,D_TRACKING_VELOCITY_LIMIT,10.89,Sorted to ASSEMBLY; QC=PASS (conf=0.99); j2_vmax=4.105rad/s
CYC_0107,2026-10-02T23:10:28,8d83b97,2107,0.12,48.0,workpiece_07,red,defective,FALSE,0.990,0,3788,SUCCESS,workpiece_07,0.0000,0.0000,0.0000,0.0000,0.0000,FALSE,FALSE,7.2986,1.50,TRUE,FAILURE,D_TRACKING_VELOCITY_LIMIT,11.06,Sorted to REJECT; QC=DEFECT (conf=0.99); j2_vmax=7.299rad/s
CYC_0108,2026-10-02T23:10:41,8d83b97,2108,0.12,48.0,workpiece_08,blue,conforming,TRUE,0.990,3616,0,SUCCESS,workpiece_08,0.0000,0.0000,0.0000,0.0000,0.0000,FALSE,FALSE,4.1042,1.50,TRUE,FAILURE,D_TRACKING_VELOCITY_LIMIT,10.95,Sorted to ASSEMBLY; QC=PASS (conf=0.99); j2_vmax=4.104rad/s
CYC_0109,2026-10-02T23:11:00,8d83b97,2109,0.12,48.0,workpiece_01,blue,conforming,TRUE,0.990,3561,0,SUCCESS,workpiece_01,0.0000,0.0000,0.0000,0.0000,0.0000,FALSE,FALSE,4.1839,1.50,TRUE,FAILURE,D_TRACKING_VELOCITY_LIMIT,10.60,Sorted to ASSEMBLY; QC=PASS (conf=0.99); j2_vmax=4.184rad/s
CYC_0110,2026-10-02T23:11:13,8d83b97,2110,0.12,48.0,workpiece_02,blue,conforming,TRUE,0.990,3835,0,SUCCESS,workpiece_02,0.0000,0.0000,0.0000,0.0000,0.0000,FALSE,FALSE,4.1067,1.50,TRUE,FAILURE,D_TRACKING_VELOCITY_LIMIT,10.97,Sorted to ASSEMBLY; QC=PASS (conf=0.99); j2_vmax=4.107rad/s
CYC_0111,2026-10-02T23:11:26,8d83b97,2111,0.12,48.0,workpiece_03,blue,conforming,TRUE,0.990,4666,0,SUCCESS,workpiece_03,0.0000,0.0000,0.0000,0.0000,0.0000,FALSE,FALSE,4.1042,1.50,TRUE,FAILURE,D_TRACKING_VELOCITY_LIMIT,11.03,Sorted to ASSEMBLY; QC=PASS (conf=0.99); j2_vmax=4.104rad/s
CYC_0112,2026-10-02T23:11:39,8d83b97,2112,0.12,48.0,workpiece_04,red,defective,FALSE,0.990,0,3908,SUCCESS,workpiece_04,0.0000,0.0000,0.0000,0.0000,0.0000,FALSE,FALSE,7.2878,1.50,TRUE,FAILURE,D_TRACKING_VELOCITY_LIMIT,10.97,Sorted to REJECT; QC=DEFECT (conf=0.99); j2_vmax=7.288rad/s
CYC_0113,2026-10-02T23:11:52,8d83b97,2113,0.12,48.0,workpiece_05,blue,conforming,TRUE,0.990,3426,0,SUCCESS,workpiece_05,0.0000,0.0000,0.0000,0.0000,0.0000,FALSE,FALSE,4.3909,1.50,TRUE,FAILURE,D_TRACKING_VELOCITY_LIMIT,11.00,Sorted to ASSEMBLY; QC=PASS (conf=0.99); j2_vmax=4.391rad/s
CYC_0114,2026-10-02T23:12:05,8d83b97,2114,0.12,48.0,workpiece_06,blue,conforming,TRUE,0.989,5374,25,SUCCESS,workpiece_06,0.0000,0.0000,0.0000,0.0000,0.0000,FALSE,FALSE,4.1216,1.50,TRUE,FAILURE,D_TRACKING_VELOCITY_LIMIT,11.11,Sorted to ASSEMBLY; QC=PASS (conf=0.99); j2_vmax=4.122rad/s
CYC_0115,2026-10-02T23:12:18,8d83b97,2115,0.12,48.0,workpiece_07,red,defective,FALSE,0.990,0,3756,SUCCESS,workpiece_07,0.0000,0.0000,0.0000,0.0000,0.0000,FALSE,FALSE,7.2836,1.50,TRUE,FAILURE,D_TRACKING_VELOCITY_LIMIT,11.03,Sorted to REJECT; QC=DEFECT (conf=0.99); j2_vmax=7.284rad/s
CYC_0116,2026-10-02T23:12:31,8d83b97,2116,0.12,48.0,workpiece_08,blue,conforming,TRUE,0.990,4408,0,SUCCESS,workpiece_08,0.0000,0.0000,0.0000,0.0000,0.0000,FALSE,FALSE,4.1042,1.50,TRUE,FAILURE,D_TRACKING_VELOCITY_LIMIT,11.16,Sorted to ASSEMBLY; QC=PASS (conf=0.99); j2_vmax=4.104rad/s
CYC_0117,2026-10-02T23:12:49,8d83b97,2117,0.12,48.0,workpiece_01,blue,conforming,TRUE,0.990,4456,0,SUCCESS,workpiece_01,0.0000,0.0000,0.0000,0.0000,0.0000,FALSE,FALSE,4.1838,1.50,TRUE,FAILURE,D_TRACKING_VELOCITY_LIMIT,10.59,Sorted to ASSEMBLY; QC=PASS (conf=0.99); j2_vmax=4.184rad/s
CYC_0118,2026-10-02T23:13:02,8d83b97,2118,0.12,48.0,workpiece_02,blue,conforming,TRUE,0.990,3720,0,SUCCESS,workpiece_02,0.0000,0.0000,0.0000,0.0000,0.0000,FALSE,FALSE,4.1039,1.50,TRUE,FAILURE,D_TRACKING_VELOCITY_LIMIT,11.02,Sorted to ASSEMBLY; QC=PASS (conf=0.99); j2_vmax=4.104rad/s
CYC_0119,2026-10-02T23:13:15,8d83b97,2119,0.12,48.0,workpiece_03,blue,conforming,TRUE,0.990,4138,0,SUCCESS,workpiece_03,0.0000,0.0000,0.0000,0.0000,0.0000,FALSE,FALSE,4.3696,1.50,TRUE,FAILURE,D_TRACKING_VELOCITY_LIMIT,10.99,Sorted to ASSEMBLY; QC=PASS (conf=0.99); j2_vmax=4.370rad/s
CYC_0120,2026-10-02T23:13:28,8d83b97,2120,0.12,48.0,workpiece_04,red,defective,FALSE,0.990,0,3738,SUCCESS,workpiece_04,0.0000,0.0000,0.0000,0.0000,0.0000,FALSE,FALSE,7.2796,1.50,TRUE,FAILURE,D_TRACKING_VELOCITY_LIMIT,11.01,Sorted to REJECT; QC=DEFECT (conf=0.99); j2_vmax=7.280rad/s
CYC_0121,2026-10-02T23:13:47,8d83b97,2121,0.14,56.0,workpiece_01,blue,conforming,TRUE,0.990,3947,0,SUCCESS,workpiece_01,0.0000,0.0000,0.0000,0.0000,0.0000,FALSE,FALSE,4.1830,1.50,TRUE,FAILURE,D_TRACKING_VELOCITY_LIMIT,10.59,Sorted to ASSEMBLY; QC=PASS (conf=0.99); j2_vmax=4.183rad/s
CYC_0122,2026-10-02T23:14:00,8d83b97,2122,0.14,56.0,workpiece_02,blue,conforming,TRUE,0.990,4461,0,SUCCESS,workpiece_02,0.0000,0.0000,0.0000,0.0000,0.0000,FALSE,FALSE,4.1039,1.50,TRUE,FAILURE,D_TRACKING_VELOCITY_LIMIT,10.91,Sorted to ASSEMBLY; QC=PASS (conf=0.99); j2_vmax=4.104rad/s
CYC_0123,2026-10-02T23:14:13,8d83b97,2123,0.14,56.0,workpiece_03,blue,conforming,TRUE,0.988,4648,38,SUCCESS,workpiece_03,0.0000,0.0000,0.0000,0.0000,0.0000,FALSE,FALSE,4.1039,1.50,TRUE,FAILURE,D_TRACKING_VELOCITY_LIMIT,10.88,Sorted to ASSEMBLY; QC=PASS (conf=0.99); j2_vmax=4.104rad/s
CYC_0124,2026-10-02T23:14:26,8d83b97,2124,0.14,56.0,workpiece_04,red,defective,FALSE,0.990,0,3795,SUCCESS,workpiece_04,0.0000,0.0000,0.0000,0.0000,0.0000,FALSE,FALSE,7.2800,1.50,TRUE,FAILURE,D_TRACKING_VELOCITY_LIMIT,10.88,Sorted to REJECT; QC=DEFECT (conf=0.99); j2_vmax=7.280rad/s
CYC_0125,2026-10-02T23:14:39,8d83b97,2125,0.14,56.0,workpiece_05,blue,conforming,TRUE,0.990,3372,0,SUCCESS,workpiece_05,0.0000,0.0000,0.0000,0.0000,0.0000,FALSE,FALSE,4.1044,1.50,TRUE,FAILURE,D_TRACKING_VELOCITY_LIMIT,10.93,Sorted to ASSEMBLY; QC=PASS (conf=0.99); j2_vmax=4.104rad/s
CYC_0126,2026-10-02T23:14:52,8d83b97,2126,0.14,56.0,workpiece_06,blue,conforming,TRUE,0.990,5380,0,SUCCESS,workpiece_06,0.0000,0.0000,0.0000,0.0000,0.0000,FALSE,FALSE,4.1041,1.50,TRUE,FAILURE,D_TRACKING_VELOCITY_LIMIT,11.05,Sorted to ASSEMBLY; QC=PASS (conf=0.99); j2_vmax=4.104rad/s
CYC_0127,2026-10-02T23:15:05,8d83b97,2127,0.14,56.0,workpiece_07,red,defective,FALSE,0.986,94,5996,SUCCESS,workpiece_07,0.0000,0.0000,0.0000,0.0000,0.0000,FALSE,FALSE,7.3460,1.50,TRUE,FAILURE,D_TRACKING_VELOCITY_LIMIT,10.97,Sorted to REJECT; QC=DEFECT (conf=0.99); j2_vmax=7.346rad/s
CYC_0128,2026-10-02T23:15:18,8d83b97,2128,0.14,56.0,workpiece_08,blue,conforming,TRUE,0.990,3897,0,SUCCESS,workpiece_08,0.0000,0.0000,0.0000,0.0000,0.0000,FALSE,FALSE,4.1149,1.50,TRUE,FAILURE,D_TRACKING_VELOCITY_LIMIT,10.89,Sorted to ASSEMBLY; QC=PASS (conf=0.99); j2_vmax=4.115rad/s
CYC_0129,2026-10-02T23:15:37,8d83b97,2129,0.14,56.0,workpiece_01,blue,conforming,TRUE,0.990,3914,0,SUCCESS,workpiece_01,0.0000,0.0000,0.0000,0.0000,0.0000,FALSE,FALSE,4.2400,1.50,TRUE,FAILURE,D_TRACKING_VELOCITY_LIMIT,10.60,Sorted to ASSEMBLY; QC=PASS (conf=0.99); j2_vmax=4.240rad/s
CYC_0130,2026-10-02T23:15:49,8d83b97,2130,0.14,56.0,workpiece_02,blue,conforming,TRUE,0.990,4112,0,SUCCESS,workpiece_02,0.0000,0.0000,0.0000,0.0000,0.0000,FALSE,FALSE,4.3811,1.50,TRUE,FAILURE,D_TRACKING_VELOCITY_LIMIT,10.97,Sorted to ASSEMBLY; QC=PASS (conf=0.99); j2_vmax=4.381rad/s
CYC_0131,2026-10-02T23:16:02,8d83b97,2131,0.14,56.0,workpiece_03,blue,conforming,TRUE,0.962,3581,468,SUCCESS,workpiece_03,0.0000,0.0000,0.0000,0.0000,0.0000,FALSE,FALSE,4.2115,1.50,TRUE,FAILURE,D_TRACKING_VELOCITY_LIMIT,10.91,Sorted to ASSEMBLY; QC=PASS (conf=0.96); j2_vmax=4.212rad/s
CYC_0132,2026-10-02T23:16:15,8d83b97,2132,0.14,56.0,workpiece_04,red,defective,FALSE,0.990,0,4588,SUCCESS,workpiece_04,0.0000,0.0000,0.0000,0.0000,0.0000,FALSE,FALSE,7.3610,1.50,TRUE,FAILURE,D_TRACKING_VELOCITY_LIMIT,10.84,Sorted to REJECT; QC=DEFECT (conf=0.99); j2_vmax=7.361rad/s
CYC_0133,2026-10-02T23:16:28,8d83b97,2133,0.14,56.0,workpiece_05,blue,conforming,TRUE,0.990,3891,0,SUCCESS,workpiece_05,0.0000,0.0000,0.0000,0.0000,0.0000,FALSE,FALSE,4.1044,1.50,TRUE,FAILURE,D_TRACKING_VELOCITY_LIMIT,11.14,Sorted to ASSEMBLY; QC=PASS (conf=0.99); j2_vmax=4.104rad/s
CYC_0134,2026-10-02T23:16:41,8d83b97,2134,0.14,56.0,workpiece_06,blue,conforming,TRUE,0.969,3850,378,SUCCESS,workpiece_06,0.0000,0.0000,0.0000,0.0000,0.0000,FALSE,FALSE,4.1045,1.50,TRUE,FAILURE,D_TRACKING_VELOCITY_LIMIT,10.99,Sorted to ASSEMBLY; QC=PASS (conf=0.97); j2_vmax=4.104rad/s
CYC_0135,2026-10-02T23:16:54,8d83b97,2135,0.14,56.0,workpiece_07,red,defective,FALSE,0.990,0,3558,SUCCESS,workpiece_07,0.0000,0.0000,0.0000,0.0000,0.0000,FALSE,FALSE,7.3609,1.50,TRUE,FAILURE,D_TRACKING_VELOCITY_LIMIT,10.84,Sorted to REJECT; QC=DEFECT (conf=0.99); j2_vmax=7.361rad/s
CYC_0136,2026-10-02T23:17:07,8d83b97,2136,0.14,56.0,workpiece_08,blue,conforming,TRUE,0.990,3637,0,SUCCESS,workpiece_08,0.0000,0.0000,0.0000,0.0000,0.0000,FALSE,FALSE,4.1042,1.50,TRUE,FAILURE,D_TRACKING_VELOCITY_LIMIT,10.98,Sorted to ASSEMBLY; QC=PASS (conf=0.99); j2_vmax=4.104rad/s
CYC_0137,2026-10-02T23:17:26,8d83b97,2137,0.14,56.0,workpiece_01,blue,conforming,TRUE,0.990,4649,0,SUCCESS,workpiece_01,0.0000,0.0000,0.0000,0.0000,0.0000,FALSE,FALSE,4.1039,1.50,TRUE,FAILURE,D_TRACKING_VELOCITY_LIMIT,10.60,Sorted to ASSEMBLY; QC=PASS (conf=0.99); j2_vmax=4.104rad/s
CYC_0138,2026-10-02T23:17:39,8d83b97,2138,0.14,56.0,workpiece_02,blue,conforming,TRUE,0.990,4533,0,SUCCESS,workpiece_02,0.0000,0.0000,0.0000,0.0000,0.0000,FALSE,FALSE,4.1041,1.50,TRUE,FAILURE,D_TRACKING_VELOCITY_LIMIT,10.88,Sorted to ASSEMBLY; QC=PASS (conf=0.99); j2_vmax=4.104rad/s
CYC_0139,2026-10-02T23:17:52,8d83b97,2139,0.14,56.0,workpiece_03,blue,conforming,TRUE,0.990,3694,0,SUCCESS,workpiece_03,0.0000,0.0000,0.0000,0.0000,0.0000,FALSE,FALSE,4.1217,1.50,TRUE,FAILURE,D_TRACKING_VELOCITY_LIMIT,10.87,Sorted to ASSEMBLY; QC=PASS (conf=0.99); j2_vmax=4.122rad/s
CYC_0140,2026-10-02T23:18:05,8d83b97,2140,0.14,56.0,workpiece_04,red,defective,FALSE,0.990,0,4056,SUCCESS,workpiece_04,0.0000,0.0000,0.0000,0.0000,0.0000,FALSE,FALSE,7.2935,1.50,TRUE,FAILURE,D_TRACKING_VELOCITY_LIMIT,11.15,Sorted to REJECT; QC=DEFECT (conf=0.99); j2_vmax=7.294rad/s
