trial_id,seed,commit_hash,timestamp,lux,z_ground_truth_m,z_band,d_tips,d_ground,d_facet,d_target,z_est_1pt_m,err_1pt_mm,z_est_2pt_m,err_2pt_mm,z_est_3pt_m,err_3pt_mm,inference_time_ms
DEPTH_001,50001,8d83b97,2026-10-03T21:43:59.324241,80,0.2513,"mid [0.15, 0.30)",0.9410,0.0435,0.4081,0.4081,0.1398,111.54,0.1321,119.23,0.1277,123.63,370.49
DEPTH_002,50002,8d83b97,2026-10-03T21:44:00.455686,80,0.3041,"high [0.30, 0.45]",0.8559,0.0170,0.3665,0.3665,0.1414,162.76,0.1298,174.35,0.1263,177.85,62.40
DEPTH_003,50003,8d83b97,2026-10-03T21:44:00.878050,80,0.3005,"high [0.30, 0.45]",0.8474,0.0152,0.4577,0.4577,0.1149,185.56,0.1085,192.04,0.1121,188.44,62.65
DEPTH_004,50004,8d83b97,2026-10-03T21:44:01.299358,80,0.2978,"mid [0.15, 0.30)",0.7762,0.0218,0.3603,0.3603,0.1316,166.16,0.1230,174.77,0.1220,175.80,60.25
DEPTH_005,50005,8d83b97,2026-10-03T21:44:01.716234,80,0.2879,"mid [0.15, 0.30)",0.8057,0.0456,0.3453,0.3453,0.1413,146.67,0.1349,153.02,0.1294,158.54,60.23
DEPTH_006,50006,8d83b97,2026-10-03T21:44:02.136903,80,0.2867,"mid [0.15, 0.30)",0.7947,0.0136,0.3517,0.3517,0.1373,149.36,0.1263,160.41,0.1241,162.59,59.04
DEPTH_007,50007,8d83b97,2026-10-03T21:44:02.567219,80,0.2718,"mid [0.15, 0.30)",0.8331,0.0199,0.3584,0.3584,0.1408,131.00,0.1298,141.93,0.1263,145.45,60.94
DEPTH_008,50008,8d83b97,2026-10-03T21:44:03.010252,80,0.2741,"mid [0.15, 0.30)",0.8037,0.0217,0.3530,0.3530,0.1383,135.82,0.1282,145.84,0.1253,148.75,58.21
DEPTH_009,50009,8d83b97,2026-10-03T21:44:03.438132,80,0.2671,"mid [0.15, 0.30)",0.8692,0.0440,0.3969,0.3969,0.1336,133.53,0.1274,139.73,0.1248,142.32,58.83
DEPTH_010,50010,8d83b97,2026-10-03T21:44:03.858435,80,0.2614,"mid [0.15, 0.30)",0.8163,0.0122,0.3465,0.3465,0.1425,118.89,0.1300,131.39,0.1264,134.96,60.08
DEPTH_011,50011,8d83b97,2026-10-03T21:44:04.278816,80,0.2582,"mid [0.15, 0.30)",0.8173,0.0398,0.4012,0.4012,0.1252,132.92,0.1199,138.26,0.1199,138.23,61.63
DEPTH_012,50012,8d83b97,2026-10-03T21:44:04.716544,80,0.2585,"mid [0.15, 0.30)",0.8203,0.0210,0.3247,0.3247,0.1515,107.05,0.1384,120.06,0.1315,127.05,62.67
DEPTH_013,50013,8d83b97,2026-10-03T21:44:05.136447,80,0.2488,"mid [0.15, 0.30)",0.8873,0.0259,0.4075,0.4075,0.1329,115.90,0.1242,124.61,0.1227,126.04,59.22
DEPTH_014,50014,8d83b97,2026-10-03T21:44:05.557839,80,0.2459,"mid [0.15, 0.30)",0.8458,0.0207,0.3609,0.3609,0.1418,104.11,0.1307,115.19,0.1269,119.05,59.66
DEPTH_015,50015,8d83b97,2026-10-03T21:44:05.986441,80,0.2424,"mid [0.15, 0.30)",0.9154,0.0309,0.4585,0.4585,0.1230,119.42,0.1165,125.94,0.1176,124.79,59.87
DEPTH_016,50016,8d83b97,2026-10-03T21:44:06.448826,80,0.2346,"mid [0.15, 0.30)",0.8125,0.0439,0.3305,0.3305,0.1479,86.66,0.1402,94.31,0.1325,102.07,60.27
DEPTH_017,50017,8d83b97,2026-10-03T21:44:06.921961,80,0.2336,"mid [0.15, 0.30)",0.9102,0.0515,0.3791,0.3791,0.1449,88.72,0.1380,95.52,0.1312,102.34,60.07
DEPTH_018,50018,8d83b97,2026-10-03T21:44:07.329817,80,0.1799,"mid [0.15, 0.30)",0.8318,0.0530,0.3365,0.3365,0.1486,31.29,0.1426,37.31,0.1338,46.11,58.51
DEPTH_019,50019,8d83b97,2026-10-03T21:44:07.768505,80,0.1835,"mid [0.15, 0.30)",0.8109,0.0469,0.3390,0.3390,0.1444,39.11,0.1378,45.64,0.1311,52.37,56.98
DEPTH_020,50020,8d83b97,2026-10-03T21:44:08.217912,80,0.1759,"mid [0.15, 0.30)",0.8405,0.0604,0.3170,0.3170,0.1580,17.92,0.1527,23.22,0.1391,36.79,55.92
DEPTH_021,50021,8d83b97,2026-10-03T21:44:08.664063,80,0.1648,"mid [0.15, 0.30)",0.8810,0.0481,0.3251,0.3251,0.1609,3.86,0.1515,13.28,0.1385,26.29,57.72
DEPTH_022,50022,8d83b97,2026-10-03T21:44:09.094153,80,0.1572,"mid [0.15, 0.30)",0.8050,0.0589,0.3270,0.3270,0.1480,9.20,0.1438,13.40,0.1345,22.76,57.33
DEPTH_023,50023,8d83b97,2026-10-03T21:44:09.546798,80,0.1556,"mid [0.15, 0.30)",0.8146,0.0512,0.2725,0.2725,0.1750,19.47,0.1656,10.04,0.1452,10.40,58.59
DEPTH_024,50024,8d83b97,2026-10-03T21:44:09.989748,80,0.1442,"pregrasp_low [0.05, 0.15)",0.8798,0.0673,0.4226,0.4226,0.1277,16.49,0.1253,18.84,0.1235,20.69,59.42
DEPTH_025,50025,8d83b97,2026-10-03T21:44:10.406069,80,0.1422,"pregrasp_low [0.05, 0.15)",0.8349,0.0472,0.3721,0.3721,0.1365,5.73,0.1307,11.51,0.1268,15.35,58.98
DEPTH_026,50026,8d83b97,2026-10-03T21:44:10.857579,80,0.1368,"pregrasp_low [0.05, 0.15)",0.7850,0.0721,0.3144,0.3144,0.1499,13.14,0.1493,12.57,0.1374,0.64,58.20
DEPTH_027,50027,8d83b97,2026-10-03T21:44:11.305937,80,0.1348,"pregrasp_low [0.05, 0.15)",0.8436,0.0686,0.3872,0.3872,0.1330,1.79,0.1310,3.75,0.1270,7.71,57.84
DEPTH_028,50028,8d83b97,2026-10-03T21:44:11.756675,80,0.1360,"pregrasp_low [0.05, 0.15)",0.8105,0.0725,0.3884,0.3884,0.1280,8.00,0.1273,8.67,0.1247,11.23,59.15
DEPTH_029,50029,8d83b97,2026-10-03T21:44:12.163069,80,0.1299,"pregrasp_low [0.05, 0.15)",0.8360,0.0870,0.3919,0.3919,0.1305,0.62,0.1319,2.06,0.1276,2.27,59.29
DEPTH_030,50030,8d83b97,2026-10-03T21:44:12.599273,80,0.1272,"pregrasp_low [0.05, 0.15)",0.8580,0.0652,0.3803,0.3803,0.1371,9.89,0.1342,6.93,0.1290,1.71,56.50
DEPTH_031,50031,8d83b97,2026-10-03T21:44:13.010459,80,0.1254,"pregrasp_low [0.05, 0.15)",0.8535,0.0759,0.4157,0.4157,0.1261,0.74,0.1254,0.03,0.1235,1.85,57.53
DEPTH_032,50032,8d83b97,2026-10-03T21:44:13.471072,80,0.1202,"pregrasp_low [0.05, 0.15)",0.8865,0.0764,0.4446,0.4446,0.1229,2.70,0.1219,1.72,0.1212,1.09,56.80
DEPTH_033,50033,8d83b97,2026-10-03T21:44:13.879279,80,0.1199,"pregrasp_low [0.05, 0.15)",0.8275,0.0625,0.3307,0.3307,0.1502,30.22,0.1462,26.29,0.1358,15.83,57.31
DEPTH_034,50034,8d83b97,2026-10-03T21:44:14.291549,80,0.1152,"pregrasp_low [0.05, 0.15)",0.9556,0.0730,0.4279,0.4279,0.1359,20.67,0.1331,17.84,0.1283,13.07,59.66
DEPTH_035,50035,8d83b97,2026-10-03T21:44:14.705126,80,0.1164,"pregrasp_low [0.05, 0.15)",0.8662,0.0767,0.3937,0.3937,0.1341,17.70,0.1332,16.79,0.1284,11.96,57.36
DEPTH_036,50036,8d83b97,2026-10-03T21:44:15.133650,80,0.1131,"pregrasp_low [0.05, 0.15)",0.8883,0.0688,0.4087,0.4087,0.1327,19.58,0.1302,17.09,0.1265,13.44,57.84
DEPTH_037,50037,8d83b97,2026-10-03T21:44:15.600570,80,0.1134,"pregrasp_low [0.05, 0.15)",0.9559,0.0572,0.4613,0.4613,0.1272,13.80,0.1228,9.47,0.1219,8.50,58.58
DEPTH_038,50038,8d83b97,2026-10-03T21:44:16.047087,80,0.1171,"pregrasp_low [0.05, 0.15)",0.9112,0.0467,0.3996,0.3996,0.1384,21.33,0.1317,14.56,0.1274,10.35,56.21
DEPTH_039,50039,8d83b97,2026-10-03T21:44:16.455085,80,0.1207,"pregrasp_low [0.05, 0.15)",0.9141,0.0448,0.3882,0.3882,0.1424,21.73,0.1348,14.07,0.1293,8.62,59.51
DEPTH_040,50040,8d83b97,2026-10-03T21:44:16.889979,80,0.1267,"pregrasp_low [0.05, 0.15)",0.8657,0.0378,0.3030,0.3030,0.1684,41.73,0.1553,28.62,0.1404,13.72,56.84
DEPTH_041,50041,8d83b97,2026-10-03T21:44:17.339620,80,0.0832,"pregrasp_low [0.05, 0.15)",0.8635,0.0540,0.5194,0.5194,0.1042,21.07,0.1021,18.97,0.1076,24.38,61.84
DEPTH_042,50042,8d83b97,2026-10-03T21:44:17.784594,80,0.0802,"pregrasp_low [0.05, 0.15)",0.9491,0.0697,0.6248,0.6248,0.0960,15.76,0.0950,14.73,0.1024,22.17,57.67
DEPTH_043,50043,8d83b97,2026-10-03T21:44:18.235574,80,0.0807,"pregrasp_low [0.05, 0.15)",0.9442,0.0616,0.6170,0.6170,0.0966,15.95,0.0952,14.50,0.1026,21.88,59.05
DEPTH_044,50044,8d83b97,2026-10-03T21:44:18.695059,80,0.0785,"pregrasp_low [0.05, 0.15)",0.9326,0.0633,0.6096,0.6096,0.0966,18.13,0.0953,16.81,0.1026,24.16,60.98
DEPTH_045,50045,8d83b97,2026-10-03T21:44:19.164314,80,0.0755,"pregrasp_low [0.05, 0.15)",0.9460,0.0622,0.6716,0.6716,0.0895,13.99,0.0885,12.96,0.0979,22.30,59.90
DEPTH_046,50046,8d83b97,2026-10-03T21:44:19.615357,80,0.0754,"pregrasp_low [0.05, 0.15)",0.9269,0.0649,0.6361,0.6361,0.0924,16.97,0.0914,15.96,0.0999,24.44,59.25
DEPTH_047,50047,8d83b97,2026-10-03T21:44:20.062522,80,0.0714,"pregrasp_low [0.05, 0.15)",0.8840,0.0718,0.6131,0.6131,0.0915,20.10,0.0910,19.57,0.0996,28.18,59.57
DEPTH_048,50048,8d83b97,2026-10-03T21:44:20.504357,80,0.0676,"pregrasp_low [0.05, 0.15)",0.9390,0.0577,0.7217,0.7217,0.0832,15.56,0.0824,14.74,0.0937,26.08,55.97
DEPTH_049,50049,8d83b97,2026-10-03T21:44:20.959162,80,0.0685,"pregrasp_low [0.05, 0.15)",0.8519,0.0547,0.6337,0.6337,0.0858,17.22,0.0849,16.34,0.0954,26.84,56.20
DEPTH_050,50050,8d83b97,2026-10-03T21:44:21.407254,80,0.0641,"pregrasp_low [0.05, 0.15)",0.9609,0.0612,0.7266,0.7266,0.0845,20.39,0.0836,19.56,0.0945,30.47,57.23
DEPTH_051,50051,8d83b97,2026-10-03T21:44:21.891914,80,0.0632,"pregrasp_low [0.05, 0.15)",0.8691,0.0486,0.6770,0.6770,0.0822,18.98,0.0813,18.11,0.0930,29.84,55.33
DEPTH_052,50052,8d83b97,2026-10-03T21:44:22.358990,80,0.0630,"pregrasp_low [0.05, 0.15)",0.8519,0.0476,0.6558,0.6558,0.0831,20.09,0.0821,19.16,0.0936,30.58,57.48
DEPTH_053,50053,8d83b97,2026-10-03T21:44:22.845198,80,0.0614,"pregrasp_low [0.05, 0.15)",0.8688,0.0590,0.6809,0.6809,0.0817,20.33,0.0811,19.74,0.0929,31.53,58.18
DEPTH_054,50054,8d83b97,2026-10-03T21:44:23.318782,80,0.0563,"pregrasp_low [0.05, 0.15)",0.7307,0.0344,0.4993,0.4993,0.0927,36.44,0.0908,34.52,0.0995,43.16,57.87
DEPTH_055,50055,8d83b97,2026-10-03T21:44:23.806023,80,0.0577,"pregrasp_low [0.05, 0.15)",0.7338,0.0349,0.5320,0.5320,0.0878,30.14,0.0863,28.65,0.0964,38.67,57.52
DEPTH_056,50056,8d83b97,2026-10-03T21:44:24.312455,80,0.0547,"pregrasp_low [0.05, 0.15)",0.7133,0.0486,0.2213,0.2213,0.1866,131.87,0.1772,122.53,0.1500,95.28,57.04
DEPTH_057,50057,8d83b97,2026-10-03T21:44:24.816129,80,0.0515,"pregrasp_low [0.05, 0.15)",0.6973,0.0607,0.3889,0.3889,0.1117,60.13,0.1110,59.49,0.1139,62.33,58.24
DEPTH_058,50058,8d83b97,2026-10-03T21:44:25.304854,80,0.0510,"pregrasp_low [0.05, 0.15)",0.6980,0.0644,0.3385,0.3385,0.1266,75.61,0.1263,75.34,0.1241,73.13,55.83
DEPTH_059,50059,8d83b97,2026-10-03T21:44:25.809734,80,0.0781,"pregrasp_low [0.05, 0.15)",0.6550,0.0317,0.3180,0.3180,0.1265,48.39,0.1210,42.85,0.1206,42.53,58.75
DEPTH_060,50060,8d83b97,2026-10-03T21:44:26.327687,80,0.0766,"pregrasp_low [0.05, 0.15)",0.6583,0.0527,0.2724,0.2724,0.1457,69.13,0.1429,66.35,0.1340,57.41,55.84
DEPTH_061,50061,8d83b97,2026-10-03T21:44:26.842765,150,0.0806,"pregrasp_low [0.05, 0.15)",0.9556,0.0595,0.3964,0.3964,0.1454,64.75,0.1395,58.84,0.1320,51.41,56.51
DEPTH_062,50062,8d83b97,2026-10-03T21:44:27.621807,150,0.3070,"high [0.30, 0.45]",0.8158,0.0003,0.3590,0.3590,0.1380,169.03,0.1248,182.22,0.1232,183.88,57.81
DEPTH_063,50063,8d83b97,2026-10-03T21:44:28.030294,150,0.3033,"high [0.30, 0.45]",0.8610,0.0135,0.4739,0.4739,0.1130,190.36,0.1067,196.65,0.1108,192.54,56.28
DEPTH_064,50064,8d83b97,2026-10-03T21:44:28.443222,150,0.2953,"mid [0.15, 0.30)",0.8297,0.0003,0.3295,0.3295,0.1510,144.32,0.1343,161.03,0.1290,166.30,58.33
DEPTH_065,50065,8d83b97,2026-10-03T21:44:28.858634,150,0.2926,"mid [0.15, 0.30)",0.8461,0.0279,0.3714,0.3714,0.1383,154.25,0.1291,163.50,0.1258,166.72,58.22
DEPTH_066,50066,8d83b97,2026-10-03T21:44:29.270705,150,0.2864,"mid [0.15, 0.30)",0.8427,0.0025,0.3456,0.3456,0.1468,139.61,0.1316,154.79,0.1274,159.00,58.30
DEPTH_067,50067,8d83b97,2026-10-03T21:44:29.680427,150,0.2748,"mid [0.15, 0.30)",0.8478,0.0200,0.3826,0.3826,0.1350,139.82,0.1252,149.59,0.1234,151.39,56.57
DEPTH_068,50068,8d83b97,2026-10-03T21:44:30.099411,150,0.2710,"mid [0.15, 0.30)",0.8596,0.0109,0.3543,0.3543,0.1462,124.83,0.1325,138.53,0.1279,143.08,55.80
DEPTH_069,50069,8d83b97,2026-10-03T21:44:30.503948,150,0.2698,"mid [0.15, 0.30)",0.9419,0.0188,0.3967,0.3967,0.1435,126.36,0.1314,138.41,0.1273,142.53,57.86
DEPTH_070,50070,8d83b97,2026-10-03T21:44:30.981624,150,0.2609,"mid [0.15, 0.30)",0.9302,0.0339,0.4057,0.4057,0.1391,121.80,0.1302,130.73,0.1265,134.37,61.53
DEPTH_071,50071,8d83b97,2026-10-03T21:44:31.468061,150,0.2609,"mid [0.15, 0.30)",0.8754,0.0318,0.3852,0.3852,0.1380,122.91,0.1293,131.67,0.1260,134.97,58.09
DEPTH_072,50072,8d83b97,2026-10-03T21:44:31.913232,150,0.2519,"mid [0.15, 0.30)",0.8742,0.0381,0.3850,0.3850,0.1379,114.03,0.1302,121.78,0.1265,125.42,61.28
DEPTH_073,50073,8d83b97,2026-10-03T21:44:32.375862,150,0.2526,"mid [0.15, 0.30)",0.8744,0.0329,0.3867,0.3867,0.1374,115.22,0.1289,123.69,0.1258,126.87,60.57
DEPTH_074,50074,8d83b97,2026-10-03T21:44:32.785338,150,0.2405,"mid [0.15, 0.30)",0.9487,0.0238,0.4061,0.4061,0.1414,99.14,0.1305,110.04,0.1267,113.82,59.46
DEPTH_075,50075,8d83b97,2026-10-03T21:44:33.230373,150,0.2432,"mid [0.15, 0.30)",0.8728,0.0218,0.4309,0.4309,0.1246,118.56,0.1170,126.20,0.1180,125.21,59.34
DEPTH_076,50076,8d83b97,2026-10-03T21:44:33.649709,150,0.2355,"mid [0.15, 0.30)",0.8951,0.0232,0.3948,0.3948,0.1377,97.81,0.1277,107.86,0.1250,110.56,64.17
DEPTH_077,50077,8d83b97,2026-10-03T21:44:34.118805,150,0.2319,"mid [0.15, 0.30)",0.8900,0.0359,0.3803,0.3803,0.1416,90.25,0.1328,99.08,0.1281,103.74,62.47
DEPTH_078,50078,8d83b97,2026-10-03T21:44:34.572212,150,0.1898,"mid [0.15, 0.30)",0.8805,0.0336,0.4051,0.4051,0.1327,57.17,0.1251,64.78,0.1233,66.52,61.53
DEPTH_079,50079,8d83b97,2026-10-03T21:44:34.986190,150,0.1790,"mid [0.15, 0.30)",0.9013,0.0337,0.4004,0.4004,0.1369,42.15,0.1284,50.57,0.1255,53.56,61.72
DEPTH_080,50080,8d83b97,2026-10-03T21:44:35.405814,150,0.1711,"mid [0.15, 0.30)",0.9141,0.0533,0.4584,0.4584,0.1229,48.26,0.1188,52.31,0.1192,51.93,57.64
DEPTH_081,50081,8d83b97,2026-10-03T21:44:35.811951,150,0.1635,"mid [0.15, 0.30)",0.8800,0.1106,0.3641,0.3641,0.1457,17.81,0.1525,11.03,0.1390,24.51,64.17
DEPTH_082,50082,8d83b97,2026-10-03T21:44:36.234490,150,0.1513,"mid [0.15, 0.30)",0.9565,0.1377,0.5113,0.5113,0.1160,35.24,0.1215,29.73,0.1210,30.24,64.61
DEPTH_083,50083,8d83b97,2026-10-03T21:44:36.735612,150,0.1515,"mid [0.15, 0.30)",0.9377,0.1314,0.4842,0.4842,0.1197,31.77,0.1253,26.16,0.1235,27.99,58.20
DEPTH_084,50084,8d83b97,2026-10-03T21:44:37.139102,150,0.1441,"pregrasp_low [0.05, 0.15)",0.9603,0.1067,0.5492,0.5492,0.1091,35.00,0.1106,33.59,0.1135,30.61,58.83
DEPTH_085,50085,8d83b97,2026-10-03T21:44:37.601648,150,0.1417,"pregrasp_low [0.05, 0.15)",0.9564,0.0888,0.5411,0.5411,0.1102,31.49,0.1101,31.62,0.1132,28.49,59.84
DEPTH_086,50086,8d83b97,2026-10-03T21:44:38.013755,150,0.1363,"pregrasp_low [0.05, 0.15)",0.9534,0.0880,0.5031,0.5031,0.1174,18.90,0.1172,19.12,0.1181,18.19,61.13
DEPTH_087,50087,8d83b97,2026-10-03T21:44:38.439646,150,0.1354,"pregrasp_low [0.05, 0.15)",0.9155,0.0973,0.4486,0.4486,0.1254,9.93,0.1270,8.36,0.1246,10.82,60.76
DEPTH_088,50088,8d83b97,2026-10-03T21:44:38.855704,150,0.1331,"pregrasp_low [0.05, 0.15)",0.9005,0.0917,0.4109,0.4109,0.1336,0.53,0.1348,1.72,0.1293,3.76,62.01
DEPTH_089,50089,8d83b97,2026-10-03T21:44:39.293296,150,0.1286,"pregrasp_low [0.05, 0.15)",0.9618,0.0698,0.4803,0.4803,0.1233,5.21,0.1208,7.77,0.1205,8.03,60.37
DEPTH_090,50090,8d83b97,2026-10-03T21:44:39.711039,150,0.1258,"pregrasp_low [0.05, 0.15)",0.9511,0.0857,0.4685,0.4685,0.1248,0.91,0.1243,1.46,0.1228,2.94,59.13
DEPTH_091,50091,8d83b97,2026-10-03T21:44:40.138760,150,0.1251,"pregrasp_low [0.05, 0.15)",0.9120,0.0854,0.4337,0.4337,0.1288,3.71,0.1287,3.61,0.1256,0.51,63.87
DEPTH_092,50092,8d83b97,2026-10-03T21:44:40.551499,150,0.1211,"pregrasp_low [0.05, 0.15)",0.9234,0.0855,0.4529,0.4529,0.1253,4.28,0.1251,4.05,0.1233,2.29,57.66
DEPTH_093,50093,8d83b97,2026-10-03T21:44:40.985176,150,0.1180,"pregrasp_low [0.05, 0.15)",0.9667,0.0846,0.4873,0.4873,0.1223,4.32,0.1215,3.52,0.1210,3.01,61.56
DEPTH_094,50094,8d83b97,2026-10-03T21:44:41.411579,150,0.1167,"pregrasp_low [0.05, 0.15)",0.9302,0.0867,0.4833,0.4833,0.1190,2.37,0.1189,2.24,0.1193,2.60,62.66
DEPTH_095,50095,8d83b97,2026-10-03T21:44:41.875855,150,0.1140,"pregrasp_low [0.05, 0.15)",0.9670,0.0768,0.4868,0.4868,0.1225,8.42,0.1207,6.69,0.1205,6.45,58.03
DEPTH_096,50096,8d83b97,2026-10-03T21:44:42.291518,150,0.1123,"pregrasp_low [0.05, 0.15)",0.9649,0.0617,0.5191,0.5191,0.1153,3.09,0.1125,0.25,0.1149,2.65,59.05
DEPTH_097,50097,8d83b97,2026-10-03T21:44:42.745145,150,0.1141,"pregrasp_low [0.05, 0.15)",0.9612,0.0595,0.4824,0.4824,0.1228,8.68,0.1191,5.01,0.1194,5.31,59.24
DEPTH_098,50098,8d83b97,2026-10-03T21:44:43.160813,150,0.1129,"pregrasp_low [0.05, 0.15)",0.9626,0.0550,0.4850,0.4850,0.1223,9.41,0.1182,5.28,0.1188,5.87,60.22
DEPTH_099,50099,8d83b97,2026-10-03T21:44:43.645066,150,0.1208,"pregrasp_low [0.05, 0.15)",0.9336,0.0558,0.3855,0.3855,0.1459,25.10,0.1395,18.69,0.1321,11.24,62.10
DEPTH_100,50100,8d83b97,2026-10-03T21:44:44.089225,150,0.1245,"pregrasp_low [0.05, 0.15)",0.9570,0.0458,0.3365,0.3365,0.1677,43.24,0.1557,31.21,0.1406,16.10,58.22
DEPTH_101,50101,8d83b97,2026-10-03T21:44:44.499663,150,0.0853,"pregrasp_low [0.05, 0.15)",0.9501,0.0673,0.3676,0.3676,0.1545,69.20,0.1493,63.98,0.1374,52.09,60.32
DEPTH_102,50102,8d83b97,2026-10-03T21:44:44.946815,150,0.0832,"pregrasp_low [0.05, 0.15)",0.9393,0.0480,0.6163,0.6163,0.0963,13.06,0.0942,10.99,0.1019,18.64,59.68
DEPTH_103,50103,8d83b97,2026-10-03T21:44:45.383692,150,0.0827,"pregrasp_low [0.05, 0.15)",0.9546,0.0521,0.6137,0.6137,0.0981,15.42,0.0960,13.36,0.1032,20.50,61.29
DEPTH_104,50104,8d83b97,2026-10-03T21:44:45.859578,150,0.0779,"pregrasp_low [0.05, 0.15)",0.9081,0.0610,0.6155,0.6155,0.0935,15.54,0.0923,14.36,0.1005,22.57,60.09
DEPTH_105,50105,8d83b97,2026-10-03T21:44:46.314933,150,0.0733,"pregrasp_low [0.05, 0.15)",0.9375,0.0699,0.6793,0.6793,0.0879,14.53,0.0872,13.87,0.0970,23.62,60.74
DEPTH_106,50106,8d83b97,2026-10-03T21:44:46.767313,150,0.0737,"pregrasp_low [0.05, 0.15)",0.9333,0.0698,0.6855,0.6855,0.0868,13.08,0.0862,12.47,0.0962,22.55,59.80
DEPTH_107,50107,8d83b97,2026-10-03T21:44:47.229281,150,0.0730,"pregrasp_low [0.05, 0.15)",0.9486,0.0746,0.6581,0.6581,0.0915,18.44,0.0908,17.81,0.0995,26.45,60.68
DEPTH_108,50108,8d83b97,2026-10-03T21:44:47.682828,150,0.0698,"pregrasp_low [0.05, 0.15)",0.9363,0.0686,0.7339,0.7339,0.0817,11.89,0.0812,11.41,0.0930,23.17,58.94
DEPTH_109,50109,8d83b97,2026-10-03T21:44:48.138367,150,0.0679,"pregrasp_low [0.05, 0.15)",0.9557,0.0586,0.7685,0.7685,0.0798,11.86,0.0791,11.23,0.0916,23.75,58.32
DEPTH_110,50110,8d83b97,2026-10-03T21:44:48.629676,150,0.0658,"pregrasp_low [0.05, 0.15)",0.9010,0.0670,0.7195,0.7195,0.0803,14.43,0.0799,14.03,0.0921,26.27,57.68
DEPTH_111,50111,8d83b97,2026-10-03T21:44:49.087066,150,0.0654,"pregrasp_low [0.05, 0.15)",0.9460,0.0566,0.7546,0.7546,0.0804,14.99,0.0797,14.29,0.0920,26.61,56.89
DEPTH_112,50112,8d83b97,2026-10-03T21:44:49.558385,150,0.0606,"pregrasp_low [0.05, 0.15)",0.8529,0.0492,0.6727,0.6727,0.0812,20.62,0.0804,19.84,0.0925,31.87,59.58
DEPTH_113,50113,8d83b97,2026-10-03T21:44:50.037956,150,0.0580,"pregrasp_low [0.05, 0.15)",0.7030,0.0462,0.4524,0.4524,0.0980,40.04,0.0965,38.53,0.1035,45.54,62.95
DEPTH_114,50114,8d83b97,2026-10-03T21:44:50.529607,150,0.0590,"pregrasp_low [0.05, 0.15)",0.7124,0.0467,0.4186,0.4186,0.1065,47.55,0.1044,45.49,0.1092,50.26,63.28
DEPTH_115,50115,8d83b97,2026-10-03T21:44:51.034731,150,0.0569,"pregrasp_low [0.05, 0.15)",0.7379,0.0394,0.5677,0.5677,0.0831,26.18,0.0821,25.19,0.0936,36.62,61.15
DEPTH_116,50116,8d83b97,2026-10-03T21:44:51.536950,150,0.0541,"pregrasp_low [0.05, 0.15)",0.6991,0.0368,0.3297,0.3297,0.1298,75.75,0.1243,70.29,0.1228,68.79,58.56
DEPTH_117,50117,8d83b97,2026-10-03T21:44:52.017546,150,0.0514,"pregrasp_low [0.05, 0.15)",0.7195,0.0396,0.2627,0.2627,0.1624,110.96,0.1528,101.41,0.1392,87.75,57.75
DEPTH_118,50118,8d83b97,2026-10-03T21:44:52.518909,150,0.0510,"pregrasp_low [0.05, 0.15)",0.7040,0.0524,0.2759,0.2759,0.1528,101.76,0.1484,97.44,0.1369,85.94,61.98
DEPTH_119,50119,8d83b97,2026-10-03T21:44:53.007966,150,0.0761,"pregrasp_low [0.05, 0.15)",0.7048,0.0408,0.1919,0.1919,0.2081,131.94,0.1917,115.56,0.1552,79.09,59.52
DEPTH_120,50120,8d83b97,2026-10-03T21:44:53.510698,150,0.0755,"pregrasp_low [0.05, 0.15)",0.7029,0.0286,0.3437,0.3437,0.1257,50.15,0.1194,43.91,0.1196,44.10,63.21
DEPTH_121,50121,8d83b97,2026-10-03T21:44:54.014154,450,0.0864,"pregrasp_low [0.05, 0.15)",0.9557,0.0493,0.4882,0.4882,0.1209,34.45,0.1163,29.94,0.1175,31.13,57.25
DEPTH_122,50122,8d83b97,2026-10-03T21:44:54.768617,450,0.3071,"high [0.30, 0.45]",0.9213,0.0238,0.4616,0.4616,0.1230,184.10,0.1157,191.37,0.1171,189.97,59.38
DEPTH_123,50123,8d83b97,2026-10-03T21:44:55.178218,450,0.3005,"high [0.30, 0.45]",0.9073,0.0253,0.4934,0.4934,0.1142,186.23,0.1086,191.86,0.1122,188.30,55.31
DEPTH_124,50124,8d83b97,2026-10-03T21:44:55.588196,450,0.2846,"mid [0.15, 0.30)",0.8863,0.0203,0.4194,0.4194,0.1294,155.17,0.1206,163.91,0.1204,164.12,59.68
DEPTH_125,50125,8d83b97,2026-10-03T21:44:56.045257,450,0.2840,"mid [0.15, 0.30)",0.8076,0.0190,0.4099,0.4099,0.1215,162.50,0.1143,169.72,0.1162,167.88,58.55
DEPTH_126,50126,8d83b97,2026-10-03T21:44:56.445193,450,0.2825,"mid [0.15, 0.30)",0.8438,0.0217,0.3928,0.3928,0.1313,151.22,0.1225,160.03,0.1216,160.88,60.62
DEPTH_127,50127,8d83b97,2026-10-03T21:44:56.878935,450,0.2750,"mid [0.15, 0.30)",0.8392,0.0235,0.4287,0.4287,0.1208,154.18,0.1141,160.89,0.1160,159.00,58.59
DEPTH_128,50128,8d83b97,2026-10-03T21:44:57.319327,450,0.2746,"mid [0.15, 0.30)",0.9066,0.0267,0.4091,0.4091,0.1350,139.60,0.1259,148.68,0.1239,150.73,58.69
DEPTH_129,50129,8d83b97,2026-10-03T21:44:57.720511,450,0.2663,"mid [0.15, 0.30)",0.8914,0.0203,0.4823,0.4823,0.1148,151.51,0.1087,157.61,0.1122,154.07,64.76
DEPTH_130,50130,8d83b97,2026-10-03T21:44:58.133204,450,0.2669,"mid [0.15, 0.30)",0.8714,0.0179,0.4140,0.4140,0.1290,137.93,0.1201,146.84,0.1200,146.86,61.49
DEPTH_131,50131,8d83b97,2026-10-03T21:44:58.534838,450,0.2579,"mid [0.15, 0.30)",0.9222,0.0254,0.4360,0.4360,0.1295,128.39,0.1212,136.66,0.1208,137.08,57.77
DEPTH_132,50132,8d83b97,2026-10-03T21:44:58.968436,450,0.2517,"mid [0.15, 0.30)",0.9271,0.0262,0.4665,0.4665,0.1225,129.22,0.1155,136.18,0.1170,134.73,59.23
DEPTH_133,50133,8d83b97,2026-10-03T21:44:59.377081,450,0.2513,"mid [0.15, 0.30)",0.9364,0.0262,0.4859,0.4859,0.1192,132.12,0.1127,138.54,0.1151,136.22,57.34
DEPTH_134,50134,8d83b97,2026-10-03T21:44:59.816417,450,0.2491,"mid [0.15, 0.30)",0.9104,0.0216,0.4475,0.4475,0.1251,123.99,0.1172,131.84,0.1181,130.93,58.55
DEPTH_135,50135,8d83b97,2026-10-03T21:45:00.221904,450,0.2464,"mid [0.15, 0.30)",0.9266,0.0269,0.4571,0.4571,0.1247,121.73,0.1174,128.99,0.1183,128.15,58.89
DEPTH_136,50136,8d83b97,2026-10-03T21:45:00.622039,450,0.2374,"mid [0.15, 0.30)",0.8513,0.0419,0.4048,0.4048,0.1288,108.52,0.1231,114.26,0.1220,115.32,59.65
DEPTH_137,50137,8d83b97,2026-10-03T21:45:01.078541,450,0.2363,"mid [0.15, 0.30)",0.8585,0.0345,0.4899,0.4899,0.1094,126.95,0.1053,131.02,0.1098,126.50,59.72
DEPTH_138,50138,8d83b97,2026-10-03T21:45:01.537067,450,0.1802,"mid [0.15, 0.30)",0.9351,0.0486,0.4839,0.4839,0.1194,60.77,0.1151,65.09,0.1167,63.51,62.01
DEPTH_139,50139,8d83b97,2026-10-03T21:45:01.943379,450,0.1811,"mid [0.15, 0.30)",0.9301,0.0498,0.4437,0.4437,0.1285,52.67,0.1233,57.87,0.1222,58.99,58.07
DEPTH_140,50140,8d83b97,2026-10-03T21:45:02.380584,450,0.1770,"mid [0.15, 0.30)",0.9390,0.0502,0.5142,0.5142,0.1135,63.49,0.1100,67.04,0.1131,63.89,60.37
DEPTH_141,50141,8d83b97,2026-10-03T21:45:02.784435,450,0.1633,"mid [0.15, 0.30)",0.9396,0.1585,0.4854,0.4854,0.1196,43.70,0.1293,33.99,0.1260,37.31,59.49
DEPTH_142,50142,8d83b97,2026-10-03T21:45:03.228431,450,0.1555,"mid [0.15, 0.30)",0.9564,0.1180,0.5239,0.5239,0.1135,42.03,0.1164,39.16,0.1176,37.97,58.83
DEPTH_143,50143,8d83b97,2026-10-03T21:45:03.632805,450,0.1511,"mid [0.15, 0.30)",0.9571,0.1262,0.4814,0.4814,0.1225,28.55,0.1274,23.68,0.1248,26.28,58.42
DEPTH_144,50144,8d83b97,2026-10-03T21:45:04.079028,450,0.1464,"pregrasp_low [0.05, 0.15)",0.9583,0.0590,0.5635,0.5635,0.1064,39.97,0.1041,42.29,0.1090,37.43,58.76
DEPTH_145,50145,8d83b97,2026-10-03T21:45:04.488056,450,0.1412,"pregrasp_low [0.05, 0.15)",0.9605,0.0633,0.5387,0.5387,0.1111,30.12,0.1087,32.47,0.1122,28.95,59.12
DEPTH_146,50146,8d83b97,2026-10-03T21:45:04.912761,450,0.1378,"pregrasp_low [0.05, 0.15)",0.9374,0.0454,0.5286,0.5286,0.1105,27.29,0.1069,30.91,0.1110,26.87,59.43
DEPTH_147,50147,8d83b97,2026-10-03T21:45:05.313171,450,0.1360,"pregrasp_low [0.05, 0.15)",0.9549,0.0804,0.5593,0.5593,0.1068,29.19,0.1060,29.95,0.1103,25.64,58.50
DEPTH_148,50148,8d83b97,2026-10-03T21:45:05.759822,450,0.1315,"pregrasp_low [0.05, 0.15)",0.9518,0.0664,0.5507,0.5507,0.1080,23.47,0.1061,25.33,0.1104,21.05,59.90
DEPTH_149,50149,8d83b97,2026-10-03T21:45:06.176130,450,0.1295,"pregrasp_low [0.05, 0.15)",0.9603,0.0739,0.5525,0.5525,0.1086,20.96,0.1072,22.32,0.1112,18.35,56.83
DEPTH_150,50150,8d83b97,2026-10-03T21:45:06.607518,450,0.1257,"pregrasp_low [0.05, 0.15)",0.9501,0.0775,0.5403,0.5403,0.1097,15.97,0.1087,17.02,0.1122,13.47,58.51
DEPTH_151,50151,8d83b97,2026-10-03T21:45:07.015872,450,0.1261,"pregrasp_low [0.05, 0.15)",0.9599,0.0610,0.5063,0.5063,0.1174,8.69,0.1144,11.73,0.1162,9.91,61.60
DEPTH_152,50152,8d83b97,2026-10-03T21:45:07.417119,450,0.1205,"pregrasp_low [0.05, 0.15)",0.9516,0.0887,0.5201,0.5201,0.1137,6.80,0.1136,6.91,0.1157,4.85,61.77
DEPTH_153,50153,8d83b97,2026-10-03T21:45:07.863415,450,0.1204,"pregrasp_low [0.05, 0.15)",0.9366,0.0728,0.5004,0.5004,0.1161,4.30,0.1145,5.92,0.1162,4.13,61.76
DEPTH_154,50154,8d83b97,2026-10-03T21:45:08.269313,450,0.1163,"pregrasp_low [0.05, 0.15)",0.9419,0.0698,0.4764,0.4764,0.1219,5.59,0.1196,3.30,0.1198,3.42,57.62
DEPTH_155,50155,8d83b97,2026-10-03T21:45:08.694043,450,0.1137,"pregrasp_low [0.05, 0.15)",0.9546,0.0725,0.5392,0.5392,0.1104,3.30,0.1089,4.82,0.1123,1.33,61.28
DEPTH_156,50156,8d83b97,2026-10-03T21:45:09.100523,450,0.1135,"pregrasp_low [0.05, 0.15)",0.9671,0.0562,0.5426,0.5426,0.1111,2.43,0.1081,5.39,0.1118,1.68,60.62
DEPTH_157,50157,8d83b97,2026-10-03T21:45:09.511208,450,0.1184,"pregrasp_low [0.05, 0.15)",0.9689,0.0655,0.4675,0.4675,0.1272,8.81,0.1238,5.41,0.1225,4.11,56.49
DEPTH_158,50158,8d83b97,2026-10-03T21:45:09.979733,450,0.1190,"pregrasp_low [0.05, 0.15)",0.9659,0.0557,0.4714,0.4714,0.1259,6.88,0.1215,2.45,0.1210,1.96,57.40
DEPTH_159,50159,8d83b97,2026-10-03T21:45:10.380405,450,0.1217,"pregrasp_low [0.05, 0.15)",0.9649,0.0533,0.4263,0.4263,0.1375,15.86,0.1314,9.78,0.1273,5.65,55.82
DEPTH_160,50160,8d83b97,2026-10-03T21:45:10.781904,450,0.1253,"pregrasp_low [0.05, 0.15)",0.9416,0.0602,0.3715,0.3715,0.1519,26.55,0.1455,20.22,0.1354,10.08,58.59
DEPTH_161,50161,8d83b97,2026-10-03T21:45:11.183774,450,0.0867,"pregrasp_low [0.05, 0.15)",0.9378,0.0523,0.5890,0.5890,0.1002,13.54,0.0980,11.37,0.1046,17.94,60.30
DEPTH_162,50162,8d83b97,2026-10-03T21:45:11.620111,450,0.0832,"pregrasp_low [0.05, 0.15)",0.9438,0.0516,0.6147,0.6147,0.0969,13.71,0.0950,11.75,0.1024,19.19,59.24
DEPTH_163,50163,8d83b97,2026-10-03T21:45:12.032424,450,0.0786,"pregrasp_low [0.05, 0.15)",0.9427,0.0716,0.6232,0.6232,0.0956,16.97,0.0947,16.08,0.1022,23.59,60.79
DEPTH_164,50164,8d83b97,2026-10-03T21:45:12.479091,450,0.0772,"pregrasp_low [0.05, 0.15)",0.9448,0.0630,0.6463,0.6463,0.0927,15.49,0.0915,14.33,0.0999,22.77,59.85
DEPTH_165,50165,8d83b97,2026-10-03T21:45:12.916642,450,0.0736,"pregrasp_low [0.05, 0.15)",0.9509,0.0736,0.6964,0.6964,0.0870,13.41,0.0865,12.87,0.0964,22.85,58.90
DEPTH_166,50166,8d83b97,2026-10-03T21:45:13.361379,450,0.0745,"pregrasp_low [0.05, 0.15)",0.9286,0.0554,0.6653,0.6653,0.0888,14.25,0.0876,13.06,0.0972,22.69,56.97
DEPTH_167,50167,8d83b97,2026-10-03T21:45:13.818852,450,0.0707,"pregrasp_low [0.05, 0.15)",0.9604,0.0808,0.7300,0.7300,0.0840,13.40,0.0838,13.12,0.0946,23.98,62.18
DEPTH_168,50168,8d83b97,2026-10-03T21:45:14.279990,450,0.0702,"pregrasp_low [0.05, 0.15)",0.9559,0.0710,0.7512,0.7512,0.0815,11.28,0.0810,10.83,0.0929,22.65,59.31
DEPTH_169,50169,8d83b97,2026-10-03T21:45:14.736949,450,0.0667,"pregrasp_low [0.05, 0.15)",0.9681,0.0643,0.7175,0.7175,0.0860,19.32,0.0852,18.49,0.0956,28.88,61.26
DEPTH_170,50170,8d83b97,2026-10-03T21:45:15.194780,450,0.0663,"pregrasp_low [0.05, 0.15)",0.9692,0.0630,0.7689,0.7689,0.0808,14.44,0.0802,13.83,0.0923,25.97,61.74
DEPTH_171,50171,8d83b97,2026-10-03T21:45:15.664997,450,0.0639,"pregrasp_low [0.05, 0.15)",0.9744,0.0733,0.7849,0.7849,0.0796,15.75,0.0793,15.38,0.0917,27.85,59.81
DEPTH_172,50172,8d83b97,2026-10-03T21:45:16.118848,450,0.0591,"pregrasp_low [0.05, 0.15)",0.9302,0.0775,0.7426,0.7426,0.0803,21.22,0.0801,20.99,0.0922,33.15,59.70
DEPTH_173,50173,8d83b97,2026-10-03T21:45:16.571050,450,0.0588,"pregrasp_low [0.05, 0.15)",0.8857,0.0533,0.7086,0.7086,0.0801,21.31,0.0795,20.63,0.0919,33.03,57.32
DEPTH_174,50174,8d83b97,2026-10-03T21:45:17.046908,450,0.0567,"pregrasp_low [0.05, 0.15)",0.7267,0.0514,0.5204,0.5204,0.0888,32.13,0.0880,31.31,0.0975,40.81,58.28
DEPTH_175,50175,8d83b97,2026-10-03T21:45:17.514920,450,0.0557,"pregrasp_low [0.05, 0.15)",0.7334,0.0248,0.3660,0.3660,0.1234,67.70,0.1168,61.11,0.1179,62.16,58.29
DEPTH_176,50176,8d83b97,2026-10-03T21:45:18.002611,450,0.0545,"pregrasp_low [0.05, 0.15)",0.7172,0.0288,0.3590,0.3590,0.1231,68.61,0.1172,62.69,0.1181,63.62,58.97
DEPTH_177,50177,8d83b97,2026-10-03T21:45:18.480474,450,0.0521,"pregrasp_low [0.05, 0.15)",0.6438,0.0228,0.2097,0.2097,0.1791,126.98,0.1617,109.61,0.1434,91.33,60.78
DEPTH_178,50178,8d83b97,2026-10-03T21:45:18.981921,450,0.0520,"pregrasp_low [0.05, 0.15)",0.6839,0.0216,0.3081,0.3081,0.1352,83.20,0.1263,74.34,0.1241,72.14,55.03
DEPTH_179,50179,8d83b97,2026-10-03T21:45:19.488603,450,0.0517,"pregrasp_low [0.05, 0.15)",0.6750,0.0165,0.2393,0.2393,0.1666,114.83,0.1498,98.05,0.1376,85.89,61.75
DEPTH_180,50180,8d83b97,2026-10-03T21:45:20.007755,450,0.0756,"pregrasp_low [0.05, 0.15)",0.6397,0.0166,0.4291,0.4291,0.0943,18.74,0.0914,15.84,0.0999,24.31,55.46
DEPTH_181,50181,8d83b97,2026-10-03T21:45:20.489000,850,0.0868,"pregrasp_low [0.05, 0.15)",0.9424,0.0947,0.5495,0.5495,0.1072,20.49,0.1077,20.96,0.1115,24.78,59.38
DEPTH_182,50182,8d83b97,2026-10-03T21:45:21.263672,850,0.3122,"high [0.30, 0.45]",0.9375,0.0080,0.4549,0.4549,0.1265,185.64,0.1170,195.23,0.1180,194.23,59.39
DEPTH_183,50183,8d83b97,2026-10-03T21:45:21.689136,850,0.3063,"high [0.30, 0.45]",0.9407,0.0075,0.4474,0.4474,0.1288,177.47,0.1187,187.62,0.1191,187.18,63.23
DEPTH_184,50184,8d83b97,2026-10-03T21:45:22.124606,850,0.2975,"mid [0.15, 0.30)",0.8742,0.0165,0.4270,0.4270,0.1258,171.69,0.1173,180.14,0.1182,179.26,61.57
DEPTH_185,50185,8d83b97,2026-10-03T21:45:22.549807,850,0.2866,"mid [0.15, 0.30)",0.8742,0.0145,0.4320,0.4320,0.1245,162.07,0.1161,170.48,0.1174,169.20,60.33
DEPTH_186,50186,8d83b97,2026-10-03T21:45:22.975223,850,0.2843,"mid [0.15, 0.30)",0.9087,0.0216,0.4412,0.4412,0.1265,157.85,0.1184,165.95,0.1189,165.41,56.51
DEPTH_187,50187,8d83b97,2026-10-03T21:45:23.391910,850,0.2786,"mid [0.15, 0.30)",0.8747,0.0131,0.3674,0.3674,0.1438,134.84,0.1310,147.65,0.1270,151.60,63.71
DEPTH_188,50188,8d83b97,2026-10-03T21:45:23.831872,850,0.2773,"mid [0.15, 0.30)",0.8812,0.0208,0.3961,0.3961,0.1354,141.87,0.1256,151.74,0.1236,153.68,58.61
DEPTH_189,50189,8d83b97,2026-10-03T21:45:24.244377,850,0.2645,"mid [0.15, 0.30)",0.9312,0.0182,0.4699,0.4699,0.1222,142.27,0.1145,149.96,0.1163,148.18,58.98
DEPTH_190,50190,8d83b97,2026-10-03T21:45:24.681474,850,0.2673,"mid [0.15, 0.30)",0.9466,0.0119,0.4842,0.4842,0.1207,146.55,0.1127,154.56,0.1150,152.23,56.21
DEPTH_191,50191,8d83b97,2026-10-03T21:45:25.088707,850,0.2578,"mid [0.15, 0.30)",0.9380,0.0197,0.4939,0.4939,0.1176,140.21,0.1109,146.94,0.1138,144.06,57.84
DEPTH_192,50192,8d83b97,2026-10-03T21:45:25.518342,850,0.2550,"mid [0.15, 0.30)",0.9420,0.0186,0.4993,0.4993,0.1169,138.14,0.1102,144.83,0.1133,141.75,57.02
DEPTH_193,50193,8d83b97,2026-10-03T21:45:25.946820,850,0.2492,"mid [0.15, 0.30)",0.8970,0.0201,0.4428,0.4428,0.1246,124.63,0.1167,132.52,0.1178,131.45,56.82
DEPTH_194,50194,8d83b97,2026-10-03T21:45:26.362508,850,0.2455,"mid [0.15, 0.30)",0.8914,0.0261,0.4519,0.4519,0.1217,123.85,0.1150,130.57,0.1166,128.94,55.37
DEPTH_195,50195,8d83b97,2026-10-03T21:45:26.766452,850,0.2441,"mid [0.15, 0.30)",0.9447,0.0307,0.4865,0.4865,0.1200,124.13,0.1138,130.29,0.1158,128.30,56.95
DEPTH_196,50196,8d83b97,2026-10-03T21:45:27.175232,850,0.2388,"mid [0.15, 0.30)",0.8826,0.0520,0.4549,0.4549,0.1199,118.94,0.1162,122.64,0.1174,121.40,54.81
DEPTH_197,50197,8d83b97,2026-10-03T21:45:27.627384,850,0.2359,"mid [0.15, 0.30)",0.9169,0.0539,0.4752,0.4752,0.1193,116.57,0.1156,120.22,0.1171,118.80,59.05
DEPTH_198,50198,8d83b97,2026-10-03T21:45:28.036720,850,0.2277,"mid [0.15, 0.30)",0.9047,0.0659,0.4668,0.4668,0.1198,107.96,0.1175,110.25,0.1183,109.42,57.00
DEPTH_199,50199,8d83b97,2026-10-03T21:45:28.456213,850,0.1794,"mid [0.15, 0.30)",0.9259,0.0782,0.4913,0.4913,0.1168,62.65,0.1158,63.66,0.1172,62.29,57.13
DEPTH_200,50200,8d83b97,2026-10-03T21:45:28.903267,850,0.1746,"mid [0.15, 0.30)",0.9560,0.0820,0.4828,0.4828,0.1221,52.51,0.1211,53.52,0.1207,53.89,57.50
DEPTH_201,50201,8d83b97,2026-10-03T21:45:29.324335,850,0.1616,"mid [0.15, 0.30)",0.9145,0.1201,0.4741,0.4741,0.1192,42.37,0.1236,37.99,0.1224,39.23,58.88
DEPTH_202,50202,8d83b97,2026-10-03T21:45:29.747681,850,0.1576,"mid [0.15, 0.30)",0.9496,0.1325,0.4887,0.4887,0.1201,37.55,0.1256,31.97,0.1237,33.93,60.82
DEPTH_203,50203,8d83b97,2026-10-03T21:45:30.166452,850,0.1493,"pregrasp_low [0.05, 0.15)",0.9401,0.0946,0.5391,0.5391,0.1089,40.42,0.1094,39.91,0.1127,36.58,56.14
DEPTH_204,50204,8d83b97,2026-10-03T21:45:30.611411,850,0.1447,"pregrasp_low [0.05, 0.15)",0.9425,0.0616,0.5955,0.5955,0.0997,45.07,0.0980,46.69,0.1046,40.12,58.33
DEPTH_205,50205,8d83b97,2026-10-03T21:45:31.015597,850,0.1411,"pregrasp_low [0.05, 0.15)",0.9562,0.0716,0.6190,0.6190,0.0975,43.59,0.0965,44.61,0.1035,37.59,56.08
DEPTH_206,50206,8d83b97,2026-10-03T21:45:31.446695,850,0.1369,"pregrasp_low [0.05, 0.15)",0.9461,0.1015,0.5631,0.5631,0.1053,31.61,0.1062,30.66,0.1105,26.41,56.68
DEPTH_207,50207,8d83b97,2026-10-03T21:45:31.850113,850,0.1355,"pregrasp_low [0.05, 0.15)",0.9393,0.0731,0.5420,0.5420,0.1083,27.26,0.1070,28.54,0.1110,24.51,58.21
DEPTH_208,50208,8d83b97,2026-10-03T21:45:32.263265,850,0.1326,"pregrasp_low [0.05, 0.15)",0.9411,0.0825,0.5762,0.5762,0.1026,30.04,0.1021,30.48,0.1076,25.07,59.39
DEPTH_209,50209,8d83b97,2026-10-03T21:45:32.679963,850,0.1307,"pregrasp_low [0.05, 0.15)",0.9488,0.0727,0.5547,0.5547,0.1070,23.76,0.1057,25.07,0.1101,20.66,58.75
DEPTH_210,50210,8d83b97,2026-10-03T21:45:33.113997,850,0.1260,"pregrasp_low [0.05, 0.15)",0.9460,0.1047,0.5790,0.5790,0.1026,23.42,0.1037,22.32,0.1087,17.34,63.20
DEPTH_211,50211,8d83b97,2026-10-03T21:45:33.591231,850,0.1263,"pregrasp_low [0.05, 0.15)",0.9501,0.0841,0.5551,0.5551,0.1070,19.30,0.1066,19.74,0.1107,15.60,59.03
DEPTH_212,50212,8d83b97,2026-10-03T21:45:34.005145,850,0.1210,"pregrasp_low [0.05, 0.15)",0.9518,0.0817,0.5785,0.5785,0.1033,17.73,0.1027,18.29,0.1080,13.03,59.02
DEPTH_213,50213,8d83b97,2026-10-03T21:45:34.453923,850,0.1200,"pregrasp_low [0.05, 0.15)",0.9636,0.0855,0.5792,0.5792,0.1043,15.68,0.1039,16.08,0.1088,11.17,57.24
DEPTH_214,50214,8d83b97,2026-10-03T21:45:34.860918,850,0.1167,"pregrasp_low [0.05, 0.15)",0.9516,0.0747,0.5964,0.5964,0.1004,16.32,0.0995,17.26,0.1056,11.09,57.77
DEPTH_215,50215,8d83b97,2026-10-03T21:45:35.283125,850,0.1155,"pregrasp_low [0.05, 0.15)",0.9015,0.0720,0.5076,0.5076,0.1107,4.82,0.1095,6.04,0.1128,2.74,57.22
DEPTH_216,50216,8d83b97,2026-10-03T21:45:35.699365,850,0.1125,"pregrasp_low [0.05, 0.15)",0.9154,0.0723,0.5120,0.5120,0.1114,1.11,0.1100,2.42,0.1132,0.71,58.81
DEPTH_217,50217,8d83b97,2026-10-03T21:45:36.141141,850,0.1126,"pregrasp_low [0.05, 0.15)",0.8697,0.0625,0.4709,0.4709,0.1147,2.06,0.1126,0.03,0.1150,2.33,60.42
DEPTH_218,50218,8d83b97,2026-10-03T21:45:36.606870,850,0.1167,"pregrasp_low [0.05, 0.15)",0.9638,0.0882,0.5482,0.5482,0.1097,6.97,0.1094,7.21,0.1128,3.90,57.32
DEPTH_219,50219,8d83b97,2026-10-03T21:45:37.075986,850,0.1190,"pregrasp_low [0.05, 0.15)",0.9480,0.0939,0.4455,0.4455,0.1302,11.20,0.1309,11.87,0.1270,7.96,58.78
DEPTH_220,50220,8d83b97,2026-10-03T21:45:37.527131,850,0.1191,"pregrasp_low [0.05, 0.15)",0.9668,0.0893,0.4534,0.4534,0.1304,11.37,0.1301,11.07,0.1265,7.43,57.80
DEPTH_221,50221,8d83b97,2026-10-03T21:45:37.931959,850,0.1117,"pregrasp_low [0.05, 0.15)",0.9458,0.0412,0.0949,0.0949,0.4331,321.41,0.3329,221.24,0.1815,69.75,58.83
DEPTH_222,50222,8d83b97,2026-10-03T21:45:38.379146,850,0.0823,"pregrasp_low [0.05, 0.15)",0.9573,0.0752,0.6500,0.6500,0.0933,10.99,0.0926,10.30,0.1007,18.42,58.45
DEPTH_223,50223,8d83b97,2026-10-03T21:45:38.842318,850,0.0791,"pregrasp_low [0.05, 0.15)",0.9478,0.0697,0.5865,0.5865,0.1016,22.49,0.1003,21.22,0.1062,27.15,58.33
DEPTH_224,50224,8d83b97,2026-10-03T21:45:39.284856,850,0.0774,"pregrasp_low [0.05, 0.15)",0.8923,0.0743,0.5582,0.5582,0.1006,23.12,0.0999,22.46,0.1060,28.50,63.03
DEPTH_225,50225,8d83b97,2026-10-03T21:45:39.742024,850,0.0745,"pregrasp_low [0.05, 0.15)",0.8396,0.0575,0.4408,0.4408,0.1179,43.41,0.1153,40.80,0.1168,42.32,60.67
DEPTH_226,50226,8d83b97,2026-10-03T21:45:40.202987,850,0.0749,"pregrasp_low [0.05, 0.15)",0.8396,0.0723,0.4579,0.4579,0.1139,39.00,0.1131,38.22,0.1153,40.42,61.85
DEPTH_227,50227,8d83b97,2026-10-03T21:45:40.682386,850,0.0707,"pregrasp_low [0.05, 0.15)",0.8683,0.0702,0.4105,0.4105,0.1295,58.82,0.1276,56.94,0.1250,54.25,61.67
DEPTH_228,50228,8d83b97,2026-10-03T21:45:41.149988,850,0.0685,"pregrasp_low [0.05, 0.15)",0.8792,0.0957,0.5660,0.5660,0.0980,29.46,0.0988,30.28,0.1051,36.64,57.97
DEPTH_229,50229,8d83b97,2026-10-03T21:45:41.617181,850,0.0674,"pregrasp_low [0.05, 0.15)",0.8606,0.0491,0.4706,0.4706,0.1137,46.25,0.1104,42.98,0.1134,46.01,59.49
DEPTH_230,50230,8d83b97,2026-10-03T21:45:42.092634,850,0.0669,"pregrasp_low [0.05, 0.15)",0.8512,0.0990,0.3821,0.3821,0.1356,68.73,0.1394,72.49,0.1320,65.10,61.16
DEPTH_231,50231,8d83b97,2026-10-03T21:45:42.579215,850,0.0619,"pregrasp_low [0.05, 0.15)",0.8526,0.0617,0.4634,0.4634,0.1143,52.37,0.1123,50.35,0.1147,52.81,60.37
DEPTH_232,50232,8d83b97,2026-10-03T21:45:43.057480,850,0.0599,"pregrasp_low [0.05, 0.15)",0.8578,0.0604,0.4713,0.4713,0.1132,53.23,0.1111,51.10,0.1139,53.94,60.08
DEPTH_233,50233,8d83b97,2026-10-03T21:45:43.540908,850,0.0603,"pregrasp_low [0.05, 0.15)",0.8042,0.0408,0.2823,0.2823,0.1680,107.71,0.1566,96.28,0.1410,80.73,57.90
DEPTH_234,50234,8d83b97,2026-10-03T21:45:44.028893,850,0.0591,"pregrasp_low [0.05, 0.15)",0.8050,0.0464,0.2206,0.2206,0.2069,147.80,0.1907,131.58,0.1549,95.78,59.69
DEPTH_235,50235,8d83b97,2026-10-03T21:45:44.512279,850,0.0563,"pregrasp_low [0.05, 0.15)",0.8104,0.0283,0.2347,0.2347,0.1976,141.30,0.1756,119.23,0.1493,92.99,57.94
DEPTH_236,50236,8d83b97,2026-10-03T21:45:45.000210,850,0.0559,"pregrasp_low [0.05, 0.15)",0.7864,0.0375,0.1871,0.1871,0.2321,176.20,0.2061,150.17,0.1597,103.77,58.09
DEPTH_237,50237,8d83b97,2026-10-03T21:45:45.510988,850,0.0535,"pregrasp_low [0.05, 0.15)",0.8114,0.0195,0.2207,0.2207,0.2082,154.63,0.1796,126.11,0.1509,97.38,61.68
DEPTH_238,50238,8d83b97,2026-10-03T21:45:45.999641,850,0.0510,"pregrasp_low [0.05, 0.15)",0.8507,0.0314,0.2247,0.2247,0.2133,162.27,0.1877,136.72,0.1539,102.85,60.26
DEPTH_239,50239,8d83b97,2026-10-03T21:45:46.528569,850,0.0770,"pregrasp_low [0.05, 0.15)",0.8250,0.0323,0.2006,0.2006,0.2281,151.15,0.1993,122.36,0.1577,80.70,58.01
DEPTH_240,50240,8d83b97,2026-10-03T21:45:47.055323,850,0.0510,"pregrasp_low [0.05, 0.15)",0.9348,0.0373,0.6764,0.6764,0.0880,36.97,0.0862,35.24,0.0963,45.29,59.02
