trial_id,seed,commit_hash,timestamp,mode,inputs,raw_outputs,outcome,command_latency_ms,physical_stop_ms,halt_success,within_10ms_margin
ESTOP_IDLE_001,5000,8d83b97cd88a99745195bb6a10cf689a27ab4987,2026-10-04T07:07:22,IDLE,"{""mode"": ""IDLE"", ""safety_agent_rate_hz"": 100.0, ""control_agent_rate_hz"": 50.0, ""command_topic"": ""/arm_controller/joint_cmd"", ""estop_topic"": ""/aria/estop"", ""nominal_velocity_rad_s"": [1.2, 0.8, 1.0, 0.5, 0.2]}","{""t_halt_pub_ns"": 120414361952263, ""command_path_latency_ms"": 5.91671, ""physical_stopping_time_ms"": 24.416710000000002, ""total_commands_captured"": 5, ""total_joint_states_captured"": 104}",SUCCESS,5.917,24.42,SUCCESS,YES
ESTOP_IDLE_002,5001,8d83b97cd88a99745195bb6a10cf689a27ab4987,2026-10-04T07:07:22,IDLE,"{""mode"": ""IDLE"", ""safety_agent_rate_hz"": 100.0, ""control_agent_rate_hz"": 50.0, ""command_topic"": ""/arm_controller/joint_cmd"", ""estop_topic"": ""/aria/estop"", ""nominal_velocity_rad_s"": [1.2, 0.8, 1.0, 0.5, 0.2]}","{""t_halt_pub_ns"": 120414470453133, ""command_path_latency_ms"": 17.430498, ""physical_stopping_time_ms"": 35.930498, ""total_commands_captured"": 6, ""total_joint_states_captured"": 108}",FAIL,17.430,35.93,FAIL,NO
ESTOP_IDLE_003,5002,8d83b97cd88a99745195bb6a10cf689a27ab4987,2026-10-04T07:07:22,IDLE,"{""mode"": ""IDLE"", ""safety_agent_rate_hz"": 100.0, ""control_agent_rate_hz"": 50.0, ""command_topic"": ""/arm_controller/joint_cmd"", ""estop_topic"": ""/aria/estop"", ""nominal_velocity_rad_s"": [1.2, 0.8, 1.0, 0.5, 0.2]}","{""t_halt_pub_ns"": 120414590078491, ""command_path_latency_ms"": 17.941259, ""physical_stopping_time_ms"": 36.441259, ""total_commands_captured"": 6, ""total_joint_states_captured"": 119}",FAIL,17.941,36.44,FAIL,NO
ESTOP_IDLE_004,5003,8d83b97cd88a99745195bb6a10cf689a27ab4987,2026-10-04T07:07:22,IDLE,"{""mode"": ""IDLE"", ""safety_agent_rate_hz"": 100.0, ""control_agent_rate_hz"": 50.0, ""command_topic"": ""/arm_controller/joint_cmd"", ""estop_topic"": ""/aria/estop"", ""nominal_velocity_rad_s"": [1.2, 0.8, 1.0, 0.5, 0.2]}","{""t_halt_pub_ns"": 120414700817122, ""command_path_latency_ms"": 7.328371, ""physical_stopping_time_ms"": 25.828371, ""total_commands_captured"": 5, ""total_joint_states_captured"": 110}",SUCCESS,7.328,25.83,SUCCESS,YES
ESTOP_IDLE_005,5004,8d83b97cd88a99745195bb6a10cf689a27ab4987,2026-10-04T07:07:23,IDLE,"{""mode"": ""IDLE"", ""safety_agent_rate_hz"": 100.0, ""control_agent_rate_hz"": 50.0, ""command_topic"": ""/arm_controller/joint_cmd"", ""estop_topic"": ""/aria/estop"", ""nominal_velocity_rad_s"": [1.2, 0.8, 1.0, 0.5, 0.2]}","{""t_halt_pub_ns"": 120414807271440, ""command_path_latency_ms"": 0.89341, ""physical_stopping_time_ms"": 19.39341, ""total_commands_captured"": 5, ""total_joint_states_captured"": 105}",SUCCESS,0.893,19.39,SUCCESS,YES
ESTOP_IDLE_006,5005,8d83b97cd88a99745195bb6a10cf689a27ab4987,2026-10-04T07:07:23,IDLE,"{""mode"": ""IDLE"", ""safety_agent_rate_hz"": 100.0, ""control_agent_rate_hz"": 50.0, ""command_topic"": ""/arm_controller/joint_cmd"", ""estop_topic"": ""/aria/estop"", ""nominal_velocity_rad_s"": [1.2, 0.8, 1.0, 0.5, 0.2]}","{""t_halt_pub_ns"": 120414929403225, ""command_path_latency_ms"": 18.952784, ""physical_stopping_time_ms"": 37.452784, ""total_commands_captured"": 6, ""total_joint_states_captured"": 117}",FAIL,18.953,37.45,FAIL,NO
ESTOP_IDLE_007,5006,8d83b97cd88a99745195bb6a10cf689a27ab4987,2026-10-04T07:07:23,IDLE,"{""mode"": ""IDLE"", ""safety_agent_rate_hz"": 100.0, ""control_agent_rate_hz"": 50.0, ""command_topic"": ""/arm_controller/joint_cmd"", ""estop_topic"": ""/aria/estop"", ""nominal_velocity_rad_s"": [1.2, 0.8, 1.0, 0.5, 0.2]}","{""t_halt_pub_ns"": 120415040226059, ""command_path_latency_ms"": 7.800074, ""physical_stopping_time_ms"": 26.300074000000002, ""total_commands_captured"": 5, ""total_joint_states_captured"": 102}",SUCCESS,7.800,26.30,SUCCESS,YES
ESTOP_IDLE_008,5007,8d83b97cd88a99745195bb6a10cf689a27ab4987,2026-10-04T07:07:23,IDLE,"{""mode"": ""IDLE"", ""safety_agent_rate_hz"": 100.0, ""control_agent_rate_hz"": 50.0, ""command_topic"": ""/arm_controller/joint_cmd"", ""estop_topic"": ""/aria/estop"", ""nominal_velocity_rad_s"": [1.2, 0.8, 1.0, 0.5, 0.2]}","{""t_halt_pub_ns"": 120415156976969, ""command_path_latency_ms"": 11.277004, ""physical_stopping_time_ms"": 29.777003999999998, ""total_commands_captured"": 6, ""total_joint_states_captured"": 115}",FAIL,11.277,29.78,FAIL,NO
ESTOP_IDLE_009,5008,8d83b97cd88a99745195bb6a10cf689a27ab4987,2026-10-04T07:07:23,IDLE,"{""mode"": ""IDLE"", ""safety_agent_rate_hz"": 100.0, ""control_agent_rate_hz"": 50.0, ""command_topic"": ""/arm_controller/joint_cmd"", ""estop_topic"": ""/aria/estop"", ""nominal_velocity_rad_s"": [1.2, 0.8, 1.0, 0.5, 0.2]}","{""t_halt_pub_ns"": 120415276897009, ""command_path_latency_ms"": 11.27644, ""physical_stopping_time_ms"": 29.77644, ""total_commands_captured"": 6, ""total_joint_states_captured"": 117}",FAIL,11.276,29.78,FAIL,NO
ESTOP_IDLE_010,5009,8d83b97cd88a99745195bb6a10cf689a27ab4987,2026-10-04T07:07:23,IDLE,"{""mode"": ""IDLE"", ""safety_agent_rate_hz"": 100.0, ""control_agent_rate_hz"": 50.0, ""command_topic"": ""/arm_controller/joint_cmd"", ""estop_topic"": ""/aria/estop"", ""nominal_velocity_rad_s"": [1.2, 0.8, 1.0, 0.5, 0.2]}","{""t_halt_pub_ns"": 120415390618367, ""command_path_latency_ms"": 17.653843, ""physical_stopping_time_ms"": 36.153842999999995, ""total_commands_captured"": 6, ""total_joint_states_captured"": 111}",FAIL,17.654,36.15,FAIL,NO
ESTOP_IDLE_011,5010,8d83b97cd88a99745195bb6a10cf689a27ab4987,2026-10-04T07:07:23,IDLE,"{""mode"": ""IDLE"", ""safety_agent_rate_hz"": 100.0, ""control_agent_rate_hz"": 50.0, ""command_topic"": ""/arm_controller/joint_cmd"", ""estop_topic"": ""/aria/estop"", ""nominal_velocity_rad_s"": [1.2, 0.8, 1.0, 0.5, 0.2]}","{""t_halt_pub_ns"": 120415501403526, ""command_path_latency_ms"": 6.6219, ""physical_stopping_time_ms"": 25.1219, ""total_commands_captured"": 5, ""total_joint_states_captured"": 109}",SUCCESS,6.622,25.12,SUCCESS,YES
ESTOP_IDLE_012,5011,8d83b97cd88a99745195bb6a10cf689a27ab4987,2026-10-04T07:07:23,IDLE,"{""mode"": ""IDLE"", ""safety_agent_rate_hz"": 100.0, ""control_agent_rate_hz"": 50.0, ""command_topic"": ""/arm_controller/joint_cmd"", ""estop_topic"": ""/aria/estop"", ""nominal_velocity_rad_s"": [1.2, 0.8, 1.0, 0.5, 0.2]}","{""t_halt_pub_ns"": 120415608192153, ""command_path_latency_ms"": 20.04583, ""physical_stopping_time_ms"": 38.545829999999995, ""total_commands_captured"": 6, ""total_joint_states_captured"": 105}",FAIL,20.046,38.55,FAIL,NO
ESTOP_IDLE_013,5012,8d83b97cd88a99745195bb6a10cf689a27ab4987,2026-10-04T07:07:23,IDLE,"{""mode"": ""IDLE"", ""safety_agent_rate_hz"": 100.0, ""control_agent_rate_hz"": 50.0, ""command_topic"": ""/arm_controller/joint_cmd"", ""estop_topic"": ""/aria/estop"", ""nominal_velocity_rad_s"": [1.2, 0.8, 1.0, 0.5, 0.2]}","{""t_halt_pub_ns"": 120415719479965, ""command_path_latency_ms"": 8.518865, ""physical_stopping_time_ms"": 27.018864999999998, ""total_commands_captured"": 5, ""total_joint_states_captured"": 111}",SUCCESS,8.519,27.02,SUCCESS,YES
ESTOP_IDLE_014,5013,8d83b97cd88a99745195bb6a10cf689a27ab4987,2026-10-04T07:07:24,IDLE,"{""mode"": ""IDLE"", ""safety_agent_rate_hz"": 100.0, ""control_agent_rate_hz"": 50.0, ""command_topic"": ""/arm_controller/joint_cmd"", ""estop_topic"": ""/aria/estop"", ""nominal_velocity_rad_s"": [1.2, 0.8, 1.0, 0.5, 0.2]}","{""t_halt_pub_ns"": 120415830428039, ""command_path_latency_ms"": 17.84552, ""physical_stopping_time_ms"": 36.34552, ""total_commands_captured"": 6, ""total_joint_states_captured"": 109}",FAIL,17.846,36.35,FAIL,NO
ESTOP_IDLE_015,5014,8d83b97cd88a99745195bb6a10cf689a27ab4987,2026-10-04T07:07:24,IDLE,"{""mode"": ""IDLE"", ""safety_agent_rate_hz"": 100.0, ""control_agent_rate_hz"": 50.0, ""command_topic"": ""/arm_controller/joint_cmd"", ""estop_topic"": ""/aria/estop"", ""nominal_velocity_rad_s"": [1.2, 0.8, 1.0, 0.5, 0.2]}","{""t_halt_pub_ns"": 120415944071557, ""command_path_latency_ms"": 3.831667, ""physical_stopping_time_ms"": 22.331667, ""total_commands_captured"": 5, ""total_joint_states_captured"": 112}",SUCCESS,3.832,22.33,SUCCESS,YES
ESTOP_IDLE_016,5015,8d83b97cd88a99745195bb6a10cf689a27ab4987,2026-10-04T07:07:24,IDLE,"{""mode"": ""IDLE"", ""safety_agent_rate_hz"": 100.0, ""control_agent_rate_hz"": 50.0, ""command_topic"": ""/arm_controller/joint_cmd"", ""estop_topic"": ""/aria/estop"", ""nominal_velocity_rad_s"": [1.2, 0.8, 1.0, 0.5, 0.2]}","{""t_halt_pub_ns"": 120416067986581, ""command_path_latency_ms"": 0.386811, ""physical_stopping_time_ms"": 18.886811, ""total_commands_captured"": 7, ""total_joint_states_captured"": 123}",SUCCESS,0.387,18.89,SUCCESS,YES
ESTOP_IDLE_017,5016,8d83b97cd88a99745195bb6a10cf689a27ab4987,2026-10-04T07:07:24,IDLE,"{""mode"": ""IDLE"", ""safety_agent_rate_hz"": 100.0, ""control_agent_rate_hz"": 50.0, ""command_topic"": ""/arm_controller/joint_cmd"", ""estop_topic"": ""/aria/estop"", ""nominal_velocity_rad_s"": [1.2, 0.8, 1.0, 0.5, 0.2]}","{""t_halt_pub_ns"": 120416186853876, ""command_path_latency_ms"": 1.54373, ""physical_stopping_time_ms"": 20.04373, ""total_commands_captured"": 5, ""total_joint_states_captured"": 113}",SUCCESS,1.544,20.04,SUCCESS,YES
ESTOP_IDLE_018,5017,8d83b97cd88a99745195bb6a10cf689a27ab4987,2026-10-04T07:07:24,IDLE,"{""mode"": ""IDLE"", ""safety_agent_rate_hz"": 100.0, ""control_agent_rate_hz"": 50.0, ""command_topic"": ""/arm_controller/joint_cmd"", ""estop_topic"": ""/aria/estop"", ""nominal_velocity_rad_s"": [1.2, 0.8, 1.0, 0.5, 0.2]}","{""t_halt_pub_ns"": 120416293494870, ""command_path_latency_ms"": 14.839346, ""physical_stopping_time_ms"": 33.339346, ""total_commands_captured"": 6, ""total_joint_states_captured"": 104}",FAIL,14.839,33.34,FAIL,NO
ESTOP_IDLE_019,5018,8d83b97cd88a99745195bb6a10cf689a27ab4987,2026-10-04T07:07:24,IDLE,"{""mode"": ""IDLE"", ""safety_agent_rate_hz"": 100.0, ""control_agent_rate_hz"": 50.0, ""command_topic"": ""/arm_controller/joint_cmd"", ""estop_topic"": ""/aria/estop"", ""nominal_velocity_rad_s"": [1.2, 0.8, 1.0, 0.5, 0.2]}","{""t_halt_pub_ns"": 120416408361435, ""command_path_latency_ms"": 19.710176, ""physical_stopping_time_ms"": 38.210176000000004, ""total_commands_captured"": 6, ""total_joint_states_captured"": 114}",FAIL,19.710,38.21,FAIL,NO
ESTOP_IDLE_020,5019,8d83b97cd88a99745195bb6a10cf689a27ab4987,2026-10-04T07:07:24,IDLE,"{""mode"": ""IDLE"", ""safety_agent_rate_hz"": 100.0, ""control_agent_rate_hz"": 50.0, ""command_topic"": ""/arm_controller/joint_cmd"", ""estop_topic"": ""/aria/estop"", ""nominal_velocity_rad_s"": [1.2, 0.8, 1.0, 0.5, 0.2]}","{""t_halt_pub_ns"": 120416520696074, ""command_path_latency_ms"": 7.593489, ""physical_stopping_time_ms"": 26.093488999999998, ""total_commands_captured"": 5, ""total_joint_states_captured"": 107}",SUCCESS,7.593,26.09,SUCCESS,YES
ESTOP_IDLE_021,5020,8d83b97cd88a99745195bb6a10cf689a27ab4987,2026-10-04T07:07:24,IDLE,"{""mode"": ""IDLE"", ""safety_agent_rate_hz"": 100.0, ""control_agent_rate_hz"": 50.0, ""command_topic"": ""/arm_controller/joint_cmd"", ""estop_topic"": ""/aria/estop"", ""nominal_velocity_rad_s"": [1.2, 0.8, 1.0, 0.5, 0.2]}","{""t_halt_pub_ns"": 120416636683777, ""command_path_latency_ms"": 11.459162, ""physical_stopping_time_ms"": 29.959162, ""total_commands_captured"": 6, ""total_joint_states_captured"": 113}",FAIL,11.459,29.96,FAIL,NO
ESTOP_IDLE_022,5021,8d83b97cd88a99745195bb6a10cf689a27ab4987,2026-10-04T07:07:25,IDLE,"{""mode"": ""IDLE"", ""safety_agent_rate_hz"": 100.0, ""control_agent_rate_hz"": 50.0, ""command_topic"": ""/arm_controller/joint_cmd"", ""estop_topic"": ""/aria/estop"", ""nominal_velocity_rad_s"": [1.2, 0.8, 1.0, 0.5, 0.2]}","{""t_halt_pub_ns"": 120416750358032, ""command_path_latency_ms"": 17.890233, ""physical_stopping_time_ms"": 36.390232999999995, ""total_commands_captured"": 6, ""total_joint_states_captured"": 112}",FAIL,17.890,36.39,FAIL,NO
ESTOP_IDLE_023,5022,8d83b97cd88a99745195bb6a10cf689a27ab4987,2026-10-04T07:07:25,IDLE,"{""mode"": ""IDLE"", ""safety_agent_rate_hz"": 100.0, ""control_agent_rate_hz"": 50.0, ""command_topic"": ""/arm_controller/joint_cmd"", ""estop_topic"": ""/aria/estop"", ""nominal_velocity_rad_s"": [1.2, 0.8, 1.0, 0.5, 0.2]}","{""t_halt_pub_ns"": 120416858349405, ""command_path_latency_ms"": 9.442287, ""physical_stopping_time_ms"": 27.942287, ""total_commands_captured"": 5, ""total_joint_states_captured"": 107}",SUCCESS,9.442,27.94,SUCCESS,YES
ESTOP_IDLE_024,5023,8d83b97cd88a99745195bb6a10cf689a27ab4987,2026-10-04T07:07:25,IDLE,"{""mode"": ""IDLE"", ""safety_agent_rate_hz"": 100.0, ""control_agent_rate_hz"": 50.0, ""command_topic"": ""/arm_controller/joint_cmd"", ""estop_topic"": ""/aria/estop"", ""nominal_velocity_rad_s"": [1.2, 0.8, 1.0, 0.5, 0.2]}","{""t_halt_pub_ns"": 120416967337201, ""command_path_latency_ms"": 1.204383, ""physical_stopping_time_ms"": 19.704383, ""total_commands_captured"": 5, ""total_joint_states_captured"": 108}",SUCCESS,1.204,19.70,SUCCESS,YES
ESTOP_IDLE_025,5024,8d83b97cd88a99745195bb6a10cf689a27ab4987,2026-10-04T07:07:25,IDLE,"{""mode"": ""IDLE"", ""safety_agent_rate_hz"": 100.0, ""control_agent_rate_hz"": 50.0, ""command_topic"": ""/arm_controller/joint_cmd"", ""estop_topic"": ""/aria/estop"", ""nominal_velocity_rad_s"": [1.2, 0.8, 1.0, 0.5, 0.2]}","{""t_halt_pub_ns"": 120417073366000, ""command_path_latency_ms"": 15.089256, ""physical_stopping_time_ms"": 33.589256, ""total_commands_captured"": 6, ""total_joint_states_captured"": 106}",FAIL,15.089,33.59,FAIL,NO
ESTOP_IDLE_026,5025,8d83b97cd88a99745195bb6a10cf689a27ab4987,2026-10-04T07:07:25,IDLE,"{""mode"": ""IDLE"", ""safety_agent_rate_hz"": 100.0, ""control_agent_rate_hz"": 50.0, ""command_topic"": ""/arm_controller/joint_cmd"", ""estop_topic"": ""/aria/estop"", ""nominal_velocity_rad_s"": [1.2, 0.8, 1.0, 0.5, 0.2]}","{""t_halt_pub_ns"": 120417196883292, ""command_path_latency_ms"": 11.351526, ""physical_stopping_time_ms"": 29.851526, ""total_commands_captured"": 6, ""total_joint_states_captured"": 113}",FAIL,11.352,29.85,FAIL,NO
ESTOP_IDLE_027,5026,8d83b97cd88a99745195bb6a10cf689a27ab4987,2026-10-04T07:07:25,IDLE,"{""mode"": ""IDLE"", ""safety_agent_rate_hz"": 100.0, ""control_agent_rate_hz"": 50.0, ""command_topic"": ""/arm_controller/joint_cmd"", ""estop_topic"": ""/aria/estop"", ""nominal_velocity_rad_s"": [1.2, 0.8, 1.0, 0.5, 0.2]}","{""t_halt_pub_ns"": 120417302771867, ""command_path_latency_ms"": 5.353085, ""physical_stopping_time_ms"": 23.853085, ""total_commands_captured"": 5, ""total_joint_states_captured"": 101}",SUCCESS,5.353,23.85,SUCCESS,YES
ESTOP_IDLE_028,5027,8d83b97cd88a99745195bb6a10cf689a27ab4987,2026-10-04T07:07:25,IDLE,"{""mode"": ""IDLE"", ""safety_agent_rate_hz"": 100.0, ""control_agent_rate_hz"": 50.0, ""command_topic"": ""/arm_controller/joint_cmd"", ""estop_topic"": ""/aria/estop"", ""nominal_velocity_rad_s"": [1.2, 0.8, 1.0, 0.5, 0.2]}","{""t_halt_pub_ns"": 120417420962565, ""command_path_latency_ms"": 7.245021, ""physical_stopping_time_ms"": 25.745021, ""total_commands_captured"": 6, ""total_joint_states_captured"": 117}",SUCCESS,7.245,25.75,SUCCESS,YES
ESTOP_IDLE_029,5028,8d83b97cd88a99745195bb6a10cf689a27ab4987,2026-10-04T07:07:25,IDLE,"{""mode"": ""IDLE"", ""safety_agent_rate_hz"": 100.0, ""control_agent_rate_hz"": 50.0, ""command_topic"": ""/arm_controller/joint_cmd"", ""estop_topic"": ""/aria/estop"", ""nominal_velocity_rad_s"": [1.2, 0.8, 1.0, 0.5, 0.2]}","{""t_halt_pub_ns"": 120417541028395, ""command_path_latency_ms"": 6.95265, ""physical_stopping_time_ms"": 25.45265, ""total_commands_captured"": 6, ""total_joint_states_captured"": 119}",SUCCESS,6.953,25.45,SUCCESS,YES
ESTOP_IDLE_030,5029,8d83b97cd88a99745195bb6a10cf689a27ab4987,2026-10-04T07:07:25,IDLE,"{""mode"": ""IDLE"", ""safety_agent_rate_hz"": 100.0, ""control_agent_rate_hz"": 50.0, ""command_topic"": ""/arm_controller/joint_cmd"", ""estop_topic"": ""/aria/estop"", ""nominal_velocity_rad_s"": [1.2, 0.8, 1.0, 0.5, 0.2]}","{""t_halt_pub_ns"": 120417656860514, ""command_path_latency_ms"": 11.916596, ""physical_stopping_time_ms"": 30.416596, ""total_commands_captured"": 6, ""total_joint_states_captured"": 116}",FAIL,11.917,30.42,FAIL,NO
ESTOP_IDLE_031,5030,8d83b97cd88a99745195bb6a10cf689a27ab4987,2026-10-04T07:07:26,IDLE,"{""mode"": ""IDLE"", ""safety_agent_rate_hz"": 100.0, ""control_agent_rate_hz"": 50.0, ""command_topic"": ""/arm_controller/joint_cmd"", ""estop_topic"": ""/aria/estop"", ""nominal_velocity_rad_s"": [1.2, 0.8, 1.0, 0.5, 0.2]}","{""t_halt_pub_ns"": 120417775912466, ""command_path_latency_ms"": 12.429319, ""physical_stopping_time_ms"": 30.929319, ""total_commands_captured"": 6, ""total_joint_states_captured"": 118}",FAIL,12.429,30.93,FAIL,NO
ESTOP_IDLE_032,5031,8d83b97cd88a99745195bb6a10cf689a27ab4987,2026-10-04T07:07:26,IDLE,"{""mode"": ""IDLE"", ""safety_agent_rate_hz"": 100.0, ""control_agent_rate_hz"": 50.0, ""command_topic"": ""/arm_controller/joint_cmd"", ""estop_topic"": ""/aria/estop"", ""nominal_velocity_rad_s"": [1.2, 0.8, 1.0, 0.5, 0.2]}","{""t_halt_pub_ns"": 120417899038809, ""command_path_latency_ms"": 9.0257, ""physical_stopping_time_ms"": 27.5257, ""total_commands_captured"": 6, ""total_joint_states_captured"": 123}",SUCCESS,9.026,27.53,SUCCESS,YES
ESTOP_IDLE_033,5032,8d83b97cd88a99745195bb6a10cf689a27ab4987,2026-10-04T07:07:26,IDLE,"{""mode"": ""IDLE"", ""safety_agent_rate_hz"": 100.0, ""control_agent_rate_hz"": 50.0, ""command_topic"": ""/arm_controller/joint_cmd"", ""estop_topic"": ""/aria/estop"", ""nominal_velocity_rad_s"": [1.2, 0.8, 1.0, 0.5, 0.2]}","{""t_halt_pub_ns"": 120418022759417, ""command_path_latency_ms"": 5.533362, ""physical_stopping_time_ms"": 24.033362, ""total_commands_captured"": 6, ""total_joint_states_captured"": 121}",SUCCESS,5.533,24.03,SUCCESS,YES
ESTOP_IDLE_034,5033,8d83b97cd88a99745195bb6a10cf689a27ab4987,2026-10-04T07:07:26,IDLE,"{""mode"": ""IDLE"", ""safety_agent_rate_hz"": 100.0, ""control_agent_rate_hz"": 50.0, ""command_topic"": ""/arm_controller/joint_cmd"", ""estop_topic"": ""/aria/estop"", ""nominal_velocity_rad_s"": [1.2, 0.8, 1.0, 0.5, 0.2]}","{""t_halt_pub_ns"": 120418148246026, ""command_path_latency_ms"": 0.211561, ""physical_stopping_time_ms"": 18.711561, ""total_commands_captured"": 7, ""total_joint_states_captured"": 125}",SUCCESS,0.212,18.71,SUCCESS,YES
ESTOP_IDLE_035,5034,8d83b97cd88a99745195bb6a10cf689a27ab4987,2026-10-04T07:07:26,IDLE,"{""mode"": ""IDLE"", ""safety_agent_rate_hz"": 100.0, ""control_agent_rate_hz"": 50.0, ""command_topic"": ""/arm_controller/joint_cmd"", ""estop_topic"": ""/aria/estop"", ""nominal_velocity_rad_s"": [1.2, 0.8, 1.0, 0.5, 0.2]}","{""t_halt_pub_ns"": 120418254591630, ""command_path_latency_ms"": 13.873597, ""physical_stopping_time_ms"": 32.373597000000004, ""total_commands_captured"": 5, ""total_joint_states_captured"": 105}",FAIL,13.874,32.37,FAIL,NO
ESTOP_IDLE_036,5035,8d83b97cd88a99745195bb6a10cf689a27ab4987,2026-10-04T07:07:26,IDLE,"{""mode"": ""IDLE"", ""safety_agent_rate_hz"": 100.0, ""control_agent_rate_hz"": 50.0, ""command_topic"": ""/arm_controller/joint_cmd"", ""estop_topic"": ""/aria/estop"", ""nominal_velocity_rad_s"": [1.2, 0.8, 1.0, 0.5, 0.2]}","{""t_halt_pub_ns"": 120418373693898, ""command_path_latency_ms"": 14.191662, ""physical_stopping_time_ms"": 32.691662, ""total_commands_captured"": 6, ""total_joint_states_captured"": 117}",FAIL,14.192,32.69,FAIL,NO
ESTOP_IDLE_037,5036,8d83b97cd88a99745195bb6a10cf689a27ab4987,2026-10-04T07:07:26,IDLE,"{""mode"": ""IDLE"", ""safety_agent_rate_hz"": 100.0, ""control_agent_rate_hz"": 50.0, ""command_topic"": ""/arm_controller/joint_cmd"", ""estop_topic"": ""/aria/estop"", ""nominal_velocity_rad_s"": [1.2, 0.8, 1.0, 0.5, 0.2]}","{""t_halt_pub_ns"": 120418483272797, ""command_path_latency_ms"": 4.931109, ""physical_stopping_time_ms"": 23.431109, ""total_commands_captured"": 5, ""total_joint_states_captured"": 109}",SUCCESS,4.931,23.43,SUCCESS,YES
ESTOP_IDLE_038,5037,8d83b97cd88a99745195bb6a10cf689a27ab4987,2026-10-04T07:07:26,IDLE,"{""mode"": ""IDLE"", ""safety_agent_rate_hz"": 100.0, ""control_agent_rate_hz"": 50.0, ""command_topic"": ""/arm_controller/joint_cmd"", ""estop_topic"": ""/aria/estop"", ""nominal_velocity_rad_s"": [1.2, 0.8, 1.0, 0.5, 0.2]}","{""t_halt_pub_ns"": 120418598106031, ""command_path_latency_ms"": 9.766013, ""physical_stopping_time_ms"": 28.266013, ""total_commands_captured"": 6, ""total_joint_states_captured"": 115}",SUCCESS,9.766,28.27,SUCCESS,YES
ESTOP_IDLE_039,5038,8d83b97cd88a99745195bb6a10cf689a27ab4987,2026-10-04T07:07:26,IDLE,"{""mode"": ""IDLE"", ""safety_agent_rate_hz"": 100.0, ""control_agent_rate_hz"": 50.0, ""command_topic"": ""/arm_controller/joint_cmd"", ""estop_topic"": ""/aria/estop"", ""nominal_velocity_rad_s"": [1.2, 0.8, 1.0, 0.5, 0.2]}","{""t_halt_pub_ns"": 120418706966481, ""command_path_latency_ms"": 1.053136, ""physical_stopping_time_ms"": 19.553136, ""total_commands_captured"": 5, ""total_joint_states_captured"": 108}",SUCCESS,1.053,19.55,SUCCESS,YES
ESTOP_IDLE_040,5039,8d83b97cd88a99745195bb6a10cf689a27ab4987,2026-10-04T07:07:27,IDLE,"{""mode"": ""IDLE"", ""safety_agent_rate_hz"": 100.0, ""control_agent_rate_hz"": 50.0, ""command_topic"": ""/arm_controller/joint_cmd"", ""estop_topic"": ""/aria/estop"", ""nominal_velocity_rad_s"": [1.2, 0.8, 1.0, 0.5, 0.2]}","{""t_halt_pub_ns"": 120418831736020, ""command_path_latency_ms"": 16.738289, ""physical_stopping_time_ms"": 35.238289, ""total_commands_captured"": 7, ""total_joint_states_captured"": 124}",FAIL,16.738,35.24,FAIL,NO
ESTOP_IDLE_041,5040,8d83b97cd88a99745195bb6a10cf689a27ab4987,2026-10-04T07:07:27,IDLE,"{""mode"": ""IDLE"", ""safety_agent_rate_hz"": 100.0, ""control_agent_rate_hz"": 50.0, ""command_topic"": ""/arm_controller/joint_cmd"", ""estop_topic"": ""/aria/estop"", ""nominal_velocity_rad_s"": [1.2, 0.8, 1.0, 0.5, 0.2]}","{""t_halt_pub_ns"": 120418944751554, ""command_path_latency_ms"": 3.590005, ""physical_stopping_time_ms"": 22.090005, ""total_commands_captured"": 5, ""total_joint_states_captured"": 113}",SUCCESS,3.590,22.09,SUCCESS,YES
ESTOP_IDLE_042,5041,8d83b97cd88a99745195bb6a10cf689a27ab4987,2026-10-04T07:07:27,IDLE,"{""mode"": ""IDLE"", ""safety_agent_rate_hz"": 100.0, ""control_agent_rate_hz"": 50.0, ""command_topic"": ""/arm_controller/joint_cmd"", ""estop_topic"": ""/aria/estop"", ""nominal_velocity_rad_s"": [1.2, 0.8, 1.0, 0.5, 0.2]}","{""t_halt_pub_ns"": 120419065404067, ""command_path_latency_ms"": 2.731266, ""physical_stopping_time_ms"": 21.231266, ""total_commands_captured"": 6, ""total_joint_states_captured"": 120}",SUCCESS,2.731,21.23,SUCCESS,YES
ESTOP_IDLE_043,5042,8d83b97cd88a99745195bb6a10cf689a27ab4987,2026-10-04T07:07:27,IDLE,"{""mode"": ""IDLE"", ""safety_agent_rate_hz"": 100.0, ""control_agent_rate_hz"": 50.0, ""command_topic"": ""/arm_controller/joint_cmd"", ""estop_topic"": ""/aria/estop"", ""nominal_velocity_rad_s"": [1.2, 0.8, 1.0, 0.5, 0.2]}","{""t_halt_pub_ns"": 120419177284008, ""command_path_latency_ms"": 10.697283, ""physical_stopping_time_ms"": 29.197283, ""total_commands_captured"": 6, ""total_joint_states_captured"": 111}",FAIL,10.697,29.20,FAIL,NO
ESTOP_IDLE_044,5043,8d83b97cd88a99745195bb6a10cf689a27ab4987,2026-10-04T07:07:27,IDLE,"{""mode"": ""IDLE"", ""safety_agent_rate_hz"": 100.0, ""control_agent_rate_hz"": 50.0, ""command_topic"": ""/arm_controller/joint_cmd"", ""estop_topic"": ""/aria/estop"", ""nominal_velocity_rad_s"": [1.2, 0.8, 1.0, 0.5, 0.2]}","{""t_halt_pub_ns"": 120419294266900, ""command_path_latency_ms"": 13.641716, ""physical_stopping_time_ms"": 32.141716, ""total_commands_captured"": 6, ""total_joint_states_captured"": 116}",FAIL,13.642,32.14,FAIL,NO
ESTOP_IDLE_045,5044,8d83b97cd88a99745195bb6a10cf689a27ab4987,2026-10-04T07:07:27,IDLE,"{""mode"": ""IDLE"", ""safety_agent_rate_hz"": 100.0, ""control_agent_rate_hz"": 50.0, ""command_topic"": ""/arm_controller/joint_cmd"", ""estop_topic"": ""/aria/estop"", ""nominal_velocity_rad_s"": [1.2, 0.8, 1.0, 0.5, 0.2]}","{""t_halt_pub_ns"": 120419401923218, ""command_path_latency_ms"": 5.990501, ""physical_stopping_time_ms"": 24.490501000000002, ""total_commands_captured"": 5, ""total_joint_states_captured"": 108}",SUCCESS,5.991,24.49,SUCCESS,YES
ESTOP_IDLE_046,5045,8d83b97cd88a99745195bb6a10cf689a27ab4987,2026-10-04T07:07:27,IDLE,"{""mode"": ""IDLE"", ""safety_agent_rate_hz"": 100.0, ""control_agent_rate_hz"": 50.0, ""command_topic"": ""/arm_controller/joint_cmd"", ""estop_topic"": ""/aria/estop"", ""nominal_velocity_rad_s"": [1.2, 0.8, 1.0, 0.5, 0.2]}","{""t_halt_pub_ns"": 120419508620766, ""command_path_latency_ms"": 19.361135, ""physical_stopping_time_ms"": 37.861135000000004, ""total_commands_captured"": 6, ""total_joint_states_captured"": 106}",FAIL,19.361,37.86,FAIL,NO
ESTOP_IDLE_047,5046,8d83b97cd88a99745195bb6a10cf689a27ab4987,2026-10-04T07:07:27,IDLE,"{""mode"": ""IDLE"", ""safety_agent_rate_hz"": 100.0, ""control_agent_rate_hz"": 50.0, ""command_topic"": ""/arm_controller/joint_cmd"", ""estop_topic"": ""/aria/estop"", ""nominal_velocity_rad_s"": [1.2, 0.8, 1.0, 0.5, 0.2]}","{""t_halt_pub_ns"": 120419621660350, ""command_path_latency_ms"": 6.11895, ""physical_stopping_time_ms"": 24.618949999999998, ""total_commands_captured"": 5, ""total_joint_states_captured"": 112}",SUCCESS,6.119,24.62,SUCCESS,YES
ESTOP_IDLE_048,5047,8d83b97cd88a99745195bb6a10cf689a27ab4987,2026-10-04T07:07:28,IDLE,"{""mode"": ""IDLE"", ""safety_agent_rate_hz"": 100.0, ""control_agent_rate_hz"": 50.0, ""command_topic"": ""/arm_controller/joint_cmd"", ""estop_topic"": ""/aria/estop"", ""nominal_velocity_rad_s"": [1.2, 0.8, 1.0, 0.5, 0.2]}","{""t_halt_pub_ns"": 120419731664641, ""command_path_latency_ms"": 16.341853, ""physical_stopping_time_ms"": 34.841853, ""total_commands_captured"": 6, ""total_joint_states_captured"": 110}",FAIL,16.342,34.84,FAIL,NO
ESTOP_IDLE_049,5048,8d83b97cd88a99745195bb6a10cf689a27ab4987,2026-10-04T07:07:28,IDLE,"{""mode"": ""IDLE"", ""safety_agent_rate_hz"": 100.0, ""control_agent_rate_hz"": 50.0, ""command_topic"": ""/arm_controller/joint_cmd"", ""estop_topic"": ""/aria/estop"", ""nominal_velocity_rad_s"": [1.2, 0.8, 1.0, 0.5, 0.2]}","{""t_halt_pub_ns"": 120419844477404, ""command_path_latency_ms"": 3.839789, ""physical_stopping_time_ms"": 22.339789, ""total_commands_captured"": 5, ""total_joint_states_captured"": 112}",SUCCESS,3.840,22.34,SUCCESS,YES
ESTOP_IDLE_050,5049,8d83b97cd88a99745195bb6a10cf689a27ab4987,2026-10-04T07:07:28,IDLE,"{""mode"": ""IDLE"", ""safety_agent_rate_hz"": 100.0, ""control_agent_rate_hz"": 50.0, ""command_topic"": ""/arm_controller/joint_cmd"", ""estop_topic"": ""/aria/estop"", ""nominal_velocity_rad_s"": [1.2, 0.8, 1.0, 0.5, 0.2]}","{""t_halt_pub_ns"": 120419967012062, ""command_path_latency_ms"": 0.866858, ""physical_stopping_time_ms"": 19.366858, ""total_commands_captured"": 6, ""total_joint_states_captured"": 122}",SUCCESS,0.867,19.37,SUCCESS,YES
ESTOP_LOADED_001,5100,8d83b97cd88a99745195bb6a10cf689a27ab4987,2026-10-04T07:07:28,LOADED,"{""mode"": ""LOADED"", ""safety_agent_rate_hz"": 100.0, ""control_agent_rate_hz"": 50.0, ""command_topic"": ""/arm_controller/joint_cmd"", ""estop_topic"": ""/aria/estop"", ""nominal_velocity_rad_s"": [1.2, 0.8, 1.0, 0.5, 0.2]}","{""t_halt_pub_ns"": 120420074363365, ""command_path_latency_ms"": 13.934987, ""physical_stopping_time_ms"": 32.434987, ""total_commands_captured"": 6, ""total_joint_states_captured"": 84}",FAIL,13.935,32.43,FAIL,NO
ESTOP_LOADED_002,5101,8d83b97cd88a99745195bb6a10cf689a27ab4987,2026-10-04T07:07:28,LOADED,"{""mode"": ""LOADED"", ""safety_agent_rate_hz"": 100.0, ""control_agent_rate_hz"": 50.0, ""command_topic"": ""/arm_controller/joint_cmd"", ""estop_topic"": ""/aria/estop"", ""nominal_velocity_rad_s"": [1.2, 0.8, 1.0, 0.5, 0.2]}","{""t_halt_pub_ns"": 120420189130638, ""command_path_latency_ms"": 1.160394, ""physical_stopping_time_ms"": 19.660394, ""total_commands_captured"": 5, ""total_joint_states_captured"": 83}",SUCCESS,1.160,19.66,SUCCESS,YES
ESTOP_LOADED_003,5102,8d83b97cd88a99745195bb6a10cf689a27ab4987,2026-10-04T07:07:28,LOADED,"{""mode"": ""LOADED"", ""safety_agent_rate_hz"": 100.0, ""control_agent_rate_hz"": 50.0, ""command_topic"": ""/arm_controller/joint_cmd"", ""estop_topic"": ""/aria/estop"", ""nominal_velocity_rad_s"": [1.2, 0.8, 1.0, 0.5, 0.2]}","{""t_halt_pub_ns"": 120420308254043, ""command_path_latency_ms"": 1.525567, ""physical_stopping_time_ms"": 20.025567, ""total_commands_captured"": 6, ""total_joint_states_captured"": 63}",SUCCESS,1.526,20.03,SUCCESS,YES
ESTOP_LOADED_004,5103,8d83b97cd88a99745195bb6a10cf689a27ab4987,2026-10-04T07:07:28,LOADED,"{""mode"": ""LOADED"", ""safety_agent_rate_hz"": 100.0, ""control_agent_rate_hz"": 50.0, ""command_topic"": ""/arm_controller/joint_cmd"", ""estop_topic"": ""/aria/estop"", ""nominal_velocity_rad_s"": [1.2, 0.8, 1.0, 0.5, 0.2]}","{""t_halt_pub_ns"": 120420428772594, ""command_path_latency_ms"": 19.28864, ""physical_stopping_time_ms"": 37.78864, ""total_commands_captured"": 6, ""total_joint_states_captured"": 82}",FAIL,19.289,37.79,FAIL,NO
ESTOP_LOADED_005,5104,8d83b97cd88a99745195bb6a10cf689a27ab4987,2026-10-04T07:07:28,LOADED,"{""mode"": ""LOADED"", ""safety_agent_rate_hz"": 100.0, ""control_agent_rate_hz"": 50.0, ""command_topic"": ""/arm_controller/joint_cmd"", ""estop_topic"": ""/aria/estop"", ""nominal_velocity_rad_s"": [1.2, 0.8, 1.0, 0.5, 0.2]}","{""t_halt_pub_ns"": 120420540123250, ""command_path_latency_ms"": 10.241394, ""physical_stopping_time_ms"": 28.741394, ""total_commands_captured"": 5, ""total_joint_states_captured"": 80}",FAIL,10.241,28.74,FAIL,NO
ESTOP_LOADED_006,5105,8d83b97cd88a99745195bb6a10cf689a27ab4987,2026-10-04T07:07:28,LOADED,"{""mode"": ""LOADED"", ""safety_agent_rate_hz"": 100.0, ""control_agent_rate_hz"": 50.0, ""command_topic"": ""/arm_controller/joint_cmd"", ""estop_topic"": ""/aria/estop"", ""nominal_velocity_rad_s"": [1.2, 0.8, 1.0, 0.5, 0.2]}","{""t_halt_pub_ns"": 120420651857160, ""command_path_latency_ms"": 3.98393, ""physical_stopping_time_ms"": 22.48393, ""total_commands_captured"": 6, ""total_joint_states_captured"": 53}",SUCCESS,3.984,22.48,SUCCESS,YES
ESTOP_LOADED_007,5106,8d83b97cd88a99745195bb6a10cf689a27ab4987,2026-10-04T07:07:29,LOADED,"{""mode"": ""LOADED"", ""safety_agent_rate_hz"": 100.0, ""control_agent_rate_hz"": 50.0, ""command_topic"": ""/arm_controller/joint_cmd"", ""estop_topic"": ""/aria/estop"", ""nominal_velocity_rad_s"": [1.2, 0.8, 1.0, 0.5, 0.2]}","{""t_halt_pub_ns"": 120420762308002, ""command_path_latency_ms"": 8.179614, ""physical_stopping_time_ms"": 26.679614, ""total_commands_captured"": 5, ""total_joint_states_captured"": 32}",SUCCESS,8.180,26.68,SUCCESS,YES
ESTOP_LOADED_008,5107,8d83b97cd88a99745195bb6a10cf689a27ab4987,2026-10-04T07:07:29,LOADED,"{""mode"": ""LOADED"", ""safety_agent_rate_hz"": 100.0, ""control_agent_rate_hz"": 50.0, ""command_topic"": ""/arm_controller/joint_cmd"", ""estop_topic"": ""/aria/estop"", ""nominal_velocity_rad_s"": [1.2, 0.8, 1.0, 0.5, 0.2]}","{""t_halt_pub_ns"": 120420883232292, ""command_path_latency_ms"": 4.588096, ""physical_stopping_time_ms"": 23.088096, ""total_commands_captured"": 6, ""total_joint_states_captured"": 74}",SUCCESS,4.588,23.09,SUCCESS,YES
ESTOP_LOADED_009,5108,8d83b97cd88a99745195bb6a10cf689a27ab4987,2026-10-04T07:07:29,LOADED,"{""mode"": ""LOADED"", ""safety_agent_rate_hz"": 100.0, ""control_agent_rate_hz"": 50.0, ""command_topic"": ""/arm_controller/joint_cmd"", ""estop_topic"": ""/aria/estop"", ""nominal_velocity_rad_s"": [1.2, 0.8, 1.0, 0.5, 0.2]}","{""t_halt_pub_ns"": 120421006132686, ""command_path_latency_ms"": 2.935723, ""physical_stopping_time_ms"": 21.435723, ""total_commands_captured"": 6, ""total_joint_states_captured"": 85}",SUCCESS,2.936,21.44,SUCCESS,YES
ESTOP_LOADED_010,5109,8d83b97cd88a99745195bb6a10cf689a27ab4987,2026-10-04T07:07:29,LOADED,"{""mode"": ""LOADED"", ""safety_agent_rate_hz"": 100.0, ""control_agent_rate_hz"": 50.0, ""command_topic"": ""/arm_controller/joint_cmd"", ""estop_topic"": ""/aria/estop"", ""nominal_velocity_rad_s"": [1.2, 0.8, 1.0, 0.5, 0.2]}","{""t_halt_pub_ns"": 120421113041390, ""command_path_latency_ms"": 20.771664, ""physical_stopping_time_ms"": 39.271664, ""total_commands_captured"": 6, ""total_joint_states_captured"": 32}",FAIL,20.772,39.27,FAIL,NO
ESTOP_LOADED_011,5110,8d83b97cd88a99745195bb6a10cf689a27ab4987,2026-10-04T07:07:29,LOADED,"{""mode"": ""LOADED"", ""safety_agent_rate_hz"": 100.0, ""control_agent_rate_hz"": 50.0, ""command_topic"": ""/arm_controller/joint_cmd"", ""estop_topic"": ""/aria/estop"", ""nominal_velocity_rad_s"": [1.2, 0.8, 1.0, 0.5, 0.2]}","{""t_halt_pub_ns"": 120421225521392, ""command_path_latency_ms"": 29.453171, ""physical_stopping_time_ms"": 47.953171, ""total_commands_captured"": 5, ""total_joint_states_captured"": 93}",FAIL,29.453,47.95,FAIL,NO
ESTOP_LOADED_012,5111,8d83b97cd88a99745195bb6a10cf689a27ab4987,2026-10-04T07:07:29,LOADED,"{""mode"": ""LOADED"", ""safety_agent_rate_hz"": 100.0, ""control_agent_rate_hz"": 50.0, ""command_topic"": ""/arm_controller/joint_cmd"", ""estop_topic"": ""/aria/estop"", ""nominal_velocity_rad_s"": [1.2, 0.8, 1.0, 0.5, 0.2]}","{""t_halt_pub_ns"": 120421338137858, ""command_path_latency_ms"": 27.313413, ""physical_stopping_time_ms"": 45.813413, ""total_commands_captured"": 6, ""total_joint_states_captured"": 86}",FAIL,27.313,45.81,FAIL,NO
ESTOP_LOADED_013,5112,8d83b97cd88a99745195bb6a10cf689a27ab4987,2026-10-04T07:07:29,LOADED,"{""mode"": ""LOADED"", ""safety_agent_rate_hz"": 100.0, ""control_agent_rate_hz"": 50.0, ""command_topic"": ""/arm_controller/joint_cmd"", ""estop_topic"": ""/aria/estop"", ""nominal_velocity_rad_s"": [1.2, 0.8, 1.0, 0.5, 0.2]}","{""t_halt_pub_ns"": 120421455441210, ""command_path_latency_ms"": 0.217867, ""physical_stopping_time_ms"": 18.717867, ""total_commands_captured"": 6, ""total_joint_states_captured"": 34}",SUCCESS,0.218,18.72,SUCCESS,YES
ESTOP_LOADED_014,5113,8d83b97cd88a99745195bb6a10cf689a27ab4987,2026-10-04T07:07:29,LOADED,"{""mode"": ""LOADED"", ""safety_agent_rate_hz"": 100.0, ""control_agent_rate_hz"": 50.0, ""command_topic"": ""/arm_controller/joint_cmd"", ""estop_topic"": ""/aria/estop"", ""nominal_velocity_rad_s"": [1.2, 0.8, 1.0, 0.5, 0.2]}","{""t_halt_pub_ns"": 120421572863404, ""command_path_latency_ms"": 0.243931, ""physical_stopping_time_ms"": 18.743931, ""total_commands_captured"": 6, ""total_joint_states_captured"": 67}",SUCCESS,0.244,18.74,SUCCESS,YES
ESTOP_LOADED_015,5114,8d83b97cd88a99745195bb6a10cf689a27ab4987,2026-10-04T07:07:29,LOADED,"{""mode"": ""LOADED"", ""safety_agent_rate_hz"": 100.0, ""control_agent_rate_hz"": 50.0, ""command_topic"": ""/arm_controller/joint_cmd"", ""estop_topic"": ""/aria/estop"", ""nominal_velocity_rad_s"": [1.2, 0.8, 1.0, 0.5, 0.2]}","{""t_halt_pub_ns"": 120421695602190, ""command_path_latency_ms"": 2.647502, ""physical_stopping_time_ms"": 21.147502, ""total_commands_captured"": 6, ""total_joint_states_captured"": 92}",SUCCESS,2.648,21.15,SUCCESS,YES
ESTOP_LOADED_016,5115,8d83b97cd88a99745195bb6a10cf689a27ab4987,2026-10-04T07:07:30,LOADED,"{""mode"": ""LOADED"", ""safety_agent_rate_hz"": 100.0, ""control_agent_rate_hz"": 50.0, ""command_topic"": ""/arm_controller/joint_cmd"", ""estop_topic"": ""/aria/estop"", ""nominal_velocity_rad_s"": [1.2, 0.8, 1.0, 0.5, 0.2]}","{""t_halt_pub_ns"": 120421827097143, ""command_path_latency_ms"": 1.317849, ""physical_stopping_time_ms"": 19.817849, ""total_commands_captured"": 6, ""total_joint_states_captured"": 89}",SUCCESS,1.318,19.82,SUCCESS,YES
ESTOP_LOADED_017,5116,8d83b97cd88a99745195bb6a10cf689a27ab4987,2026-10-04T07:07:30,LOADED,"{""mode"": ""LOADED"", ""safety_agent_rate_hz"": 100.0, ""control_agent_rate_hz"": 50.0, ""command_topic"": ""/arm_controller/joint_cmd"", ""estop_topic"": ""/aria/estop"", ""nominal_velocity_rad_s"": [1.2, 0.8, 1.0, 0.5, 0.2]}","{""t_halt_pub_ns"": 120421952951516, ""command_path_latency_ms"": 0.230981, ""physical_stopping_time_ms"": 18.730981, ""total_commands_captured"": 7, ""total_joint_states_captured"": 54}",SUCCESS,0.231,18.73,SUCCESS,YES
ESTOP_LOADED_018,5117,8d83b97cd88a99745195bb6a10cf689a27ab4987,2026-10-04T07:07:30,LOADED,"{""mode"": ""LOADED"", ""safety_agent_rate_hz"": 100.0, ""control_agent_rate_hz"": 50.0, ""command_topic"": ""/arm_controller/joint_cmd"", ""estop_topic"": ""/aria/estop"", ""nominal_velocity_rad_s"": [1.2, 0.8, 1.0, 0.5, 0.2]}","{""t_halt_pub_ns"": 120422063212811, ""command_path_latency_ms"": 5.205357, ""physical_stopping_time_ms"": 23.705357, ""total_commands_captured"": 5, ""total_joint_states_captured"": 109}",SUCCESS,5.205,23.71,SUCCESS,YES
ESTOP_LOADED_019,5118,8d83b97cd88a99745195bb6a10cf689a27ab4987,2026-10-04T07:07:30,LOADED,"{""mode"": ""LOADED"", ""safety_agent_rate_hz"": 100.0, ""control_agent_rate_hz"": 50.0, ""command_topic"": ""/arm_controller/joint_cmd"", ""estop_topic"": ""/aria/estop"", ""nominal_velocity_rad_s"": [1.2, 0.8, 1.0, 0.5, 0.2]}","{""t_halt_pub_ns"": 120422182670230, ""command_path_latency_ms"": 20.667986, ""physical_stopping_time_ms"": 39.167986, ""total_commands_captured"": 6, ""total_joint_states_captured"": 51}",FAIL,20.668,39.17,FAIL,NO
ESTOP_LOADED_020,5119,8d83b97cd88a99745195bb6a10cf689a27ab4987,2026-10-04T07:07:30,LOADED,"{""mode"": ""LOADED"", ""safety_agent_rate_hz"": 100.0, ""control_agent_rate_hz"": 50.0, ""command_topic"": ""/arm_controller/joint_cmd"", ""estop_topic"": ""/aria/estop"", ""nominal_velocity_rad_s"": [1.2, 0.8, 1.0, 0.5, 0.2]}","{""t_halt_pub_ns"": 120422296545012, ""command_path_latency_ms"": 11.598155, ""physical_stopping_time_ms"": 30.098155, ""total_commands_captured"": 6, ""total_joint_states_captured"": 38}",FAIL,11.598,30.10,FAIL,NO
ESTOP_LOADED_021,5120,8d83b97cd88a99745195bb6a10cf689a27ab4987,2026-10-04T07:07:30,LOADED,"{""mode"": ""LOADED"", ""safety_agent_rate_hz"": 100.0, ""control_agent_rate_hz"": 50.0, ""command_topic"": ""/arm_controller/joint_cmd"", ""estop_topic"": ""/aria/estop"", ""nominal_velocity_rad_s"": [1.2, 0.8, 1.0, 0.5, 0.2]}","{""t_halt_pub_ns"": 120422419875795, ""command_path_latency_ms"": 10.351064, ""physical_stopping_time_ms"": 28.851064, ""total_commands_captured"": 6, ""total_joint_states_captured"": 56}",FAIL,10.351,28.85,FAIL,NO
ESTOP_LOADED_022,5121,8d83b97cd88a99745195bb6a10cf689a27ab4987,2026-10-04T07:07:30,LOADED,"{""mode"": ""LOADED"", ""safety_agent_rate_hz"": 100.0, ""control_agent_rate_hz"": 50.0, ""command_topic"": ""/arm_controller/joint_cmd"", ""estop_topic"": ""/aria/estop"", ""nominal_velocity_rad_s"": [1.2, 0.8, 1.0, 0.5, 0.2]}","{""t_halt_pub_ns"": 120422539436769, ""command_path_latency_ms"": 11.097363, ""physical_stopping_time_ms"": 29.597363, ""total_commands_captured"": 6, ""total_joint_states_captured"": 66}",FAIL,11.097,29.60,FAIL,NO
ESTOP_LOADED_023,5122,8d83b97cd88a99745195bb6a10cf689a27ab4987,2026-10-04T07:07:30,LOADED,"{""mode"": ""LOADED"", ""safety_agent_rate_hz"": 100.0, ""control_agent_rate_hz"": 50.0, ""command_topic"": ""/arm_controller/joint_cmd"", ""estop_topic"": ""/aria/estop"", ""nominal_velocity_rad_s"": [1.2, 0.8, 1.0, 0.5, 0.2]}","{""t_halt_pub_ns"": 120422646449265, ""command_path_latency_ms"": 3.616812, ""physical_stopping_time_ms"": 22.116812, ""total_commands_captured"": 5, ""total_joint_states_captured"": 56}",SUCCESS,3.617,22.12,SUCCESS,YES
ESTOP_LOADED_024,5123,8d83b97cd88a99745195bb6a10cf689a27ab4987,2026-10-04T07:07:31,LOADED,"{""mode"": ""LOADED"", ""safety_agent_rate_hz"": 100.0, ""control_agent_rate_hz"": 50.0, ""command_topic"": ""/arm_controller/joint_cmd"", ""estop_topic"": ""/aria/estop"", ""nominal_velocity_rad_s"": [1.2, 0.8, 1.0, 0.5, 0.2]}","{""t_halt_pub_ns"": 120422757230831, ""command_path_latency_ms"": 11.839199, ""physical_stopping_time_ms"": 30.339199, ""total_commands_captured"": 6, ""total_joint_states_captured"": 57}",FAIL,11.839,30.34,FAIL,NO
ESTOP_LOADED_025,5124,8d83b97cd88a99745195bb6a10cf689a27ab4987,2026-10-04T07:07:31,LOADED,"{""mode"": ""LOADED"", ""safety_agent_rate_hz"": 100.0, ""control_agent_rate_hz"": 50.0, ""command_topic"": ""/arm_controller/joint_cmd"", ""estop_topic"": ""/aria/estop"", ""nominal_velocity_rad_s"": [1.2, 0.8, 1.0, 0.5, 0.2]}","{""t_halt_pub_ns"": 120422888924624, ""command_path_latency_ms"": 16.884657, ""physical_stopping_time_ms"": 35.384657000000004, ""total_commands_captured"": 6, ""total_joint_states_captured"": 49}",FAIL,16.885,35.38,FAIL,NO
ESTOP_LOADED_026,5125,8d83b97cd88a99745195bb6a10cf689a27ab4987,2026-10-04T07:07:31,LOADED,"{""mode"": ""LOADED"", ""safety_agent_rate_hz"": 100.0, ""control_agent_rate_hz"": 50.0, ""command_topic"": ""/arm_controller/joint_cmd"", ""estop_topic"": ""/aria/estop"", ""nominal_velocity_rad_s"": [1.2, 0.8, 1.0, 0.5, 0.2]}","{""t_halt_pub_ns"": 120423015170101, ""command_path_latency_ms"": 18.455399, ""physical_stopping_time_ms"": 36.955399, ""total_commands_captured"": 7, ""total_joint_states_captured"": 44}",FAIL,18.455,36.96,FAIL,NO
ESTOP_LOADED_027,5126,8d83b97cd88a99745195bb6a10cf689a27ab4987,2026-10-04T07:07:31,LOADED,"{""mode"": ""LOADED"", ""safety_agent_rate_hz"": 100.0, ""control_agent_rate_hz"": 50.0, ""command_topic"": ""/arm_controller/joint_cmd"", ""estop_topic"": ""/aria/estop"", ""nominal_velocity_rad_s"": [1.2, 0.8, 1.0, 0.5, 0.2]}","{""t_halt_pub_ns"": 120423141710936, ""command_path_latency_ms"": 9.365165, ""physical_stopping_time_ms"": 27.865164999999998, ""total_commands_captured"": 6, ""total_joint_states_captured"": 65}",SUCCESS,9.365,27.87,SUCCESS,YES
ESTOP_LOADED_028,5127,8d83b97cd88a99745195bb6a10cf689a27ab4987,2026-10-04T07:07:31,LOADED,"{""mode"": ""LOADED"", ""safety_agent_rate_hz"": 100.0, ""control_agent_rate_hz"": 50.0, ""command_topic"": ""/arm_controller/joint_cmd"", ""estop_topic"": ""/aria/estop"", ""nominal_velocity_rad_s"": [1.2, 0.8, 1.0, 0.5, 0.2]}","{""t_halt_pub_ns"": 120423256923051, ""command_path_latency_ms"": 11.521029, ""physical_stopping_time_ms"": 30.021029, ""total_commands_captured"": 6, ""total_joint_states_captured"": 73}",FAIL,11.521,30.02,FAIL,NO
ESTOP_LOADED_029,5128,8d83b97cd88a99745195bb6a10cf689a27ab4987,2026-10-04T07:07:31,LOADED,"{""mode"": ""LOADED"", ""safety_agent_rate_hz"": 100.0, ""control_agent_rate_hz"": 50.0, ""command_topic"": ""/arm_controller/joint_cmd"", ""estop_topic"": ""/aria/estop"", ""nominal_velocity_rad_s"": [1.2, 0.8, 1.0, 0.5, 0.2]}","{""t_halt_pub_ns"": 120423371853540, ""command_path_latency_ms"": 16.064839, ""physical_stopping_time_ms"": 34.564839, ""total_commands_captured"": 5, ""total_joint_states_captured"": 42}",FAIL,16.065,34.56,FAIL,NO
ESTOP_LOADED_030,5129,8d83b97cd88a99745195bb6a10cf689a27ab4987,2026-10-04T07:07:31,LOADED,"{""mode"": ""LOADED"", ""safety_agent_rate_hz"": 100.0, ""control_agent_rate_hz"": 50.0, ""command_topic"": ""/arm_controller/joint_cmd"", ""estop_topic"": ""/aria/estop"", ""nominal_velocity_rad_s"": [1.2, 0.8, 1.0, 0.5, 0.2]}","{""t_halt_pub_ns"": 120423481469149, ""command_path_latency_ms"": 6.621866, ""physical_stopping_time_ms"": 25.121866, ""total_commands_captured"": 6, ""total_joint_states_captured"": 67}",SUCCESS,6.622,25.12,SUCCESS,YES
ESTOP_LOADED_031,5130,8d83b97cd88a99745195bb6a10cf689a27ab4987,2026-10-04T07:07:31,LOADED,"{""mode"": ""LOADED"", ""safety_agent_rate_hz"": 100.0, ""control_agent_rate_hz"": 50.0, ""command_topic"": ""/arm_controller/joint_cmd"", ""estop_topic"": ""/aria/estop"", ""nominal_velocity_rad_s"": [1.2, 0.8, 1.0, 0.5, 0.2]}","{""t_halt_pub_ns"": 120423599667755, ""command_path_latency_ms"": 23.426474, ""physical_stopping_time_ms"": 41.926474, ""total_commands_captured"": 6, ""total_joint_states_captured"": 34}",FAIL,23.426,41.93,FAIL,NO
ESTOP_LOADED_032,5131,8d83b97cd88a99745195bb6a10cf689a27ab4987,2026-10-04T07:07:31,LOADED,"{""mode"": ""LOADED"", ""safety_agent_rate_hz"": 100.0, ""control_agent_rate_hz"": 50.0, ""command_topic"": ""/arm_controller/joint_cmd"", ""estop_topic"": ""/aria/estop"", ""nominal_velocity_rad_s"": [1.2, 0.8, 1.0, 0.5, 0.2]}","{""t_halt_pub_ns"": 120423707492768, ""command_path_latency_ms"": 14.606609, ""physical_stopping_time_ms"": 33.106609, ""total_commands_captured"": 5, ""total_joint_states_captured"": 58}",FAIL,14.607,33.11,FAIL,NO
ESTOP_LOADED_033,5132,8d83b97cd88a99745195bb6a10cf689a27ab4987,2026-10-04T07:07:32,LOADED,"{""mode"": ""LOADED"", ""safety_agent_rate_hz"": 100.0, ""control_agent_rate_hz"": 50.0, ""command_topic"": ""/arm_controller/joint_cmd"", ""estop_topic"": ""/aria/estop"", ""nominal_velocity_rad_s"": [1.2, 0.8, 1.0, 0.5, 0.2]}","{""t_halt_pub_ns"": 120423829800282, ""command_path_latency_ms"": 28.725713, ""physical_stopping_time_ms"": 47.225713, ""total_commands_captured"": 5, ""total_joint_states_captured"": 34}",FAIL,28.726,47.23,FAIL,NO
ESTOP_LOADED_034,5133,8d83b97cd88a99745195bb6a10cf689a27ab4987,2026-10-04T07:07:32,LOADED,"{""mode"": ""LOADED"", ""safety_agent_rate_hz"": 100.0, ""control_agent_rate_hz"": 50.0, ""command_topic"": ""/arm_controller/joint_cmd"", ""estop_topic"": ""/aria/estop"", ""nominal_velocity_rad_s"": [1.2, 0.8, 1.0, 0.5, 0.2]}","{""t_halt_pub_ns"": 120423941533842, ""command_path_latency_ms"": 9.417592, ""physical_stopping_time_ms"": 27.917592, ""total_commands_captured"": 5, ""total_joint_states_captured"": 94}",SUCCESS,9.418,27.92,SUCCESS,YES
ESTOP_LOADED_035,5134,8d83b97cd88a99745195bb6a10cf689a27ab4987,2026-10-04T07:07:32,LOADED,"{""mode"": ""LOADED"", ""safety_agent_rate_hz"": 100.0, ""control_agent_rate_hz"": 50.0, ""command_topic"": ""/arm_controller/joint_cmd"", ""estop_topic"": ""/aria/estop"", ""nominal_velocity_rad_s"": [1.2, 0.8, 1.0, 0.5, 0.2]}","{""t_halt_pub_ns"": 120424057545410, ""command_path_latency_ms"": 3.451956, ""physical_stopping_time_ms"": 21.951956, ""total_commands_captured"": 6, ""total_joint_states_captured"": 39}",SUCCESS,3.452,21.95,SUCCESS,YES
ESTOP_LOADED_036,5135,8d83b97cd88a99745195bb6a10cf689a27ab4987,2026-10-04T07:07:32,LOADED,"{""mode"": ""LOADED"", ""safety_agent_rate_hz"": 100.0, ""control_agent_rate_hz"": 50.0, ""command_topic"": ""/arm_controller/joint_cmd"", ""estop_topic"": ""/aria/estop"", ""nominal_velocity_rad_s"": [1.2, 0.8, 1.0, 0.5, 0.2]}","{""t_halt_pub_ns"": 120424185684216, ""command_path_latency_ms"": 0.230305, ""physical_stopping_time_ms"": 18.730305, ""total_commands_captured"": 6, ""total_joint_states_captured"": 72}",SUCCESS,0.230,18.73,SUCCESS,YES
ESTOP_LOADED_037,5136,8d83b97cd88a99745195bb6a10cf689a27ab4987,2026-10-04T07:07:32,LOADED,"{""mode"": ""LOADED"", ""safety_agent_rate_hz"": 100.0, ""control_agent_rate_hz"": 50.0, ""command_topic"": ""/arm_controller/joint_cmd"", ""estop_topic"": ""/aria/estop"", ""nominal_velocity_rad_s"": [1.2, 0.8, 1.0, 0.5, 0.2]}","{""t_halt_pub_ns"": 120424301703882, ""command_path_latency_ms"": 6.391215, ""physical_stopping_time_ms"": 24.891215, ""total_commands_captured"": 6, ""total_joint_states_captured"": 108}",SUCCESS,6.391,24.89,SUCCESS,YES
ESTOP_LOADED_038,5137,8d83b97cd88a99745195bb6a10cf689a27ab4987,2026-10-04T07:07:32,LOADED,"{""mode"": ""LOADED"", ""safety_agent_rate_hz"": 100.0, ""control_agent_rate_hz"": 50.0, ""command_topic"": ""/arm_controller/joint_cmd"", ""estop_topic"": ""/aria/estop"", ""nominal_velocity_rad_s"": [1.2, 0.8, 1.0, 0.5, 0.2]}","{""t_halt_pub_ns"": 120424414071324, ""command_path_latency_ms"": 13.8106, ""physical_stopping_time_ms"": 32.3106, ""total_commands_captured"": 6, ""total_joint_states_captured"": 47}",FAIL,13.811,32.31,FAIL,NO
ESTOP_LOADED_039,5138,8d83b97cd88a99745195bb6a10cf689a27ab4987,2026-10-04T07:07:32,LOADED,"{""mode"": ""LOADED"", ""safety_agent_rate_hz"": 100.0, ""control_agent_rate_hz"": 50.0, ""command_topic"": ""/arm_controller/joint_cmd"", ""estop_topic"": ""/aria/estop"", ""nominal_velocity_rad_s"": [1.2, 0.8, 1.0, 0.5, 0.2]}","{""t_halt_pub_ns"": 120424534577968, ""command_path_latency_ms"": 21.761747, ""physical_stopping_time_ms"": 40.261747, ""total_commands_captured"": 6, ""total_joint_states_captured"": 53}",FAIL,21.762,40.26,FAIL,NO
ESTOP_LOADED_040,5139,8d83b97cd88a99745195bb6a10cf689a27ab4987,2026-10-04T07:07:32,LOADED,"{""mode"": ""LOADED"", ""safety_agent_rate_hz"": 100.0, ""control_agent_rate_hz"": 50.0, ""command_topic"": ""/arm_controller/joint_cmd"", ""estop_topic"": ""/aria/estop"", ""nominal_velocity_rad_s"": [1.2, 0.8, 1.0, 0.5, 0.2]}","{""t_halt_pub_ns"": 120424645266847, ""command_path_latency_ms"": 6.658787, ""physical_stopping_time_ms"": 25.158787, ""total_commands_captured"": 5, ""total_joint_states_captured"": 54}",SUCCESS,6.659,25.16,SUCCESS,YES
ESTOP_LOADED_041,5140,8d83b97cd88a99745195bb6a10cf689a27ab4987,2026-10-04T07:07:33,LOADED,"{""mode"": ""LOADED"", ""safety_agent_rate_hz"": 100.0, ""control_agent_rate_hz"": 50.0, ""command_topic"": ""/arm_controller/joint_cmd"", ""estop_topic"": ""/aria/estop"", ""nominal_velocity_rad_s"": [1.2, 0.8, 1.0, 0.5, 0.2]}","{""t_halt_pub_ns"": 120424766479096, ""command_path_latency_ms"": 10.569503, ""physical_stopping_time_ms"": 29.069502999999997, ""total_commands_captured"": 6, ""total_joint_states_captured"": 62}",FAIL,10.570,29.07,FAIL,NO
ESTOP_LOADED_042,5141,8d83b97cd88a99745195bb6a10cf689a27ab4987,2026-10-04T07:07:33,LOADED,"{""mode"": ""LOADED"", ""safety_agent_rate_hz"": 100.0, ""control_agent_rate_hz"": 50.0, ""command_topic"": ""/arm_controller/joint_cmd"", ""estop_topic"": ""/aria/estop"", ""nominal_velocity_rad_s"": [1.2, 0.8, 1.0, 0.5, 0.2]}","{""t_halt_pub_ns"": 120424877967502, ""command_path_latency_ms"": 0.358783, ""physical_stopping_time_ms"": 18.858783, ""total_commands_captured"": 6, ""total_joint_states_captured"": 62}",SUCCESS,0.359,18.86,SUCCESS,YES
ESTOP_LOADED_043,5142,8d83b97cd88a99745195bb6a10cf689a27ab4987,2026-10-04T07:07:33,LOADED,"{""mode"": ""LOADED"", ""safety_agent_rate_hz"": 100.0, ""control_agent_rate_hz"": 50.0, ""command_topic"": ""/arm_controller/joint_cmd"", ""estop_topic"": ""/aria/estop"", ""nominal_velocity_rad_s"": [1.2, 0.8, 1.0, 0.5, 0.2]}","{""t_halt_pub_ns"": 120425000763976, ""command_path_latency_ms"": 13.526016, ""physical_stopping_time_ms"": 32.026016, ""total_commands_captured"": 6, ""total_joint_states_captured"": 77}",FAIL,13.526,32.03,FAIL,NO
ESTOP_LOADED_044,5143,8d83b97cd88a99745195bb6a10cf689a27ab4987,2026-10-04T07:07:33,LOADED,"{""mode"": ""LOADED"", ""safety_agent_rate_hz"": 100.0, ""control_agent_rate_hz"": 50.0, ""command_topic"": ""/arm_controller/joint_cmd"", ""estop_topic"": ""/aria/estop"", ""nominal_velocity_rad_s"": [1.2, 0.8, 1.0, 0.5, 0.2]}","{""t_halt_pub_ns"": 120425111019399, ""command_path_latency_ms"": 2.154248, ""physical_stopping_time_ms"": 20.654248, ""total_commands_captured"": 6, ""total_joint_states_captured"": 71}",SUCCESS,2.154,20.65,SUCCESS,YES
ESTOP_LOADED_045,5144,8d83b97cd88a99745195bb6a10cf689a27ab4987,2026-10-04T07:07:33,LOADED,"{""mode"": ""LOADED"", ""safety_agent_rate_hz"": 100.0, ""control_agent_rate_hz"": 50.0, ""command_topic"": ""/arm_controller/joint_cmd"", ""estop_topic"": ""/aria/estop"", ""nominal_velocity_rad_s"": [1.2, 0.8, 1.0, 0.5, 0.2]}","{""t_halt_pub_ns"": 120425224212125, ""command_path_latency_ms"": 3.726233, ""physical_stopping_time_ms"": 22.226233, ""total_commands_captured"": 5, ""total_joint_states_captured"": 67}",SUCCESS,3.726,22.23,SUCCESS,YES
ESTOP_LOADED_046,5145,8d83b97cd88a99745195bb6a10cf689a27ab4987,2026-10-04T07:07:33,LOADED,"{""mode"": ""LOADED"", ""safety_agent_rate_hz"": 100.0, ""control_agent_rate_hz"": 50.0, ""command_topic"": ""/arm_controller/joint_cmd"", ""estop_topic"": ""/aria/estop"", ""nominal_velocity_rad_s"": [1.2, 0.8, 1.0, 0.5, 0.2]}","{""t_halt_pub_ns"": 120425339563276, ""command_path_latency_ms"": 14.37395, ""physical_stopping_time_ms"": 32.87395, ""total_commands_captured"": 6, ""total_joint_states_captured"": 48}",FAIL,14.374,32.87,FAIL,NO
ESTOP_LOADED_047,5146,8d83b97cd88a99745195bb6a10cf689a27ab4987,2026-10-04T07:07:33,LOADED,"{""mode"": ""LOADED"", ""safety_agent_rate_hz"": 100.0, ""control_agent_rate_hz"": 50.0, ""command_topic"": ""/arm_controller/joint_cmd"", ""estop_topic"": ""/aria/estop"", ""nominal_velocity_rad_s"": [1.2, 0.8, 1.0, 0.5, 0.2]}","{""t_halt_pub_ns"": 120425461640483, ""command_path_latency_ms"": 6.432816, ""physical_stopping_time_ms"": 24.932816, ""total_commands_captured"": 6, ""total_joint_states_captured"": 64}",SUCCESS,6.433,24.93,SUCCESS,YES
ESTOP_LOADED_048,5147,8d83b97cd88a99745195bb6a10cf689a27ab4987,2026-10-04T07:07:33,LOADED,"{""mode"": ""LOADED"", ""safety_agent_rate_hz"": 100.0, ""control_agent_rate_hz"": 50.0, ""command_topic"": ""/arm_controller/joint_cmd"", ""estop_topic"": ""/aria/estop"", ""nominal_velocity_rad_s"": [1.2, 0.8, 1.0, 0.5, 0.2]}","{""t_halt_pub_ns"": 120425577930478, ""command_path_latency_ms"": 0.517055, ""physical_stopping_time_ms"": 19.017055, ""total_commands_captured"": 5, ""total_joint_states_captured"": 32}",SUCCESS,0.517,19.02,SUCCESS,YES
ESTOP_LOADED_049,5148,8d83b97cd88a99745195bb6a10cf689a27ab4987,2026-10-04T07:07:33,LOADED,"{""mode"": ""LOADED"", ""safety_agent_rate_hz"": 100.0, ""control_agent_rate_hz"": 50.0, ""command_topic"": ""/arm_controller/joint_cmd"", ""estop_topic"": ""/aria/estop"", ""nominal_velocity_rad_s"": [1.2, 0.8, 1.0, 0.5, 0.2]}","{""t_halt_pub_ns"": 120425693995063, ""command_path_latency_ms"": 17.224072, ""physical_stopping_time_ms"": 35.724072, ""total_commands_captured"": 7, ""total_joint_states_captured"": 88}",FAIL,17.224,35.72,FAIL,NO
ESTOP_LOADED_050,5149,8d83b97cd88a99745195bb6a10cf689a27ab4987,2026-10-04T07:07:34,LOADED,"{""mode"": ""LOADED"", ""safety_agent_rate_hz"": 100.0, ""control_agent_rate_hz"": 50.0, ""command_topic"": ""/arm_controller/joint_cmd"", ""estop_topic"": ""/aria/estop"", ""nominal_velocity_rad_s"": [1.2, 0.8, 1.0, 0.5, 0.2]}","{""t_halt_pub_ns"": 120425807457226, ""command_path_latency_ms"": 3.699592, ""physical_stopping_time_ms"": 22.199592, ""total_commands_captured"": 5, ""total_joint_states_captured"": 94}",SUCCESS,3.700,22.20,SUCCESS,YES
