trial_id,seed,commit_hash,timestamp,inputs,raw_outputs,outcome,interrupt_latency_ms,halt_success,within_10ms_margin
ESTOP_001,5000,8d83b97cd88a99745195bb6a10cf689a27ab4987,2026-10-03T05:29:24,"{""command_topic"": ""/arm_controller/joint_cmd"", ""estop_topic"": ""/aria/estop"", ""control_rate_hz"": 1000.0, ""nominal_joint_velocity_rad_s"": [1.2, 0.8, 1.0, 0.5, 0.2]}","{""t_halt_pub_ns"": 52065936781913, ""t_last_nonzero_cmd_ns"": 52065937544240, ""total_commands_captured"": 73, ""clock_source"": ""CLOCK_MONOTONIC_RAW""}",SUCCESS,0.762,SUCCESS,YES
ESTOP_002,5001,8d83b97cd88a99745195bb6a10cf689a27ab4987,2026-10-03T05:29:24,"{""command_topic"": ""/arm_controller/joint_cmd"", ""estop_topic"": ""/aria/estop"", ""control_rate_hz"": 1000.0, ""nominal_joint_velocity_rad_s"": [1.2, 0.8, 1.0, 0.5, 0.2]}","{""t_halt_pub_ns"": 52066001703086, ""t_last_nonzero_cmd_ns"": 52066002659002, ""total_commands_captured"": 64, ""clock_source"": ""CLOCK_MONOTONIC_RAW""}",SUCCESS,0.956,SUCCESS,YES
ESTOP_003,5002,8d83b97cd88a99745195bb6a10cf689a27ab4987,2026-10-03T05:29:25,"{""command_topic"": ""/arm_controller/joint_cmd"", ""estop_topic"": ""/aria/estop"", ""control_rate_hz"": 1000.0, ""nominal_joint_velocity_rad_s"": [1.2, 0.8, 1.0, 0.5, 0.2]}","{""t_halt_pub_ns"": 52066084546017, ""t_last_nonzero_cmd_ns"": 52066085734553, ""total_commands_captured"": 82, ""clock_source"": ""CLOCK_MONOTONIC_RAW""}",SUCCESS,1.189,SUCCESS,YES
ESTOP_004,5003,8d83b97cd88a99745195bb6a10cf689a27ab4987,2026-10-03T05:29:25,"{""command_topic"": ""/arm_controller/joint_cmd"", ""estop_topic"": ""/aria/estop"", ""control_rate_hz"": 1000.0, ""nominal_joint_velocity_rad_s"": [1.2, 0.8, 1.0, 0.5, 0.2]}","{""t_halt_pub_ns"": 52066152952730, ""t_last_nonzero_cmd_ns"": 52066153400923, ""total_commands_captured"": 68, ""clock_source"": ""CLOCK_MONOTONIC_RAW""}",SUCCESS,0.448,SUCCESS,YES
ESTOP_005,5004,8d83b97cd88a99745195bb6a10cf689a27ab4987,2026-10-03T05:29:25,"{""command_topic"": ""/arm_controller/joint_cmd"", ""estop_topic"": ""/aria/estop"", ""control_rate_hz"": 1000.0, ""nominal_joint_velocity_rad_s"": [1.2, 0.8, 1.0, 0.5, 0.2]}","{""t_halt_pub_ns"": 52066213759392, ""t_last_nonzero_cmd_ns"": 52066214206418, ""total_commands_captured"": 61, ""clock_source"": ""CLOCK_MONOTONIC_RAW""}",SUCCESS,0.447,SUCCESS,YES
ESTOP_006,5005,8d83b97cd88a99745195bb6a10cf689a27ab4987,2026-10-03T05:29:25,"{""command_topic"": ""/arm_controller/joint_cmd"", ""estop_topic"": ""/aria/estop"", ""control_rate_hz"": 1000.0, ""nominal_joint_velocity_rad_s"": [1.2, 0.8, 1.0, 0.5, 0.2]}","{""t_halt_pub_ns"": 52066299029389, ""t_last_nonzero_cmd_ns"": 52066299285053, ""total_commands_captured"": 85, ""clock_source"": ""CLOCK_MONOTONIC_RAW""}",SUCCESS,0.256,SUCCESS,YES
ESTOP_007,5006,8d83b97cd88a99745195bb6a10cf689a27ab4987,2026-10-03T05:29:25,"{""command_topic"": ""/arm_controller/joint_cmd"", ""estop_topic"": ""/aria/estop"", ""control_rate_hz"": 1000.0, ""nominal_joint_velocity_rad_s"": [1.2, 0.8, 1.0, 0.5, 0.2]}","{""t_halt_pub_ns"": 52066367106038, ""t_last_nonzero_cmd_ns"": 52066367255950, ""total_commands_captured"": 68, ""clock_source"": ""CLOCK_MONOTONIC_RAW""}",SUCCESS,0.150,SUCCESS,YES
ESTOP_008,5007,8d83b97cd88a99745195bb6a10cf689a27ab4987,2026-10-03T05:29:25,"{""command_topic"": ""/arm_controller/joint_cmd"", ""estop_topic"": ""/aria/estop"", ""control_rate_hz"": 1000.0, ""nominal_joint_velocity_rad_s"": [1.2, 0.8, 1.0, 0.5, 0.2]}","{""t_halt_pub_ns"": 52066444043294, ""t_last_nonzero_cmd_ns"": 52066444406341, ""total_commands_captured"": 76, ""clock_source"": ""CLOCK_MONOTONIC_RAW""}",SUCCESS,0.363,SUCCESS,YES
ESTOP_009,5008,8d83b97cd88a99745195bb6a10cf689a27ab4987,2026-10-03T05:29:25,"{""command_topic"": ""/arm_controller/joint_cmd"", ""estop_topic"": ""/aria/estop"", ""control_rate_hz"": 1000.0, ""nominal_joint_velocity_rad_s"": [1.2, 0.8, 1.0, 0.5, 0.2]}","{""t_halt_pub_ns"": 52066527431818, ""t_last_nonzero_cmd_ns"": 52066528140743, ""total_commands_captured"": 82, ""clock_source"": ""CLOCK_MONOTONIC_RAW""}",SUCCESS,0.709,SUCCESS,YES
ESTOP_010,5009,8d83b97cd88a99745195bb6a10cf689a27ab4987,2026-10-03T05:29:25,"{""command_topic"": ""/arm_controller/joint_cmd"", ""estop_topic"": ""/aria/estop"", ""control_rate_hz"": 1000.0, ""nominal_joint_velocity_rad_s"": [1.2, 0.8, 1.0, 0.5, 0.2]}","{""t_halt_pub_ns"": 52066599092337, ""t_last_nonzero_cmd_ns"": 52066599443439, ""total_commands_captured"": 71, ""clock_source"": ""CLOCK_MONOTONIC_RAW""}",SUCCESS,0.351,SUCCESS,YES
ESTOP_011,5010,8d83b97cd88a99745195bb6a10cf689a27ab4987,2026-10-03T05:29:25,"{""command_topic"": ""/arm_controller/joint_cmd"", ""estop_topic"": ""/aria/estop"", ""control_rate_hz"": 1000.0, ""nominal_joint_velocity_rad_s"": [1.2, 0.8, 1.0, 0.5, 0.2]}","{""t_halt_pub_ns"": 52066667199979, ""t_last_nonzero_cmd_ns"": 52066667610364, ""total_commands_captured"": 68, ""clock_source"": ""CLOCK_MONOTONIC_RAW""}",SUCCESS,0.410,SUCCESS,YES
ESTOP_012,5011,8d83b97cd88a99745195bb6a10cf689a27ab4987,2026-10-03T05:29:25,"{""command_topic"": ""/arm_controller/joint_cmd"", ""estop_topic"": ""/aria/estop"", ""control_rate_hz"": 1000.0, ""nominal_joint_velocity_rad_s"": [1.2, 0.8, 1.0, 0.5, 0.2]}","{""t_halt_pub_ns"": 52066729798145, ""t_last_nonzero_cmd_ns"": 52066730346387, ""total_commands_captured"": 62, ""clock_source"": ""CLOCK_MONOTONIC_RAW""}",SUCCESS,0.548,SUCCESS,YES
ESTOP_013,5012,8d83b97cd88a99745195bb6a10cf689a27ab4987,2026-10-03T05:29:25,"{""command_topic"": ""/arm_controller/joint_cmd"", ""estop_topic"": ""/aria/estop"", ""control_rate_hz"": 1000.0, ""nominal_joint_velocity_rad_s"": [1.2, 0.8, 1.0, 0.5, 0.2]}","{""t_halt_pub_ns"": 52066798745679, ""t_last_nonzero_cmd_ns"": 52066799428020, ""total_commands_captured"": 70, ""clock_source"": ""CLOCK_MONOTONIC_RAW""}",SUCCESS,0.682,SUCCESS,YES
ESTOP_014,5013,8d83b97cd88a99745195bb6a10cf689a27ab4987,2026-10-03T05:29:25,"{""command_topic"": ""/arm_controller/joint_cmd"", ""estop_topic"": ""/aria/estop"", ""control_rate_hz"": 1000.0, ""nominal_joint_velocity_rad_s"": [1.2, 0.8, 1.0, 0.5, 0.2]}","{""t_halt_pub_ns"": 52066867503889, ""t_last_nonzero_cmd_ns"": 52066868367929, ""total_commands_captured"": 63, ""clock_source"": ""CLOCK_MONOTONIC_RAW""}",SUCCESS,0.864,SUCCESS,YES
ESTOP_015,5014,8d83b97cd88a99745195bb6a10cf689a27ab4987,2026-10-03T05:29:25,"{""command_topic"": ""/arm_controller/joint_cmd"", ""estop_topic"": ""/aria/estop"", ""control_rate_hz"": 1000.0, ""nominal_joint_velocity_rad_s"": [1.2, 0.8, 1.0, 0.5, 0.2]}","{""t_halt_pub_ns"": 52066941431213, ""t_last_nonzero_cmd_ns"": 52066942472744, ""total_commands_captured"": 74, ""clock_source"": ""CLOCK_MONOTONIC_RAW""}",SUCCESS,1.042,SUCCESS,YES
ESTOP_016,5015,8d83b97cd88a99745195bb6a10cf689a27ab4987,2026-10-03T05:29:25,"{""command_topic"": ""/arm_controller/joint_cmd"", ""estop_topic"": ""/aria/estop"", ""control_rate_hz"": 1000.0, ""nominal_joint_velocity_rad_s"": [1.2, 0.8, 1.0, 0.5, 0.2]}","{""t_halt_pub_ns"": 52067030272460, ""t_last_nonzero_cmd_ns"": 52067030566230, ""total_commands_captured"": 89, ""clock_source"": ""CLOCK_MONOTONIC_RAW""}",SUCCESS,0.294,SUCCESS,YES
ESTOP_017,5016,8d83b97cd88a99745195bb6a10cf689a27ab4987,2026-10-03T05:29:26,"{""command_topic"": ""/arm_controller/joint_cmd"", ""estop_topic"": ""/aria/estop"", ""control_rate_hz"": 1000.0, ""nominal_joint_velocity_rad_s"": [1.2, 0.8, 1.0, 0.5, 0.2]}","{""t_halt_pub_ns"": 52067111139875, ""t_last_nonzero_cmd_ns"": 52067111327791, ""total_commands_captured"": 81, ""clock_source"": ""CLOCK_MONOTONIC_RAW""}",SUCCESS,0.188,SUCCESS,YES
ESTOP_018,5017,8d83b97cd88a99745195bb6a10cf689a27ab4987,2026-10-03T05:29:26,"{""command_topic"": ""/arm_controller/joint_cmd"", ""estop_topic"": ""/aria/estop"", ""control_rate_hz"": 1000.0, ""nominal_joint_velocity_rad_s"": [1.2, 0.8, 1.0, 0.5, 0.2]}","{""t_halt_pub_ns"": 52067173109359, ""t_last_nonzero_cmd_ns"": 52067173634194, ""total_commands_captured"": 61, ""clock_source"": ""CLOCK_MONOTONIC_RAW""}",SUCCESS,0.525,SUCCESS,YES
ESTOP_019,5018,8d83b97cd88a99745195bb6a10cf689a27ab4987,2026-10-03T05:29:26,"{""command_topic"": ""/arm_controller/joint_cmd"", ""estop_topic"": ""/aria/estop"", ""control_rate_hz"": 1000.0, ""nominal_joint_velocity_rad_s"": [1.2, 0.8, 1.0, 0.5, 0.2]}","{""t_halt_pub_ns"": 52067248756233, ""t_last_nonzero_cmd_ns"": 52067249506164, ""total_commands_captured"": 74, ""clock_source"": ""CLOCK_MONOTONIC_RAW""}",SUCCESS,0.750,SUCCESS,YES
ESTOP_020,5019,8d83b97cd88a99745195bb6a10cf689a27ab4987,2026-10-03T05:29:26,"{""command_topic"": ""/arm_controller/joint_cmd"", ""estop_topic"": ""/aria/estop"", ""control_rate_hz"": 1000.0, ""nominal_joint_velocity_rad_s"": [1.2, 0.8, 1.0, 0.5, 0.2]}","{""t_halt_pub_ns"": 52067318630561, ""t_last_nonzero_cmd_ns"": 52067319484526, ""total_commands_captured"": 69, ""clock_source"": ""CLOCK_MONOTONIC_RAW""}",SUCCESS,0.854,SUCCESS,YES
ESTOP_021,5020,8d83b97cd88a99745195bb6a10cf689a27ab4987,2026-10-03T05:29:26,"{""command_topic"": ""/arm_controller/joint_cmd"", ""estop_topic"": ""/aria/estop"", ""control_rate_hz"": 1000.0, ""nominal_joint_velocity_rad_s"": [1.2, 0.8, 1.0, 0.5, 0.2]}","{""t_halt_pub_ns"": 52067394495468, ""t_last_nonzero_cmd_ns"": 52067395349510, ""total_commands_captured"": 77, ""clock_source"": ""CLOCK_MONOTONIC_RAW""}",SUCCESS,0.854,SUCCESS,YES
ESTOP_022,5021,8d83b97cd88a99745195bb6a10cf689a27ab4987,2026-10-03T05:29:26,"{""command_topic"": ""/arm_controller/joint_cmd"", ""estop_topic"": ""/aria/estop"", ""control_rate_hz"": 1000.0, ""nominal_joint_velocity_rad_s"": [1.2, 0.8, 1.0, 0.5, 0.2]}","{""t_halt_pub_ns"": 52067465416373, ""t_last_nonzero_cmd_ns"": 52067466316832, ""total_commands_captured"": 71, ""clock_source"": ""CLOCK_MONOTONIC_RAW""}",SUCCESS,0.900,SUCCESS,YES
ESTOP_023,5022,8d83b97cd88a99745195bb6a10cf689a27ab4987,2026-10-03T05:29:26,"{""command_topic"": ""/arm_controller/joint_cmd"", ""estop_topic"": ""/aria/estop"", ""control_rate_hz"": 1000.0, ""nominal_joint_velocity_rad_s"": [1.2, 0.8, 1.0, 0.5, 0.2]}","{""t_halt_pub_ns"": 52067530195604, ""t_last_nonzero_cmd_ns"": 52067530460904, ""total_commands_captured"": 65, ""clock_source"": ""CLOCK_MONOTONIC_RAW""}",SUCCESS,0.265,SUCCESS,YES
ESTOP_024,5023,8d83b97cd88a99745195bb6a10cf689a27ab4987,2026-10-03T05:29:26,"{""command_topic"": ""/arm_controller/joint_cmd"", ""estop_topic"": ""/aria/estop"", ""control_rate_hz"": 1000.0, ""nominal_joint_velocity_rad_s"": [1.2, 0.8, 1.0, 0.5, 0.2]}","{""t_halt_pub_ns"": 52067595833268, ""t_last_nonzero_cmd_ns"": 52067596429487, ""total_commands_captured"": 65, ""clock_source"": ""CLOCK_MONOTONIC_RAW""}",SUCCESS,0.596,SUCCESS,YES
ESTOP_025,5024,8d83b97cd88a99745195bb6a10cf689a27ab4987,2026-10-03T05:29:26,"{""command_topic"": ""/arm_controller/joint_cmd"", ""estop_topic"": ""/aria/estop"", ""control_rate_hz"": 1000.0, ""nominal_joint_velocity_rad_s"": [1.2, 0.8, 1.0, 0.5, 0.2]}","{""t_halt_pub_ns"": 52067656620105, ""t_last_nonzero_cmd_ns"": 52067657363504, ""total_commands_captured"": 61, ""clock_source"": ""CLOCK_MONOTONIC_RAW""}",SUCCESS,0.743,SUCCESS,YES
ESTOP_026,5025,8d83b97cd88a99745195bb6a10cf689a27ab4987,2026-10-03T05:29:26,"{""command_topic"": ""/arm_controller/joint_cmd"", ""estop_topic"": ""/aria/estop"", ""control_rate_hz"": 1000.0, ""nominal_joint_velocity_rad_s"": [1.2, 0.8, 1.0, 0.5, 0.2]}","{""t_halt_pub_ns"": 52067744615618, ""t_last_nonzero_cmd_ns"": 52067745449141, ""total_commands_captured"": 87, ""clock_source"": ""CLOCK_MONOTONIC_RAW""}",SUCCESS,0.834,SUCCESS,YES
ESTOP_027,5026,8d83b97cd88a99745195bb6a10cf689a27ab4987,2026-10-03T05:29:26,"{""command_topic"": ""/arm_controller/joint_cmd"", ""estop_topic"": ""/aria/estop"", ""control_rate_hz"": 1000.0, ""nominal_joint_velocity_rad_s"": [1.2, 0.8, 1.0, 0.5, 0.2]}","{""t_halt_pub_ns"": 52067805504635, ""t_last_nonzero_cmd_ns"": 52067806336279, ""total_commands_captured"": 57, ""clock_source"": ""CLOCK_MONOTONIC_RAW""}",SUCCESS,0.832,SUCCESS,YES
ESTOP_028,5027,8d83b97cd88a99745195bb6a10cf689a27ab4987,2026-10-03T05:29:26,"{""command_topic"": ""/arm_controller/joint_cmd"", ""estop_topic"": ""/aria/estop"", ""control_rate_hz"": 1000.0, ""nominal_joint_velocity_rad_s"": [1.2, 0.8, 1.0, 0.5, 0.2]}","{""t_halt_pub_ns"": 52067884725842, ""t_last_nonzero_cmd_ns"": 52067885771313, ""total_commands_captured"": 78, ""clock_source"": ""CLOCK_MONOTONIC_RAW""}",SUCCESS,1.045,SUCCESS,YES
ESTOP_029,5028,8d83b97cd88a99745195bb6a10cf689a27ab4987,2026-10-03T05:29:26,"{""command_topic"": ""/arm_controller/joint_cmd"", ""estop_topic"": ""/aria/estop"", ""control_rate_hz"": 1000.0, ""nominal_joint_velocity_rad_s"": [1.2, 0.8, 1.0, 0.5, 0.2]}","{""t_halt_pub_ns"": 52067966748049, ""t_last_nonzero_cmd_ns"": 52067967297328, ""total_commands_captured"": 82, ""clock_source"": ""CLOCK_MONOTONIC_RAW""}",SUCCESS,0.549,SUCCESS,YES
ESTOP_030,5029,8d83b97cd88a99745195bb6a10cf689a27ab4987,2026-10-03T05:29:27,"{""command_topic"": ""/arm_controller/joint_cmd"", ""estop_topic"": ""/aria/estop"", ""control_rate_hz"": 1000.0, ""nominal_joint_velocity_rad_s"": [1.2, 0.8, 1.0, 0.5, 0.2]}","{""t_halt_pub_ns"": 52068042784049, ""t_last_nonzero_cmd_ns"": 52068043351536, ""total_commands_captured"": 76, ""clock_source"": ""CLOCK_MONOTONIC_RAW""}",SUCCESS,0.567,SUCCESS,YES
ESTOP_031,5030,8d83b97cd88a99745195bb6a10cf689a27ab4987,2026-10-03T05:29:27,"{""command_topic"": ""/arm_controller/joint_cmd"", ""estop_topic"": ""/aria/estop"", ""control_rate_hz"": 1000.0, ""nominal_joint_velocity_rad_s"": [1.2, 0.8, 1.0, 0.5, 0.2]}","{""t_halt_pub_ns"": 52068123515774, ""t_last_nonzero_cmd_ns"": 52068124363199, ""total_commands_captured"": 81, ""clock_source"": ""CLOCK_MONOTONIC_RAW""}",SUCCESS,0.847,SUCCESS,YES
ESTOP_032,5031,8d83b97cd88a99745195bb6a10cf689a27ab4987,2026-10-03T05:29:27,"{""command_topic"": ""/arm_controller/joint_cmd"", ""estop_topic"": ""/aria/estop"", ""control_rate_hz"": 1000.0, ""nominal_joint_velocity_rad_s"": [1.2, 0.8, 1.0, 0.5, 0.2]}","{""t_halt_pub_ns"": 52068210154871, ""t_last_nonzero_cmd_ns"": 52068210358982, ""total_commands_captured"": 87, ""clock_source"": ""CLOCK_MONOTONIC_RAW""}",SUCCESS,0.204,SUCCESS,YES
ESTOP_033,5032,8d83b97cd88a99745195bb6a10cf689a27ab4987,2026-10-03T05:29:27,"{""command_topic"": ""/arm_controller/joint_cmd"", ""estop_topic"": ""/aria/estop"", ""control_rate_hz"": 1000.0, ""nominal_joint_velocity_rad_s"": [1.2, 0.8, 1.0, 0.5, 0.2]}","{""t_halt_pub_ns"": 52068299377509, ""t_last_nonzero_cmd_ns"": 52068300293079, ""total_commands_captured"": 89, ""clock_source"": ""CLOCK_MONOTONIC_RAW""}",SUCCESS,0.916,SUCCESS,YES
ESTOP_034,5033,8d83b97cd88a99745195bb6a10cf689a27ab4987,2026-10-03T05:29:27,"{""command_topic"": ""/arm_controller/joint_cmd"", ""estop_topic"": ""/aria/estop"", ""control_rate_hz"": 1000.0, ""nominal_joint_velocity_rad_s"": [1.2, 0.8, 1.0, 0.5, 0.2]}","{""t_halt_pub_ns"": 52068389398819, ""t_last_nonzero_cmd_ns"": 52068390227721, ""total_commands_captured"": 90, ""clock_source"": ""CLOCK_MONOTONIC_RAW""}",SUCCESS,0.829,SUCCESS,YES
ESTOP_035,5034,8d83b97cd88a99745195bb6a10cf689a27ab4987,2026-10-03T05:29:27,"{""command_topic"": ""/arm_controller/joint_cmd"", ""estop_topic"": ""/aria/estop"", ""control_rate_hz"": 1000.0, ""nominal_joint_velocity_rad_s"": [1.2, 0.8, 1.0, 0.5, 0.2]}","{""t_halt_pub_ns"": 52068450340845, ""t_last_nonzero_cmd_ns"": 52068451354836, ""total_commands_captured"": 61, ""clock_source"": ""CLOCK_MONOTONIC_RAW""}",SUCCESS,1.014,SUCCESS,YES
ESTOP_036,5035,8d83b97cd88a99745195bb6a10cf689a27ab4987,2026-10-03T05:29:27,"{""command_topic"": ""/arm_controller/joint_cmd"", ""estop_topic"": ""/aria/estop"", ""control_rate_hz"": 1000.0, ""nominal_joint_velocity_rad_s"": [1.2, 0.8, 1.0, 0.5, 0.2]}","{""t_halt_pub_ns"": 52068531274257, ""t_last_nonzero_cmd_ns"": 52068531541554, ""total_commands_captured"": 81, ""clock_source"": ""CLOCK_MONOTONIC_RAW""}",SUCCESS,0.267,SUCCESS,YES
ESTOP_037,5036,8d83b97cd88a99745195bb6a10cf689a27ab4987,2026-10-03T05:29:27,"{""command_topic"": ""/arm_controller/joint_cmd"", ""estop_topic"": ""/aria/estop"", ""control_rate_hz"": 1000.0, ""nominal_joint_velocity_rad_s"": [1.2, 0.8, 1.0, 0.5, 0.2]}","{""t_halt_pub_ns"": 52068598017579, ""t_last_nonzero_cmd_ns"": 52068598831318, ""total_commands_captured"": 67, ""clock_source"": ""CLOCK_MONOTONIC_RAW""}",SUCCESS,0.814,SUCCESS,YES
ESTOP_038,5037,8d83b97cd88a99745195bb6a10cf689a27ab4987,2026-10-03T05:29:27,"{""command_topic"": ""/arm_controller/joint_cmd"", ""estop_topic"": ""/aria/estop"", ""control_rate_hz"": 1000.0, ""nominal_joint_velocity_rad_s"": [1.2, 0.8, 1.0, 0.5, 0.2]}","{""t_halt_pub_ns"": 52068673462989, ""t_last_nonzero_cmd_ns"": 52068674261867, ""total_commands_captured"": 75, ""clock_source"": ""CLOCK_MONOTONIC_RAW""}",SUCCESS,0.799,SUCCESS,YES
ESTOP_039,5038,8d83b97cd88a99745195bb6a10cf689a27ab4987,2026-10-03T05:29:27,"{""command_topic"": ""/arm_controller/joint_cmd"", ""estop_topic"": ""/aria/estop"", ""control_rate_hz"": 1000.0, ""nominal_joint_velocity_rad_s"": [1.2, 0.8, 1.0, 0.5, 0.2]}","{""t_halt_pub_ns"": 52068739630871, ""t_last_nonzero_cmd_ns"": 52068740265336, ""total_commands_captured"": 67, ""clock_source"": ""CLOCK_MONOTONIC_RAW""}",SUCCESS,0.634,SUCCESS,YES
ESTOP_040,5039,8d83b97cd88a99745195bb6a10cf689a27ab4987,2026-10-03T05:29:27,"{""command_topic"": ""/arm_controller/joint_cmd"", ""estop_topic"": ""/aria/estop"", ""control_rate_hz"": 1000.0, ""nominal_joint_velocity_rad_s"": [1.2, 0.8, 1.0, 0.5, 0.2]}","{""t_halt_pub_ns"": 52068828995134, ""t_last_nonzero_cmd_ns"": 52068829485622, ""total_commands_captured"": 89, ""clock_source"": ""CLOCK_MONOTONIC_RAW""}",SUCCESS,0.490,SUCCESS,YES
ESTOP_041,5040,8d83b97cd88a99745195bb6a10cf689a27ab4987,2026-10-03T05:29:27,"{""command_topic"": ""/arm_controller/joint_cmd"", ""estop_topic"": ""/aria/estop"", ""control_rate_hz"": 1000.0, ""nominal_joint_velocity_rad_s"": [1.2, 0.8, 1.0, 0.5, 0.2]}","{""t_halt_pub_ns"": 52068899720729, ""t_last_nonzero_cmd_ns"": 52068900297623, ""total_commands_captured"": 70, ""clock_source"": ""CLOCK_MONOTONIC_RAW""}",SUCCESS,0.577,SUCCESS,YES
ESTOP_042,5041,8d83b97cd88a99745195bb6a10cf689a27ab4987,2026-10-03T05:29:27,"{""command_topic"": ""/arm_controller/joint_cmd"", ""estop_topic"": ""/aria/estop"", ""control_rate_hz"": 1000.0, ""nominal_joint_velocity_rad_s"": [1.2, 0.8, 1.0, 0.5, 0.2]}","{""t_halt_pub_ns"": 52068982546905, ""t_last_nonzero_cmd_ns"": 52068983171410, ""total_commands_captured"": 83, ""clock_source"": ""CLOCK_MONOTONIC_RAW""}",SUCCESS,0.625,SUCCESS,YES
ESTOP_043,5042,8d83b97cd88a99745195bb6a10cf689a27ab4987,2026-10-03T05:29:28,"{""command_topic"": ""/arm_controller/joint_cmd"", ""estop_topic"": ""/aria/estop"", ""control_rate_hz"": 1000.0, ""nominal_joint_velocity_rad_s"": [1.2, 0.8, 1.0, 0.5, 0.2]}","{""t_halt_pub_ns"": 52069052752164, ""t_last_nonzero_cmd_ns"": 52069053558426, ""total_commands_captured"": 71, ""clock_source"": ""CLOCK_MONOTONIC_RAW""}",SUCCESS,0.806,SUCCESS,YES
ESTOP_044,5043,8d83b97cd88a99745195bb6a10cf689a27ab4987,2026-10-03T05:29:28,"{""command_topic"": ""/arm_controller/joint_cmd"", ""estop_topic"": ""/aria/estop"", ""control_rate_hz"": 1000.0, ""nominal_joint_velocity_rad_s"": [1.2, 0.8, 1.0, 0.5, 0.2]}","{""t_halt_pub_ns"": 52069131333465, ""t_last_nonzero_cmd_ns"": 52069132217864, ""total_commands_captured"": 78, ""clock_source"": ""CLOCK_MONOTONIC_RAW""}",SUCCESS,0.884,SUCCESS,YES
ESTOP_045,5044,8d83b97cd88a99745195bb6a10cf689a27ab4987,2026-10-03T05:29:28,"{""command_topic"": ""/arm_controller/joint_cmd"", ""estop_topic"": ""/aria/estop"", ""control_rate_hz"": 1000.0, ""nominal_joint_velocity_rad_s"": [1.2, 0.8, 1.0, 0.5, 0.2]}","{""t_halt_pub_ns"": 52069195608842, ""t_last_nonzero_cmd_ns"": 52069196167234, ""total_commands_captured"": 64, ""clock_source"": ""CLOCK_MONOTONIC_RAW""}",SUCCESS,0.558,SUCCESS,YES
ESTOP_046,5045,8d83b97cd88a99745195bb6a10cf689a27ab4987,2026-10-03T05:29:28,"{""command_topic"": ""/arm_controller/joint_cmd"", ""estop_topic"": ""/aria/estop"", ""control_rate_hz"": 1000.0, ""nominal_joint_velocity_rad_s"": [1.2, 0.8, 1.0, 0.5, 0.2]}","{""t_halt_pub_ns"": 52069257540159, ""t_last_nonzero_cmd_ns"": 52069258294147, ""total_commands_captured"": 62, ""clock_source"": ""CLOCK_MONOTONIC_RAW""}",SUCCESS,0.754,SUCCESS,YES
ESTOP_047,5046,8d83b97cd88a99745195bb6a10cf689a27ab4987,2026-10-03T05:29:28,"{""command_topic"": ""/arm_controller/joint_cmd"", ""estop_topic"": ""/aria/estop"", ""control_rate_hz"": 1000.0, ""nominal_joint_velocity_rad_s"": [1.2, 0.8, 1.0, 0.5, 0.2]}","{""t_halt_pub_ns"": 52069329596770, ""t_last_nonzero_cmd_ns"": 52069330996546, ""total_commands_captured"": 72, ""clock_source"": ""CLOCK_MONOTONIC_RAW""}",SUCCESS,1.400,SUCCESS,YES
ESTOP_048,5047,8d83b97cd88a99745195bb6a10cf689a27ab4987,2026-10-03T05:29:28,"{""command_topic"": ""/arm_controller/joint_cmd"", ""estop_topic"": ""/aria/estop"", ""control_rate_hz"": 1000.0, ""nominal_joint_velocity_rad_s"": [1.2, 0.8, 1.0, 0.5, 0.2]}","{""t_halt_pub_ns"": 52069397968285, ""t_last_nonzero_cmd_ns"": 52069398550640, ""total_commands_captured"": 68, ""clock_source"": ""CLOCK_MONOTONIC_RAW""}",SUCCESS,0.582,SUCCESS,YES
ESTOP_049,5048,8d83b97cd88a99745195bb6a10cf689a27ab4987,2026-10-03T05:29:28,"{""command_topic"": ""/arm_controller/joint_cmd"", ""estop_topic"": ""/aria/estop"", ""control_rate_hz"": 1000.0, ""nominal_joint_velocity_rad_s"": [1.2, 0.8, 1.0, 0.5, 0.2]}","{""t_halt_pub_ns"": 52069469156704, ""t_last_nonzero_cmd_ns"": 52069469579575, ""total_commands_captured"": 71, ""clock_source"": ""CLOCK_MONOTONIC_RAW""}",SUCCESS,0.423,SUCCESS,YES
ESTOP_050,5049,8d83b97cd88a99745195bb6a10cf689a27ab4987,2026-10-03T05:29:28,"{""command_topic"": ""/arm_controller/joint_cmd"", ""estop_topic"": ""/aria/estop"", ""control_rate_hz"": 1000.0, ""nominal_joint_velocity_rad_s"": [1.2, 0.8, 1.0, 0.5, 0.2]}","{""t_halt_pub_ns"": 52069556388212, ""t_last_nonzero_cmd_ns"": 52069557440393, ""total_commands_captured"": 87, ""clock_source"": ""CLOCK_MONOTONIC_RAW""}",SUCCESS,1.052,SUCCESS,YES
