trial_id,timestamp,git_commit_hash,task_id,task_name,difficulty,seed,target_x_m,target_y_m,target_z_m,ik_success,ik_pitch_rad,ik_solve_time_ms,actual_x_m,actual_y_m,actual_z_m,position_error_mm,joint_2_max_vel_rad_s,joint_2_vel_limit_rad_s,velocity_saturated,grasp_confirmed,tipped,outcome,failure_category,execution_time_s,notes
EXP_0001,2026-10-02T22:24:07,8d83b97,task_01,Reach & Touch Object,easy,1001,0.1761,-0.0056,0.0500,FALSE,-1.400,0.42,0.3550,0.0000,0.1050,187.22,0.0000,1.50,FALSE,NA,FALSE,FAILURE,C_IK_FAILURE,0.00,"Analytical IK solver returned no solution within joint limits for target [0.176, -0.006, 0.050]"
EXP_0002,2026-10-02T22:24:07,8d83b97,task_01,Reach & Touch Object,easy,1002,0.1726,-0.0009,0.0500,FALSE,-1.400,0.27,0.3550,0.0000,0.1050,190.53,0.0000,1.50,FALSE,NA,FALSE,FAILURE,C_IK_FAILURE,0.00,"Analytical IK solver returned no solution within joint limits for target [0.173, -0.001, 0.050]"
EXP_0003,2026-10-02T22:24:07,8d83b97,task_01,Reach & Touch Object,easy,1003,0.1820,-0.0015,0.0500,FALSE,-1.400,0.24,0.3550,0.0000,0.1050,181.58,0.0000,1.50,FALSE,NA,FALSE,FAILURE,C_IK_FAILURE,0.00,"Analytical IK solver returned no solution within joint limits for target [0.182, -0.002, 0.050]"
EXP_0004,2026-10-02T22:24:07,8d83b97,task_01,Reach & Touch Object,easy,1004,0.1708,0.0086,0.0500,FALSE,-1.400,0.25,0.3550,0.0000,0.1050,192.45,0.0000,1.50,FALSE,NA,FALSE,FAILURE,C_IK_FAILURE,0.00,"Analytical IK solver returned no solution within joint limits for target [0.171, 0.009, 0.050]"
EXP_0005,2026-10-02T22:24:07,8d83b97,task_01,Reach & Touch Object,easy,1005,0.1832,-0.0103,0.0500,TRUE,-1.550,0.06,0.1953,-0.0105,0.0474,12.38,1.2178,1.50,FALSE,NA,FALSE,SUCCESS,NONE,1.35,IK pitch=-1.55rad (0.1ms); pos_err=12.4mm; j2_peak=1.218rad/s
EXP_0006,2026-10-02T22:24:09,8d83b97,task_01,Reach & Touch Object,easy,1006,0.1849,-0.0066,0.0500,TRUE,-1.550,0.17,0.1987,-0.0069,0.0504,13.85,0.9825,1.50,FALSE,NA,FALSE,SUCCESS,NONE,1.27,IK pitch=-1.55rad (0.2ms); pos_err=13.9mm; j2_peak=0.983rad/s
EXP_0007,2026-10-02T22:24:11,8d83b97,task_01,Reach & Touch Object,easy,1007,0.1810,0.0071,0.0500,FALSE,-1.400,0.35,0.2608,-0.0060,0.0705,83.44,0.0000,1.50,FALSE,NA,FALSE,FAILURE,C_IK_FAILURE,0.00,"Analytical IK solver returned no solution within joint limits for target [0.181, 0.007, 0.050]"
EXP_0008,2026-10-02T22:24:11,8d83b97,task_01,Reach & Touch Object,easy,1008,0.1823,0.0103,0.0500,FALSE,-1.400,0.27,0.2608,-0.0060,0.0705,82.75,0.0000,1.50,FALSE,NA,FALSE,FAILURE,C_IK_FAILURE,0.00,"Analytical IK solver returned no solution within joint limits for target [0.182, 0.010, 0.050]"
EXP_0009,2026-10-02T22:24:11,8d83b97,task_01,Reach & Touch Object,easy,1009,0.1823,-0.0081,0.0500,FALSE,-1.400,0.30,0.2608,-0.0060,0.0705,81.15,0.0000,1.50,FALSE,NA,FALSE,FAILURE,C_IK_FAILURE,0.00,"Analytical IK solver returned no solution within joint limits for target [0.182, -0.008, 0.050]"
EXP_0010,2026-10-02T22:24:11,8d83b97,task_01,Reach & Touch Object,easy,1010,0.1779,-0.0078,0.0500,FALSE,-1.400,0.30,0.2608,-0.0060,0.0705,85.42,0.0000,1.50,FALSE,NA,FALSE,FAILURE,C_IK_FAILURE,0.00,"Analytical IK solver returned no solution within joint limits for target [0.178, -0.008, 0.050]"
EXP_0011,2026-10-02T22:24:11,8d83b97,task_02,Pick & Lift Workpiece,easy,1011,0.2031,-0.0527,0.0300,TRUE,-1.550,0.08,0.2158,-0.0515,0.0313,12.80,1.1829,1.50,FALSE,FALSE,FALSE,FAILURE,B_GRASP_SLIP,5.63,IK pitch=-1.55rad (0.1ms); pos_err=12.8mm; j2_peak=1.183rad/s
EXP_0012,2026-10-02T22:24:18,8d83b97,task_02,Pick & Lift Workpiece,easy,1012,0.1905,-0.0430,0.0300,TRUE,-1.550,0.18,0.2049,-0.0429,0.0319,14.48,1.1829,1.50,FALSE,FALSE,FALSE,FAILURE,B_GRASP_SLIP,5.61,IK pitch=-1.55rad (0.2ms); pos_err=14.5mm; j2_peak=1.183rad/s
EXP_0013,2026-10-02T22:24:24,8d83b97,task_02,Pick & Lift Workpiece,easy,1013,0.2011,-0.0607,0.0300,TRUE,-1.550,0.17,0.2137,-0.0603,0.0298,12.58,1.2520,1.50,FALSE,FALSE,FALSE,FAILURE,B_GRASP_SLIP,5.69,IK pitch=-1.55rad (0.2ms); pos_err=12.6mm; j2_peak=1.252rad/s
EXP_0014,2026-10-02T22:24:31,8d83b97,task_02,Pick & Lift Workpiece,easy,1014,0.1946,-0.0451,0.0300,TRUE,-1.550,0.16,0.2082,-0.0447,0.0314,13.65,1.1829,1.50,FALSE,FALSE,FALSE,FAILURE,B_GRASP_SLIP,5.63,IK pitch=-1.55rad (0.2ms); pos_err=13.6mm; j2_peak=1.183rad/s
EXP_0015,2026-10-02T22:24:37,8d83b97,task_02,Pick & Lift Workpiece,easy,1015,0.2026,-0.0587,0.0300,TRUE,-1.550,0.28,0.2154,-0.0578,0.0315,13.02,1.1829,1.50,FALSE,FALSE,FALSE,FAILURE,B_GRASP_SLIP,5.72,IK pitch=-1.55rad (0.3ms); pos_err=13.0mm; j2_peak=1.183rad/s
EXP_0016,2026-10-02T22:24:44,8d83b97,task_02,Pick & Lift Workpiece,easy,1016,0.2068,-0.0450,0.0300,TRUE,-1.550,0.21,0.2192,-0.0446,0.0318,12.57,1.1829,1.50,FALSE,FALSE,FALSE,FAILURE,B_GRASP_SLIP,5.53,IK pitch=-1.55rad (0.2ms); pos_err=12.6mm; j2_peak=1.183rad/s
EXP_0017,2026-10-02T22:24:50,8d83b97,task_02,Pick & Lift Workpiece,easy,1017,0.1923,-0.0399,0.0300,TRUE,-1.550,0.20,0.2065,-0.0398,0.0319,14.41,1.1829,1.50,FALSE,FALSE,FALSE,FAILURE,B_GRASP_SLIP,5.51,IK pitch=-1.55rad (0.2ms); pos_err=14.4mm; j2_peak=1.183rad/s
EXP_0018,2026-10-02T22:24:56,8d83b97,task_02,Pick & Lift Workpiece,easy,1018,0.1916,-0.0393,0.0300,TRUE,-1.550,0.25,0.2059,-0.0393,0.0318,14.37,1.1829,1.50,FALSE,FALSE,FALSE,FAILURE,B_GRASP_SLIP,5.60,IK pitch=-1.55rad (0.3ms); pos_err=14.4mm; j2_peak=1.183rad/s
EXP_0019,2026-10-02T22:25:03,8d83b97,task_02,Pick & Lift Workpiece,easy,1019,0.1965,-0.0592,0.0300,TRUE,-1.550,0.18,0.2002,-0.0548,0.0177,13.58,1.9843,1.50,TRUE,FALSE,FALSE,FAILURE,B_GRASP_SLIP,5.58,IK pitch=-1.55rad (0.2ms); pos_err=13.6mm; j2_peak=1.984rad/s
EXP_0020,2026-10-02T22:25:09,8d83b97,task_02,Pick & Lift Workpiece,easy,1020,0.2052,-0.0580,0.0300,TRUE,-1.550,0.19,0.2177,-0.0573,0.0318,12.66,1.1829,1.50,FALSE,FALSE,FALSE,FAILURE,B_GRASP_SLIP,5.51,IK pitch=-1.55rad (0.2ms); pos_err=12.7mm; j2_peak=1.183rad/s
EXP_0021,2026-10-02T22:25:15,8d83b97,task_03,Conveyor Dynamic Rendezvous,medium,1021,0.2040,0.0789,0.0400,TRUE,-1.550,0.15,0.2156,0.0768,0.0403,11.76,1.5013,1.50,TRUE,NA,FALSE,SUCCESS,NONE,1.35,IK pitch=-1.55rad (0.2ms); pos_err=11.8mm; j2_peak=1.501rad/s
EXP_0022,2026-10-02T22:25:17,8d83b97,task_03,Conveyor Dynamic Rendezvous,medium,1022,0.1927,0.0815,0.0400,TRUE,-1.550,0.19,0.2062,0.0797,0.0405,13.63,1.4285,1.50,FALSE,NA,FALSE,SUCCESS,NONE,1.25,IK pitch=-1.55rad (0.2ms); pos_err=13.6mm; j2_peak=1.429rad/s
EXP_0023,2026-10-02T22:25:19,8d83b97,task_03,Conveyor Dynamic Rendezvous,medium,1023,0.2083,0.0731,0.0400,TRUE,-1.550,0.26,0.2186,0.0715,0.0403,10.41,1.4971,1.50,FALSE,NA,FALSE,SUCCESS,NONE,1.27,IK pitch=-1.55rad (0.3ms); pos_err=10.4mm; j2_peak=1.497rad/s
EXP_0024,2026-10-02T22:25:22,8d83b97,task_03,Conveyor Dynamic Rendezvous,medium,1024,0.2030,0.0819,0.0400,TRUE,-1.550,0.23,0.2149,0.0793,0.0403,12.22,1.5114,1.50,TRUE,NA,FALSE,SUCCESS,NONE,1.25,IK pitch=-1.55rad (0.2ms); pos_err=12.2mm; j2_peak=1.511rad/s
EXP_0025,2026-10-02T22:25:24,8d83b97,task_03,Conveyor Dynamic Rendezvous,medium,1025,0.2020,0.0728,0.0400,TRUE,-1.550,0.20,0.2143,0.0714,0.0404,12.32,1.4478,1.50,FALSE,NA,FALSE,SUCCESS,NONE,1.25,IK pitch=-1.55rad (0.2ms); pos_err=12.3mm; j2_peak=1.448rad/s
EXP_0026,2026-10-02T22:25:26,8d83b97,task_03,Conveyor Dynamic Rendezvous,medium,1026,0.1970,0.0782,0.0400,TRUE,-1.550,0.21,0.2098,0.0761,0.0404,12.91,1.4376,1.50,FALSE,NA,FALSE,SUCCESS,NONE,1.25,IK pitch=-1.55rad (0.2ms); pos_err=12.9mm; j2_peak=1.438rad/s
EXP_0027,2026-10-02T22:25:28,8d83b97,task_03,Conveyor Dynamic Rendezvous,medium,1027,0.1922,0.0725,0.0400,TRUE,-1.550,0.19,0.2056,0.0714,0.0406,13.47,1.3633,1.50,FALSE,NA,FALSE,SUCCESS,NONE,1.25,IK pitch=-1.55rad (0.2ms); pos_err=13.5mm; j2_peak=1.363rad/s
EXP_0028,2026-10-02T22:25:30,8d83b97,task_03,Conveyor Dynamic Rendezvous,medium,1028,0.2044,0.0609,0.0400,TRUE,-1.550,0.16,0.2157,0.0599,0.0405,11.31,1.3872,1.50,FALSE,NA,FALSE,SUCCESS,NONE,1.26,IK pitch=-1.55rad (0.2ms); pos_err=11.3mm; j2_peak=1.387rad/s
EXP_0029,2026-10-02T22:25:32,8d83b97,task_03,Conveyor Dynamic Rendezvous,medium,1029,0.1908,0.0678,0.0400,TRUE,-1.550,0.23,0.2048,0.0663,0.0406,14.11,1.3216,1.50,FALSE,NA,FALSE,SUCCESS,NONE,1.25,IK pitch=-1.55rad (0.2ms); pos_err=14.1mm; j2_peak=1.322rad/s
EXP_0030,2026-10-02T22:25:34,8d83b97,task_03,Conveyor Dynamic Rendezvous,medium,1030,0.1991,0.0675,0.0400,TRUE,-1.550,0.24,0.2110,0.0659,0.0405,11.96,1.3818,1.50,FALSE,NA,FALSE,SUCCESS,NONE,1.27,IK pitch=-1.55rad (0.2ms); pos_err=12.0mm; j2_peak=1.382rad/s
EXP_0031,2026-10-02T22:25:36,8d83b97,task_04,Precision Placement into Tray,medium,1031,0.0700,-0.2058,0.0500,TRUE,-1.550,0.25,0.0862,-0.2091,0.0514,16.58,1.2744,1.50,FALSE,FALSE,FALSE,FAILURE,B_GRASP_SLIP,5.89,IK pitch=-1.55rad (0.3ms); pos_err=16.6mm; j2_peak=1.274rad/s
EXP_0032,2026-10-02T22:25:43,8d83b97,task_04,Precision Placement into Tray,medium,1032,0.0785,-0.1986,0.0500,TRUE,-1.550,0.21,0.0945,-0.2016,0.0513,16.31,1.1841,1.50,FALSE,FALSE,FALSE,FAILURE,B_GRASP_SLIP,6.43,IK pitch=-1.55rad (0.2ms); pos_err=16.3mm; j2_peak=1.184rad/s
EXP_0033,2026-10-02T22:25:50,8d83b97,task_04,Precision Placement into Tray,medium,1033,0.0797,-0.1979,0.0500,TRUE,-1.550,0.20,0.0958,-0.2008,0.0513,16.39,1.1829,1.50,FALSE,FALSE,FALSE,FAILURE,B_GRASP_SLIP,5.99,IK pitch=-1.55rad (0.2ms); pos_err=16.4mm; j2_peak=1.183rad/s
EXP_0034,2026-10-02T22:25:57,8d83b97,task_04,Precision Placement into Tray,medium,1034,0.0861,-0.2011,0.0500,TRUE,-1.550,0.18,0.1021,-0.2034,0.0513,16.19,1.1829,1.50,FALSE,FALSE,FALSE,FAILURE,B_GRASP_SLIP,5.88,IK pitch=-1.55rad (0.2ms); pos_err=16.2mm; j2_peak=1.183rad/s
EXP_0035,2026-10-02T22:26:03,8d83b97,task_04,Precision Placement into Tray,medium,1035,0.0703,-0.1941,0.0500,TRUE,-1.550,0.16,0.0864,-0.1980,0.0514,16.71,7.0348,1.50,TRUE,FALSE,FALSE,FAILURE,B_GRASP_SLIP,5.88,IK pitch=-1.55rad (0.2ms); pos_err=16.7mm; j2_peak=7.035rad/s
EXP_0036,2026-10-02T22:26:10,8d83b97,task_04,Precision Placement into Tray,medium,1036,0.0852,-0.2008,0.0500,TRUE,-1.550,0.19,0.1012,-0.2032,0.0513,16.22,1.1829,1.50,FALSE,FALSE,FALSE,FAILURE,B_GRASP_SLIP,6.08,IK pitch=-1.55rad (0.2ms); pos_err=16.2mm; j2_peak=1.183rad/s
EXP_0037,2026-10-02T22:26:17,8d83b97,task_04,Precision Placement into Tray,medium,1037,0.0819,-0.1941,0.0500,TRUE,-1.550,0.16,0.0978,-0.1971,0.0513,16.20,1.3702,1.50,FALSE,FALSE,FALSE,FAILURE,B_GRASP_SLIP,5.98,IK pitch=-1.55rad (0.2ms); pos_err=16.2mm; j2_peak=1.370rad/s
EXP_0038,2026-10-02T22:26:24,8d83b97,task_04,Precision Placement into Tray,medium,1038,0.0861,-0.1885,0.0500,TRUE,-1.550,0.25,0.1021,-0.1915,0.0513,16.32,7.2689,1.50,TRUE,FALSE,FALSE,FAILURE,B_GRASP_SLIP,5.93,IK pitch=-1.55rad (0.3ms); pos_err=16.3mm; j2_peak=7.269rad/s
EXP_0039,2026-10-02T22:26:30,8d83b97,task_04,Precision Placement into Tray,medium,1039,0.0791,-0.1932,0.0500,TRUE,-1.550,0.20,0.0952,-0.1964,0.0513,16.44,2.7683,1.50,TRUE,FALSE,FALSE,FAILURE,B_GRASP_SLIP,5.98,IK pitch=-1.55rad (0.2ms); pos_err=16.4mm; j2_peak=2.768rad/s
EXP_0040,2026-10-02T22:26:37,8d83b97,task_04,Precision Placement into Tray,medium,1040,0.0866,-0.2006,0.0500,TRUE,-1.550,0.16,0.1025,-0.2029,0.0513,16.15,1.1829,1.50,FALSE,FALSE,FALSE,FAILURE,B_GRASP_SLIP,5.99,IK pitch=-1.55rad (0.2ms); pos_err=16.2mm; j2_peak=1.183rad/s
EXP_0041,2026-10-02T22:26:44,8d83b97,task_05,Obstacle Avoidance Clearance,medium,1041,0.1504,0.1215,0.0800,TRUE,-1.550,0.18,0.1625,0.1219,0.0762,12.61,1.4377,1.50,FALSE,NA,FALSE,SUCCESS,NONE,1.39,IK pitch=-1.55rad (0.2ms); pos_err=12.6mm; j2_peak=1.438rad/s
EXP_0042,2026-10-02T22:26:46,8d83b97,task_05,Obstacle Avoidance Clearance,medium,1042,0.1564,0.1115,0.0800,TRUE,-1.550,0.25,0.1670,0.1125,0.0743,12.13,1.5358,1.50,TRUE,NA,FALSE,SUCCESS,NONE,1.30,IK pitch=-1.55rad (0.2ms); pos_err=12.1mm; j2_peak=1.536rad/s
EXP_0043,2026-10-02T22:26:48,8d83b97,task_05,Obstacle Avoidance Clearance,medium,1043,0.1610,0.1310,0.0800,TRUE,-1.550,0.22,0.1727,0.1290,0.0779,12.03,1.5894,1.50,TRUE,NA,FALSE,SUCCESS,NONE,1.28,IK pitch=-1.55rad (0.2ms); pos_err=12.0mm; j2_peak=1.589rad/s
EXP_0044,2026-10-02T22:26:50,8d83b97,task_05,Obstacle Avoidance Clearance,medium,1044,0.1523,0.1172,0.0800,TRUE,-1.550,0.20,0.1647,0.1182,0.0757,13.13,1.5350,1.50,TRUE,NA,FALSE,SUCCESS,NONE,1.28,IK pitch=-1.55rad (0.2ms); pos_err=13.1mm; j2_peak=1.535rad/s
EXP_0045,2026-10-02T22:26:53,8d83b97,task_05,Obstacle Avoidance Clearance,medium,1045,0.1651,0.1208,0.0800,TRUE,-1.550,0.17,0.1766,0.1198,0.0779,11.76,1.5396,1.50,TRUE,NA,FALSE,SUCCESS,NONE,1.28,IK pitch=-1.55rad (0.2ms); pos_err=11.8mm; j2_peak=1.540rad/s
EXP_0046,2026-10-02T22:26:55,8d83b97,task_05,Obstacle Avoidance Clearance,medium,1046,0.1500,0.1114,0.0800,TRUE,-1.550,0.16,0.1544,0.1102,0.0651,15.57,3.7242,1.50,TRUE,NA,FALSE,SUCCESS,NONE,1.38,IK pitch=-1.55rad (0.2ms); pos_err=15.6mm; j2_peak=3.724rad/s
EXP_0047,2026-10-02T22:26:57,8d83b97,task_05,Obstacle Avoidance Clearance,medium,1047,0.1660,0.1301,0.0800,TRUE,-1.550,0.21,0.1766,0.1279,0.0779,11.02,1.6217,1.50,TRUE,NA,FALSE,SUCCESS,NONE,1.28,IK pitch=-1.55rad (0.2ms); pos_err=11.0mm; j2_peak=1.622rad/s
EXP_0048,2026-10-02T22:26:59,8d83b97,task_05,Obstacle Avoidance Clearance,medium,1048,0.1613,0.1211,0.0800,TRUE,-1.550,0.18,0.1743,0.1209,0.0780,13.13,1.5567,1.50,TRUE,NA,FALSE,SUCCESS,NONE,1.26,IK pitch=-1.55rad (0.2ms); pos_err=13.1mm; j2_peak=1.557rad/s
EXP_0049,2026-10-02T22:27:01,8d83b97,task_05,Obstacle Avoidance Clearance,medium,1049,0.1650,0.1283,0.0800,TRUE,-1.550,0.19,0.1769,0.1267,0.0778,12.18,1.6067,1.50,TRUE,NA,FALSE,SUCCESS,NONE,1.27,IK pitch=-1.55rad (0.2ms); pos_err=12.2mm; j2_peak=1.607rad/s
EXP_0050,2026-10-02T22:27:03,8d83b97,task_05,Obstacle Avoidance Clearance,medium,1050,0.1683,0.1112,0.0800,TRUE,-1.550,0.14,0.1808,0.1115,0.0780,12.68,1.5432,1.50,TRUE,NA,FALSE,SUCCESS,NONE,1.25,IK pitch=-1.55rad (0.1ms); pos_err=12.7mm; j2_peak=1.543rad/s
EXP_0051,2026-10-02T22:27:05,8d83b97,task_06,Visual Servoing Feature Alignment,medium,1051,0.2001,-0.0301,0.0600,TRUE,-1.550,0.22,0.2122,-0.0202,0.0608,15.64,1.4544,1.50,FALSE,NA,FALSE,SUCCESS,NONE,1.25,IK pitch=-1.55rad (0.2ms); pos_err=15.6mm; j2_peak=1.454rad/s
EXP_0052,2026-10-02T22:27:07,8d83b97,task_06,Visual Servoing Feature Alignment,medium,1052,0.2033,-0.0229,0.0600,TRUE,-1.550,0.16,0.2147,-0.0227,0.0597,11.41,1.0083,1.50,FALSE,NA,FALSE,SUCCESS,NONE,1.26,IK pitch=-1.55rad (0.2ms); pos_err=11.4mm; j2_peak=1.008rad/s
EXP_0053,2026-10-02T22:27:09,8d83b97,task_06,Visual Servoing Feature Alignment,medium,1053,0.2029,-0.0293,0.0600,TRUE,-1.550,0.24,0.2144,-0.0288,0.0597,11.54,1.0086,1.50,FALSE,NA,FALSE,SUCCESS,NONE,1.25,IK pitch=-1.55rad (0.2ms); pos_err=11.5mm; j2_peak=1.009rad/s
EXP_0054,2026-10-02T22:27:11,8d83b97,task_06,Visual Servoing Feature Alignment,medium,1054,0.2070,-0.0261,0.0600,TRUE,-1.550,0.20,0.2178,-0.0261,0.0596,10.83,0.9953,1.50,FALSE,NA,FALSE,SUCCESS,NONE,1.26,IK pitch=-1.55rad (0.2ms); pos_err=10.8mm; j2_peak=0.995rad/s
EXP_0055,2026-10-02T22:27:13,8d83b97,task_06,Visual Servoing Feature Alignment,medium,1055,0.1972,-0.0295,0.0600,TRUE,-1.550,0.16,0.2100,-0.0293,0.0597,12.81,1.0165,1.50,FALSE,NA,FALSE,SUCCESS,NONE,1.24,IK pitch=-1.55rad (0.2ms); pos_err=12.8mm; j2_peak=1.016rad/s
EXP_0056,2026-10-02T22:27:15,8d83b97,task_06,Visual Servoing Feature Alignment,medium,1056,0.1976,-0.0265,0.0600,TRUE,-1.550,0.22,0.2098,-0.0266,0.0597,12.15,0.9645,1.50,FALSE,NA,FALSE,SUCCESS,NONE,1.26,IK pitch=-1.55rad (0.2ms); pos_err=12.1mm; j2_peak=0.964rad/s
EXP_0057,2026-10-02T22:27:17,8d83b97,task_06,Visual Servoing Feature Alignment,medium,1057,0.1969,-0.0137,0.0600,TRUE,-1.550,0.17,0.2093,-0.0146,0.0597,12.37,0.9755,1.50,FALSE,NA,FALSE,SUCCESS,NONE,1.25,IK pitch=-1.55rad (0.2ms); pos_err=12.4mm; j2_peak=0.975rad/s
EXP_0058,2026-10-02T22:27:19,8d83b97,task_06,Visual Servoing Feature Alignment,medium,1058,0.1933,-0.0224,0.0600,TRUE,-1.550,0.17,0.2060,-0.0220,0.0598,12.69,1.0022,1.50,FALSE,NA,FALSE,SUCCESS,NONE,1.26,IK pitch=-1.55rad (0.2ms); pos_err=12.7mm; j2_peak=1.002rad/s
EXP_0059,2026-10-02T22:27:22,8d83b97,task_06,Visual Servoing Feature Alignment,medium,1059,0.1970,-0.0105,0.0600,TRUE,-1.550,0.20,0.2090,-0.0113,0.0597,11.98,0.9754,1.50,FALSE,NA,FALSE,SUCCESS,NONE,1.26,IK pitch=-1.55rad (0.2ms); pos_err=12.0mm; j2_peak=0.975rad/s
EXP_0060,2026-10-02T22:27:24,8d83b97,task_06,Visual Servoing Feature Alignment,medium,1060,0.2013,-0.0315,0.0600,TRUE,-1.550,0.16,0.2126,-0.0302,0.0597,11.40,1.0124,1.50,FALSE,NA,FALSE,SUCCESS,NONE,1.26,IK pitch=-1.55rad (0.2ms); pos_err=11.4mm; j2_peak=1.012rad/s
EXP_0061,2026-10-02T22:27:26,8d83b97,task_07,Multi-Axis In-Hand Reorientation,hard,1061,0.1783,0.0381,0.0700,TRUE,-1.550,0.17,0.1845,0.0339,0.0591,13.27,17.8400,1.50,TRUE,TRUE,TRUE,FAILURE,B_GRASP_SLIP,7.00,IK pitch=-1.55rad (0.2ms); pos_err=13.3mm; j2_peak=17.840rad/s
EXP_0062,2026-10-02T22:27:33,8d83b97,task_07,Multi-Axis In-Hand Reorientation,hard,1062,0.1819,0.0469,0.0700,TRUE,-1.550,0.24,0.1853,0.0435,0.0563,14.49,2.7689,1.50,TRUE,FALSE,FALSE,FAILURE,B_GRASP_SLIP,6.40,IK pitch=-1.55rad (0.2ms); pos_err=14.5mm; j2_peak=2.769rad/s
EXP_0063,2026-10-02T22:27:41,8d83b97,task_07,Multi-Axis In-Hand Reorientation,hard,1063,0.1764,0.0436,0.0700,TRUE,-1.550,0.22,0.1815,0.0374,0.0585,14.02,21.3254,1.50,TRUE,FALSE,FALSE,FAILURE,B_GRASP_SLIP,6.22,IK pitch=-1.55rad (0.2ms); pos_err=14.0mm; j2_peak=21.325rad/s
EXP_0064,2026-10-02T22:27:48,8d83b97,task_07,Multi-Axis In-Hand Reorientation,hard,1064,0.1763,0.0597,0.0700,TRUE,-1.550,0.23,0.1884,0.0537,0.0674,13.68,12.0049,1.50,TRUE,FALSE,FALSE,FAILURE,B_GRASP_SLIP,6.42,IK pitch=-1.55rad (0.2ms); pos_err=13.7mm; j2_peak=12.005rad/s
EXP_0065,2026-10-02T22:27:55,8d83b97,task_07,Multi-Axis In-Hand Reorientation,hard,1065,0.1706,0.0501,0.0700,TRUE,-1.550,0.22,0.1708,0.0499,0.0516,18.39,28.0316,1.50,TRUE,TRUE,FALSE,SUCCESS,NONE,8.30,IK pitch=-1.55rad (0.2ms); pos_err=18.4mm; j2_peak=28.032rad/s
EXP_0066,2026-10-02T22:28:04,8d83b97,task_07,Multi-Axis In-Hand Reorientation,hard,1066,0.1771,0.0516,0.0700,TRUE,-1.550,0.25,0.1885,0.0447,0.0656,14.02,12.9066,1.50,TRUE,FALSE,FALSE,FAILURE,B_GRASP_SLIP,6.22,IK pitch=-1.55rad (0.2ms); pos_err=14.0mm; j2_peak=12.907rad/s
EXP_0067,2026-10-02T22:28:11,8d83b97,task_07,Multi-Axis In-Hand Reorientation,hard,1067,0.1718,0.0615,0.0700,TRUE,-1.550,0.20,0.1802,0.0554,0.0609,13.76,16.4577,1.50,TRUE,FALSE,FALSE,FAILURE,B_GRASP_SLIP,6.43,IK pitch=-1.55rad (0.2ms); pos_err=13.8mm; j2_peak=16.458rad/s
EXP_0068,2026-10-02T22:28:18,8d83b97,task_07,Multi-Axis In-Hand Reorientation,hard,1068,0.1882,0.0602,0.0700,TRUE,-1.550,0.20,0.2019,0.0584,0.0683,13.93,1.3048,1.50,FALSE,FALSE,FALSE,FAILURE,B_GRASP_SLIP,6.37,IK pitch=-1.55rad (0.2ms); pos_err=13.9mm; j2_peak=1.305rad/s
EXP_0069,2026-10-02T22:28:25,8d83b97,task_07,Multi-Axis In-Hand Reorientation,hard,1069,0.1758,0.0527,0.0700,TRUE,-1.550,0.25,0.1850,0.0456,0.0639,13.14,11.6638,1.50,TRUE,FALSE,FALSE,FAILURE,B_GRASP_SLIP,6.46,IK pitch=-1.55rad (0.2ms); pos_err=13.1mm; j2_peak=11.664rad/s
EXP_0070,2026-10-02T22:28:33,8d83b97,task_07,Multi-Axis In-Hand Reorientation,hard,1070,0.1742,0.0402,0.0700,TRUE,-1.550,0.20,0.1770,0.0357,0.0556,15.36,19.8422,1.50,TRUE,FALSE,FALSE,FAILURE,B_GRASP_SLIP,6.26,IK pitch=-1.55rad (0.2ms); pos_err=15.4mm; j2_peak=19.842rad/s
EXP_0071,2026-10-02T22:28:40,8d83b97,task_08,Articulated Drawer/Slide Interaction,hard,1071,0.2187,0.0117,0.0400,TRUE,-1.550,0.19,0.2294,0.0119,0.0408,10.67,1.0046,1.50,FALSE,NA,FALSE,SUCCESS,NONE,1.35,IK pitch=-1.55rad (0.2ms); pos_err=10.7mm; j2_peak=1.005rad/s
EXP_0072,2026-10-02T22:28:42,8d83b97,task_08,Articulated Drawer/Slide Interaction,hard,1072,0.2248,0.0077,0.0400,TRUE,-1.550,0.17,0.2341,0.0083,0.0406,9.40,1.0430,1.50,FALSE,NA,FALSE,SUCCESS,NONE,1.25,IK pitch=-1.55rad (0.2ms); pos_err=9.4mm; j2_peak=1.043rad/s
EXP_0073,2026-10-02T22:28:44,8d83b97,task_08,Articulated Drawer/Slide Interaction,hard,1073,0.2162,-0.0049,0.0400,TRUE,-1.550,0.20,0.2281,-0.0035,0.0408,11.95,1.0547,1.50,FALSE,NA,FALSE,SUCCESS,NONE,1.24,IK pitch=-1.55rad (0.2ms); pos_err=12.0mm; j2_peak=1.055rad/s
EXP_0074,2026-10-02T22:28:46,8d83b97,task_08,Articulated Drawer/Slide Interaction,hard,1074,0.2227,-0.0004,0.0400,TRUE,-1.550,0.27,0.2324,0.0002,0.0406,9.69,1.0744,1.50,FALSE,NA,FALSE,SUCCESS,NONE,1.26,IK pitch=-1.55rad (0.3ms); pos_err=9.7mm; j2_peak=1.074rad/s
EXP_0075,2026-10-02T22:28:48,8d83b97,task_08,Articulated Drawer/Slide Interaction,hard,1075,0.2240,0.0067,0.0400,TRUE,-1.550,0.22,0.2339,0.0067,0.0407,9.90,1.0488,1.50,FALSE,NA,FALSE,SUCCESS,NONE,1.25,IK pitch=-1.55rad (0.2ms); pos_err=9.9mm; j2_peak=1.049rad/s
EXP_0076,2026-10-02T22:28:50,8d83b97,task_08,Articulated Drawer/Slide Interaction,hard,1076,0.2290,0.0106,0.0400,TRUE,-1.550,0.20,0.2379,0.0107,0.0406,8.90,1.0592,1.50,FALSE,NA,FALSE,SUCCESS,NONE,1.26,IK pitch=-1.55rad (0.2ms); pos_err=8.9mm; j2_peak=1.059rad/s
EXP_0077,2026-10-02T22:28:52,8d83b97,task_08,Articulated Drawer/Slide Interaction,hard,1077,0.2213,0.0007,0.0400,TRUE,-1.550,0.19,0.2325,0.0019,0.0408,11.33,1.0604,1.50,FALSE,NA,FALSE,SUCCESS,NONE,1.23,IK pitch=-1.55rad (0.2ms); pos_err=11.3mm; j2_peak=1.060rad/s
EXP_0078,2026-10-02T22:28:54,8d83b97,task_08,Articulated Drawer/Slide Interaction,hard,1078,0.2149,0.0054,0.0400,TRUE,-1.550,0.16,0.2268,0.0055,0.0409,11.93,1.0335,1.50,FALSE,NA,FALSE,SUCCESS,NONE,1.24,IK pitch=-1.55rad (0.2ms); pos_err=11.9mm; j2_peak=1.033rad/s
EXP_0079,2026-10-02T22:28:56,8d83b97,task_08,Articulated Drawer/Slide Interaction,hard,1079,0.2170,0.0028,0.0400,TRUE,-1.550,0.28,0.2278,0.0034,0.0408,10.88,1.0179,1.50,FALSE,NA,FALSE,SUCCESS,NONE,1.25,IK pitch=-1.55rad (0.3ms); pos_err=10.9mm; j2_peak=1.018rad/s
EXP_0080,2026-10-02T22:28:58,8d83b97,task_08,Articulated Drawer/Slide Interaction,hard,1080,0.2189,0.0010,0.0400,TRUE,-1.550,0.21,0.2294,0.0016,0.0407,10.59,1.0403,1.50,FALSE,NA,FALSE,SUCCESS,NONE,1.25,IK pitch=-1.55rad (0.2ms); pos_err=10.6mm; j2_peak=1.040rad/s
EXP_0081,2026-10-02T22:29:00,8d83b97,task_09,Multi-Object Stacking & Sorting,hard,1081,0.1471,-0.1598,0.0800,TRUE,-1.550,0.32,0.1598,-0.1586,0.0776,12.99,1.7243,1.50,TRUE,FALSE,FALSE,FAILURE,B_GRASP_SLIP,5.88,IK pitch=-1.55rad (0.3ms); pos_err=13.0mm; j2_peak=1.724rad/s
EXP_0082,2026-10-02T22:29:07,8d83b97,task_09,Multi-Object Stacking & Sorting,hard,1082,0.1499,-0.1479,0.0800,TRUE,-1.550,0.22,0.1628,-0.1470,0.0777,13.15,1.6554,1.50,TRUE,FALSE,FALSE,FAILURE,B_GRASP_SLIP,5.88,IK pitch=-1.55rad (0.2ms); pos_err=13.1mm; j2_peak=1.655rad/s
EXP_0083,2026-10-02T22:29:14,8d83b97,task_09,Multi-Object Stacking & Sorting,hard,1083,0.1437,-0.1407,0.0800,TRUE,-1.550,0.17,0.1555,-0.1388,0.0752,12.90,4.8933,1.50,TRUE,FALSE,FALSE,FAILURE,B_GRASP_SLIP,5.88,IK pitch=-1.55rad (0.2ms); pos_err=12.9mm; j2_peak=4.893rad/s
EXP_0084,2026-10-02T22:29:20,8d83b97,task_09,Multi-Object Stacking & Sorting,hard,1084,0.1424,-0.1463,0.0800,TRUE,-1.550,0.20,0.1521,-0.1415,0.0702,14.61,3.3232,1.50,TRUE,FALSE,FALSE,FAILURE,B_GRASP_SLIP,5.86,IK pitch=-1.55rad (0.2ms); pos_err=14.6mm; j2_peak=3.323rad/s
EXP_0085,2026-10-02T22:29:27,8d83b97,task_09,Multi-Object Stacking & Sorting,hard,1085,0.1473,-0.1471,0.0800,TRUE,-1.550,0.19,0.1603,-0.1472,0.0793,13.04,1.4444,1.50,FALSE,FALSE,FALSE,FAILURE,B_GRASP_SLIP,5.88,IK pitch=-1.55rad (0.2ms); pos_err=13.0mm; j2_peak=1.444rad/s
EXP_0086,2026-10-02T22:29:34,8d83b97,task_09,Multi-Object Stacking & Sorting,hard,1086,0.1549,-0.1399,0.0800,TRUE,-1.550,0.19,0.1678,-0.1398,0.0792,12.92,1.3664,1.50,FALSE,FALSE,FALSE,FAILURE,B_GRASP_SLIP,5.98,IK pitch=-1.55rad (0.2ms); pos_err=12.9mm; j2_peak=1.366rad/s
EXP_0087,2026-10-02T22:29:41,8d83b97,task_09,Multi-Object Stacking & Sorting,hard,1087,0.1433,-0.1461,0.0800,TRUE,-1.550,0.19,0.1546,-0.1434,0.0736,13.25,2.3800,1.50,TRUE,FALSE,FALSE,FAILURE,B_GRASP_SLIP,5.97,IK pitch=-1.55rad (0.2ms); pos_err=13.2mm; j2_peak=2.380rad/s
EXP_0088,2026-10-02T22:29:47,8d83b97,task_09,Multi-Object Stacking & Sorting,hard,1088,0.1472,-0.1469,0.0800,TRUE,-1.550,0.20,0.1604,-0.1471,0.0793,13.15,1.4222,1.50,FALSE,FALSE,FALSE,FAILURE,B_GRASP_SLIP,5.88,IK pitch=-1.55rad (0.2ms); pos_err=13.2mm; j2_peak=1.422rad/s
EXP_0089,2026-10-02T22:29:54,8d83b97,task_09,Multi-Object Stacking & Sorting,hard,1089,0.1518,-0.1526,0.0800,TRUE,-1.550,0.22,0.1647,-0.1523,0.0792,12.89,1.1829,1.50,FALSE,FALSE,FALSE,FAILURE,B_GRASP_SLIP,5.88,IK pitch=-1.55rad (0.2ms); pos_err=12.9mm; j2_peak=1.183rad/s
EXP_0090,2026-10-02T22:30:01,8d83b97,task_09,Multi-Object Stacking & Sorting,hard,1090,0.1431,-0.1616,0.0800,TRUE,-1.550,0.16,0.1562,-0.1616,0.0793,13.08,1.1829,1.50,FALSE,FALSE,FALSE,FAILURE,B_GRASP_SLIP,5.99,IK pitch=-1.55rad (0.2ms); pos_err=13.1mm; j2_peak=1.183rad/s
EXP_0091,2026-10-02T22:30:07,8d83b97,task_10,Emergency Stop & Safety Recovery,hard,1091,0.2066,0.0398,0.0500,TRUE,-1.550,0.21,0.2179,0.0387,0.0499,11.41,1.2872,1.50,FALSE,NA,FALSE,SUCCESS,NONE,1.98,IK pitch=-1.55rad (0.2ms); pos_err=11.4mm; j2_peak=1.287rad/s
EXP_0092,2026-10-02T22:30:10,8d83b97,task_10,Emergency Stop & Safety Recovery,hard,1092,0.2024,0.0448,0.0500,TRUE,-1.550,0.16,0.2145,0.0434,0.0499,12.15,1.2810,1.50,FALSE,NA,FALSE,SUCCESS,NONE,1.87,IK pitch=-1.55rad (0.2ms); pos_err=12.1mm; j2_peak=1.281rad/s
EXP_0093,2026-10-02T22:30:13,8d83b97,task_10,Emergency Stop & Safety Recovery,hard,1093,0.2092,0.0493,0.0500,TRUE,-1.550,0.17,0.2197,0.0476,0.0497,10.60,1.3638,1.50,FALSE,NA,FALSE,SUCCESS,NONE,1.87,IK pitch=-1.55rad (0.2ms); pos_err=10.6mm; j2_peak=1.364rad/s
EXP_0094,2026-10-02T22:30:16,8d83b97,task_10,Emergency Stop & Safety Recovery,hard,1094,0.2164,0.0515,0.0500,TRUE,-1.550,0.19,0.2258,0.0496,0.0496,9.62,1.4432,1.50,FALSE,NA,FALSE,SUCCESS,NONE,1.87,IK pitch=-1.55rad (0.2ms); pos_err=9.6mm; j2_peak=1.443rad/s
EXP_0095,2026-10-02T22:30:18,8d83b97,task_10,Emergency Stop & Safety Recovery,hard,1095,0.2088,0.0370,0.0500,TRUE,-1.550,0.17,0.2209,0.0368,0.0499,12.06,1.3590,1.50,FALSE,NA,FALSE,SUCCESS,NONE,1.85,IK pitch=-1.55rad (0.2ms); pos_err=12.1mm; j2_peak=1.359rad/s
EXP_0096,2026-10-02T22:30:21,8d83b97,task_10,Emergency Stop & Safety Recovery,hard,1096,0.2085,0.0429,0.0500,TRUE,-1.550,0.17,0.2197,0.0413,0.0498,11.26,1.3215,1.50,FALSE,NA,FALSE,SUCCESS,NONE,1.87,IK pitch=-1.55rad (0.2ms); pos_err=11.3mm; j2_peak=1.321rad/s
EXP_0097,2026-10-02T22:30:24,8d83b97,task_10,Emergency Stop & Safety Recovery,hard,1097,0.2188,0.0492,0.0500,TRUE,-1.550,0.16,0.2277,0.0472,0.0495,9.15,1.4492,1.50,FALSE,NA,FALSE,SUCCESS,NONE,1.89,IK pitch=-1.55rad (0.2ms); pos_err=9.1mm; j2_peak=1.449rad/s
EXP_0098,2026-10-02T22:30:26,8d83b97,task_10,Emergency Stop & Safety Recovery,hard,1098,0.2097,0.0344,0.0500,TRUE,-1.550,0.23,0.2217,0.0343,0.0499,12.10,1.3636,1.50,FALSE,NA,FALSE,SUCCESS,NONE,1.85,IK pitch=-1.55rad (0.2ms); pos_err=12.1mm; j2_peak=1.364rad/s
EXP_0099,2026-10-02T22:30:29,8d83b97,task_10,Emergency Stop & Safety Recovery,hard,1099,0.2093,0.0411,0.0500,TRUE,-1.550,0.19,0.2205,0.0395,0.0498,11.26,1.3182,1.50,FALSE,NA,FALSE,SUCCESS,NONE,1.86,IK pitch=-1.55rad (0.2ms); pos_err=11.3mm; j2_peak=1.318rad/s
EXP_0100,2026-10-02T22:30:32,8d83b97,task_10,Emergency Stop & Safety Recovery,hard,1100,0.2034,0.0398,0.0500,TRUE,-1.550,0.29,0.2157,0.0388,0.0499,12.25,1.2655,1.50,FALSE,NA,FALSE,SUCCESS,NONE,1.86,IK pitch=-1.55rad (0.3ms); pos_err=12.2mm; j2_peak=1.266rad/s
