trial_id,seed,commit_hash,timestamp,modality,inputs,raw_outputs,outcome,detection_latency_ms,recovery_latency_ms,total_latency_ms,safety_held
FAULT_SIG_01,1000,8d83b97cd88a99745195bb6a10cf689a27ab4987,2026-10-04T07:00:29,SIGKILL_WORKER,"{""target_node"": ""vision_agent"", ""signal"": ""SIGKILL"", ""initial_pid"": 1977809, ""replacement_pid"": 1977845, ""heartbeat_threshold_ms"": 200.0, ""model_load_strategy"": ""lightweight_lifecycle_coordinator""}","{""t_kill_ros_ns"": 1791097231036141274, ""t_detect_ros_ns"": 1791097231236369515, ""t_spawn_ros_ns"": 1791097231238425349, ""t_disc_ros_ns"": 1791097231516234779, ""t_cfg_ros_ns"": 1791097234548379085, ""t_act_ros_ns"": 1791097234553589222, ""spawn_ms"": 1.597438, ""discovery_ms"": 277.80943, ""configure_ms"": 3032.144306, ""activate_ms"": 5.210137, ""final_state"": ""active"", ""max_delta_q_rad"": 0.011526133628396273, ""max_raw_qdot_rad_s"": 2.1836463794475187, ""max_filtered_qdot_rad_s"": 2.1836463794464014}",SUCCESS,200.23,3317.22,3517.45,NO
FAULT_SIG_02,1001,8d83b97cd88a99745195bb6a10cf689a27ab4987,2026-10-04T07:00:34,SIGKILL_WORKER,"{""target_node"": ""vision_agent"", ""signal"": ""SIGKILL"", ""initial_pid"": 1977902, ""replacement_pid"": 1977959, ""heartbeat_threshold_ms"": 200.0, ""model_load_strategy"": ""lightweight_lifecycle_coordinator""}","{""t_kill_ros_ns"": 1791097237399019563, ""t_detect_ros_ns"": 1791097237599893396, ""t_spawn_ros_ns"": 1791097237600889094, ""t_disc_ros_ns"": 1791097237890789749, ""t_cfg_ros_ns"": 1791097240378234509, ""t_act_ros_ns"": 1791097240383488594, ""spawn_ms"": 0.842522, ""discovery_ms"": 289.900655, ""configure_ms"": 2487.44476, ""activate_ms"": 5.254085, ""final_state"": ""active"", ""max_delta_q_rad"": 0.011526133628397162, ""max_raw_qdot_rad_s"": 2.1836463794477634, ""max_filtered_qdot_rad_s"": 2.1718115205081667}",SUCCESS,200.87,2783.60,2984.47,NO
FAULT_SIG_03,1002,8d83b97cd88a99745195bb6a10cf689a27ab4987,2026-10-04T07:00:40,SIGKILL_WORKER,"{""target_node"": ""vision_agent"", ""signal"": ""SIGKILL"", ""initial_pid"": 1977993, ""replacement_pid"": 1978157, ""heartbeat_threshold_ms"": 200.0, ""model_load_strategy"": ""lightweight_lifecycle_coordinator""}","{""t_kill_ros_ns"": 1791097243712602483, ""t_detect_ros_ns"": 1791097243912975784, ""t_spawn_ros_ns"": 1791097243913833108, ""t_disc_ros_ns"": 1791097244182074576, ""t_cfg_ros_ns"": 1791097245264324628, ""t_act_ros_ns"": 1791097245269525182, ""spawn_ms"": 0.70605, ""discovery_ms"": 268.241468, ""configure_ms"": 1082.250052, ""activate_ms"": 5.200554, ""final_state"": ""active"", ""max_delta_q_rad"": 0.011526133628391833, ""max_raw_qdot_rad_s"": 2.1836463794474676, ""max_filtered_qdot_rad_s"": 2.1688528057741188}",SUCCESS,200.37,1356.55,1556.92,NO
FAULT_SIG_04,1003,8d83b97cd88a99745195bb6a10cf689a27ab4987,2026-10-04T07:00:45,SIGKILL_WORKER,"{""target_node"": ""vision_agent"", ""signal"": ""SIGKILL"", ""initial_pid"": 1978210, ""replacement_pid"": 1978265, ""heartbeat_threshold_ms"": 200.0, ""model_load_strategy"": ""lightweight_lifecycle_coordinator""}","{""t_kill_ros_ns"": 1791097248601578228, ""t_detect_ros_ns"": 1791097248801637485, ""t_spawn_ros_ns"": 1791097248802305263, ""t_disc_ros_ns"": 1791097249076270000, ""t_cfg_ros_ns"": 1791097251278537554, ""t_act_ros_ns"": 1791097251283853654, ""spawn_ms"": 0.56084, ""discovery_ms"": 273.964737, ""configure_ms"": 2202.267554, ""activate_ms"": 5.3161, ""final_state"": ""active"", ""max_delta_q_rad"": 0.01152613362839805, ""max_raw_qdot_rad_s"": 2.183646379447429, ""max_filtered_qdot_rad_s"": 2.1836463794469796}",SUCCESS,200.06,2482.22,2682.28,NO
FAULT_SIG_05,1004,8d83b97cd88a99745195bb6a10cf689a27ab4987,2026-10-04T07:00:51,SIGKILL_WORKER,"{""target_node"": ""vision_agent"", ""signal"": ""SIGKILL"", ""initial_pid"": 1978299, ""replacement_pid"": 1978374, ""heartbeat_threshold_ms"": 200.0, ""model_load_strategy"": ""lightweight_lifecycle_coordinator""}","{""t_kill_ros_ns"": 1791097256025620088, ""t_detect_ros_ns"": 1791097256226482431, ""t_spawn_ros_ns"": 1791097256228196552, ""t_disc_ros_ns"": 1791097256502773603, ""t_cfg_ros_ns"": 1791097259535994552, ""t_act_ros_ns"": 1791097259541236816, ""spawn_ms"": 1.290469, ""discovery_ms"": 274.577051, ""configure_ms"": 3033.220949, ""activate_ms"": 5.242264, ""final_state"": ""active"", ""max_delta_q_rad"": 0.011526133628397162, ""max_raw_qdot_rad_s"": 2.1836463794474743, ""max_filtered_qdot_rad_s"": 2.183646379445946}",SUCCESS,200.86,3314.75,3515.62,NO
FAULT_SIG_06,1005,8d83b97cd88a99745195bb6a10cf689a27ab4987,2026-10-04T07:00:59,SIGKILL_WORKER,"{""target_node"": ""vision_agent"", ""signal"": ""SIGKILL"", ""initial_pid"": 1978412, ""replacement_pid"": 1978450, ""heartbeat_threshold_ms"": 200.0, ""model_load_strategy"": ""lightweight_lifecycle_coordinator""}","{""t_kill_ros_ns"": 1791097262324525654, ""t_detect_ros_ns"": 1791097262524784627, ""t_spawn_ros_ns"": 1791097262525836072, ""t_disc_ros_ns"": 1791097262804044691, ""t_cfg_ros_ns"": 1791097265294049583, ""t_act_ros_ns"": 1791097265299269440, ""spawn_ms"": 0.938965, ""discovery_ms"": 278.208619, ""configure_ms"": 2490.004892, ""activate_ms"": 5.219857, ""final_state"": ""active"", ""max_delta_q_rad"": 0.011526133628390056, ""max_raw_qdot_rad_s"": 2.183646379447251, ""max_filtered_qdot_rad_s"": 2.1688528057740717}",SUCCESS,200.26,2774.48,2974.74,NO
FAULT_SIG_07,1006,8d83b97cd88a99745195bb6a10cf689a27ab4987,2026-10-04T07:01:05,SIGKILL_WORKER,"{""target_node"": ""vision_agent"", ""signal"": ""SIGKILL"", ""initial_pid"": 1978503, ""replacement_pid"": 1978560, ""heartbeat_threshold_ms"": 200.0, ""model_load_strategy"": ""lightweight_lifecycle_coordinator""}","{""t_kill_ros_ns"": 1791097267790639343, ""t_detect_ros_ns"": 1791097267991319622, ""t_spawn_ros_ns"": 1791097267992386277, ""t_disc_ros_ns"": 1791097268266549034, ""t_cfg_ros_ns"": 1791097271296930063, ""t_act_ros_ns"": 1791097271302221033, ""spawn_ms"": 0.972082, ""discovery_ms"": 274.162757, ""configure_ms"": 3030.381029, ""activate_ms"": 5.29097, ""final_state"": ""active"", ""max_delta_q_rad"": 0.011526133628394497, ""max_raw_qdot_rad_s"": 2.1836463794474867, ""max_filtered_qdot_rad_s"": 2.183646379446815}",SUCCESS,200.68,3310.90,3511.58,NO
FAULT_SIG_08,1007,8d83b97cd88a99745195bb6a10cf689a27ab4987,2026-10-04T07:01:11,SIGKILL_WORKER,"{""target_node"": ""vision_agent"", ""signal"": ""SIGKILL"", ""initial_pid"": 1978595, ""replacement_pid"": 1978654, ""heartbeat_threshold_ms"": 200.0, ""model_load_strategy"": ""lightweight_lifecycle_coordinator""}","{""t_kill_ros_ns"": 1791097274646753490, ""t_detect_ros_ns"": 1791097274846938257, ""t_spawn_ros_ns"": 1791097274848194471, ""t_disc_ros_ns"": 1791097275144334045, ""t_cfg_ros_ns"": 1791097277517740624, ""t_act_ros_ns"": 1791097277523083088, ""spawn_ms"": 1.073651, ""discovery_ms"": 296.139574, ""configure_ms"": 2373.406579, ""activate_ms"": 5.342464, ""final_state"": ""active"", ""max_delta_q_rad"": 0.011526133628393609, ""max_raw_qdot_rad_s"": 2.183646379447298, ""max_filtered_qdot_rad_s"": 2.183646379446783}",SUCCESS,200.18,2676.14,2876.33,NO
FAULT_SIG_09,1008,8d83b97cd88a99745195bb6a10cf689a27ab4987,2026-10-04T07:01:17,SIGKILL_WORKER,"{""target_node"": ""vision_agent"", ""signal"": ""SIGKILL"", ""initial_pid"": 1978710, ""replacement_pid"": 1978748, ""heartbeat_threshold_ms"": 200.0, ""model_load_strategy"": ""lightweight_lifecycle_coordinator""}","{""t_kill_ros_ns"": 1791097282265091906, ""t_detect_ros_ns"": 1791097282465721677, ""t_spawn_ros_ns"": 1791097282467358470, ""t_disc_ros_ns"": 1791097283707704548, ""t_cfg_ros_ns"": 1791097286735993514, ""t_act_ros_ns"": 1791097286741233823, ""spawn_ms"": 1.438299, ""discovery_ms"": 1240.346078, ""configure_ms"": 3028.288966, ""activate_ms"": 5.240309, ""final_state"": ""active"", ""max_delta_q_rad"": 0.011526133628399826, ""max_raw_qdot_rad_s"": 2.1836463794472794, ""max_filtered_qdot_rad_s"": 2.183646379446312}",SUCCESS,200.63,4275.51,4476.14,NO
FAULT_SIG_10,1009,8d83b97cd88a99745195bb6a10cf689a27ab4987,2026-10-04T07:01:26,SIGKILL_WORKER,"{""target_node"": ""vision_agent"", ""signal"": ""SIGKILL"", ""initial_pid"": 1978819, ""replacement_pid"": 1978858, ""heartbeat_threshold_ms"": 200.0, ""model_load_strategy"": ""lightweight_lifecycle_coordinator""}","{""t_kill_ros_ns"": 1791097289349271856, ""t_detect_ros_ns"": 1791097289549355718, ""t_spawn_ros_ns"": 1791097289550514849, ""t_disc_ros_ns"": 1791097289825835072, ""t_cfg_ros_ns"": 1791097294261876811, ""t_act_ros_ns"": 1791097294267230661, ""spawn_ms"": 1.031856, ""discovery_ms"": 275.320223, ""configure_ms"": 4436.041739, ""activate_ms"": 5.35385, ""final_state"": ""active"", ""max_delta_q_rad"": 0.011526133628395385, ""max_raw_qdot_rad_s"": 2.1836463794473095, ""max_filtered_qdot_rad_s"": 2.1718115205083808}",SUCCESS,200.08,4717.87,4917.96,NO
FAULT_SIG_11,1010,8d83b97cd88a99745195bb6a10cf689a27ab4987,2026-10-04T07:01:34,SIGKILL_WORKER,"{""target_node"": ""vision_agent"", ""signal"": ""SIGKILL"", ""initial_pid"": 1978898, ""replacement_pid"": 1978972, ""heartbeat_threshold_ms"": 200.0, ""model_load_strategy"": ""lightweight_lifecycle_coordinator""}","{""t_kill_ros_ns"": 1791097297594470870, ""t_detect_ros_ns"": 1791097297794904821, ""t_spawn_ros_ns"": 1791097297796103581, ""t_disc_ros_ns"": 1791097299035442523, ""t_cfg_ros_ns"": 1791097300575347459, ""t_act_ros_ns"": 1791097300580635519, ""spawn_ms"": 1.062496, ""discovery_ms"": 1239.338942, ""configure_ms"": 1539.904936, ""activate_ms"": 5.28806, ""final_state"": ""active"", ""max_delta_q_rad"": 0.011526133628395385, ""max_raw_qdot_rad_s"": 2.1836463794474557, ""max_filtered_qdot_rad_s"": 2.16885280577428}",SUCCESS,200.43,2785.73,2986.16,NO
FAULT_SIG_12,1011,8d83b97cd88a99745195bb6a10cf689a27ab4987,2026-10-04T07:01:40,SIGKILL_WORKER,"{""target_node"": ""vision_agent"", ""signal"": ""SIGKILL"", ""initial_pid"": 1979006, ""replacement_pid"": 1979063, ""heartbeat_threshold_ms"": 200.0, ""model_load_strategy"": ""lightweight_lifecycle_coordinator""}","{""t_kill_ros_ns"": 1791097305294459252, ""t_detect_ros_ns"": 1791097305494634852, ""t_spawn_ros_ns"": 1791097305496066144, ""t_disc_ros_ns"": 1791097305760676678, ""t_cfg_ros_ns"": 1791097308788841950, ""t_act_ros_ns"": 1791097308794189304, ""spawn_ms"": 1.268515, ""discovery_ms"": 264.610534, ""configure_ms"": 3028.165272, ""activate_ms"": 5.347354, ""final_state"": ""active"", ""max_delta_q_rad"": 0.01152613362839272, ""max_raw_qdot_rad_s"": 2.183646379447373, ""max_filtered_qdot_rad_s"": 2.1836463794466523}",SUCCESS,200.18,3299.55,3499.73,NO
FAULT_SIG_13,1012,8d83b97cd88a99745195bb6a10cf689a27ab4987,2026-10-04T07:01:48,SIGKILL_WORKER,"{""target_node"": ""vision_agent"", ""signal"": ""SIGKILL"", ""initial_pid"": 1979124, ""replacement_pid"": 1979163, ""heartbeat_threshold_ms"": 200.0, ""model_load_strategy"": ""lightweight_lifecycle_coordinator""}","{""t_kill_ros_ns"": 1791097313071422696, ""t_detect_ros_ns"": 1791097313272067736, ""t_spawn_ros_ns"": 1791097313273305061, ""t_disc_ros_ns"": 1791097314502335237, ""t_cfg_ros_ns"": 1791097317975146341, ""t_act_ros_ns"": 1791097317980313412, ""spawn_ms"": 1.105352, ""discovery_ms"": 1229.030176, ""configure_ms"": 3472.811104, ""activate_ms"": 5.167071, ""final_state"": ""active"", ""max_delta_q_rad"": 0.011526133628397162, ""max_raw_qdot_rad_s"": 2.183646379447648, ""max_filtered_qdot_rad_s"": 2.1718115205076565}",SUCCESS,200.65,4708.25,4908.89,NO
FAULT_SIG_14,1013,8d83b97cd88a99745195bb6a10cf689a27ab4987,2026-10-04T07:01:57,SIGKILL_WORKER,"{""target_node"": ""vision_agent"", ""signal"": ""SIGKILL"", ""initial_pid"": 1979239, ""replacement_pid"": 1979273, ""heartbeat_threshold_ms"": 200.0, ""model_load_strategy"": ""lightweight_lifecycle_coordinator""}","{""t_kill_ros_ns"": 1791097320480555356, ""t_detect_ros_ns"": 1791097320681109758, ""t_spawn_ros_ns"": 1791097320682764229, ""t_disc_ros_ns"": 1791097320955033346, ""t_cfg_ros_ns"": 1791097323987173718, ""t_act_ros_ns"": 1791097323992682746, ""spawn_ms"": 1.359161, ""discovery_ms"": 272.269117, ""configure_ms"": 3032.140372, ""activate_ms"": 5.509028, ""final_state"": ""active"", ""max_delta_q_rad"": 0.011526133628395385, ""max_raw_qdot_rad_s"": 2.183646379447306, ""max_filtered_qdot_rad_s"": 2.1836463794464}",SUCCESS,200.55,3311.57,3512.13,NO
FAULT_SIG_15,1014,8d83b97cd88a99745195bb6a10cf689a27ab4987,2026-10-04T07:02:04,SIGKILL_WORKER,"{""target_node"": ""vision_agent"", ""signal"": ""SIGKILL"", ""initial_pid"": 1979311, ""replacement_pid"": 1979386, ""heartbeat_threshold_ms"": 200.0, ""model_load_strategy"": ""lightweight_lifecycle_coordinator""}","{""t_kill_ros_ns"": 1791097328278249616, ""t_detect_ros_ns"": 1791097328478822052, ""t_spawn_ros_ns"": 1791097328480845689, ""t_disc_ros_ns"": 1791097328762092428, ""t_cfg_ros_ns"": 1791097333205404265, ""t_act_ros_ns"": 1791097333210582382, ""spawn_ms"": 1.606705, ""discovery_ms"": 281.246739, ""configure_ms"": 4443.311837, ""activate_ms"": 5.178117, ""final_state"": ""active"", ""max_delta_q_rad"": 0.01152613362839272, ""max_raw_qdot_rad_s"": 2.183646379447297, ""max_filtered_qdot_rad_s"": 2.1718115205078554}",SUCCESS,200.57,4731.76,4932.33,NO
FAULT_SIG_16,1015,8d83b97cd88a99745195bb6a10cf689a27ab4987,2026-10-04T07:02:13,SIGKILL_WORKER,"{""target_node"": ""vision_agent"", ""signal"": ""SIGKILL"", ""initial_pid"": 1979425, ""replacement_pid"": 1979496, ""heartbeat_threshold_ms"": 200.0, ""model_load_strategy"": ""lightweight_lifecycle_coordinator""}","{""t_kill_ros_ns"": 1791097336539455417, ""t_detect_ros_ns"": 1791097336740420514, ""t_spawn_ros_ns"": 1791097336741410127, ""t_disc_ros_ns"": 1791097337979210681, ""t_cfg_ros_ns"": 1791097339017743069, ""t_act_ros_ns"": 1791097339022907489, ""spawn_ms"": 0.82067, ""discovery_ms"": 1237.800554, ""configure_ms"": 1038.532388, ""activate_ms"": 5.16442, ""final_state"": ""active"", ""max_delta_q_rad"": 0.011526133628396273, ""max_raw_qdot_rad_s"": 2.183646379447564, ""max_filtered_qdot_rad_s"": 2.1836463794463907}",SUCCESS,200.97,2282.49,2483.45,NO
FAULT_SIG_17,1016,8d83b97cd88a99745195bb6a10cf689a27ab4987,2026-10-04T07:02:19,SIGKILL_WORKER,"{""target_node"": ""vision_agent"", ""signal"": ""SIGKILL"", ""initial_pid"": 1979534, ""replacement_pid"": 1979572, ""heartbeat_threshold_ms"": 200.0, ""model_load_strategy"": ""lightweight_lifecycle_coordinator""}","{""t_kill_ros_ns"": 1791097343757416607, ""t_detect_ros_ns"": 1791097343957527562, ""t_spawn_ros_ns"": 1791097343958429009, ""t_disc_ros_ns"": 1791097345197956287, ""t_cfg_ros_ns"": 1791097347338693377, ""t_act_ros_ns"": 1791097347343958685, ""spawn_ms"": 0.77945, ""discovery_ms"": 1239.527278, ""configure_ms"": 2140.73709, ""activate_ms"": 5.265308, ""final_state"": ""active"", ""max_delta_q_rad"": 0.011526133628400714, ""max_raw_qdot_rad_s"": 2.1836463794475396, ""max_filtered_qdot_rad_s"": 2.1836463794465493}",SUCCESS,200.11,3386.43,3586.54,NO
FAULT_SIG_18,1017,8d83b97cd88a99745195bb6a10cf689a27ab4987,2026-10-04T07:02:27,SIGKILL_WORKER,"{""target_node"": ""vision_agent"", ""signal"": ""SIGKILL"", ""initial_pid"": 1979648, ""replacement_pid"": 1979682, ""heartbeat_threshold_ms"": 200.0, ""model_load_strategy"": ""lightweight_lifecycle_coordinator""}","{""t_kill_ros_ns"": 1791097350671879207, ""t_detect_ros_ns"": 1791097350872425263, ""t_spawn_ros_ns"": 1791097350874023354, ""t_disc_ros_ns"": 1791097352104920828, ""t_cfg_ros_ns"": 1791097353346758207, ""t_act_ros_ns"": 1791097353352226483, ""spawn_ms"": 1.444917, ""discovery_ms"": 1230.897474, ""configure_ms"": 1241.837379, ""activate_ms"": 5.468276, ""final_state"": ""active"", ""max_delta_q_rad"": 0.011526133628391833, ""max_raw_qdot_rad_s"": 2.1836463794472345, ""max_filtered_qdot_rad_s"": 2.1718115205082453}",SUCCESS,200.55,2479.80,2680.35,NO
FAULT_SIG_19,1018,8d83b97cd88a99745195bb6a10cf689a27ab4987,2026-10-04T07:02:33,SIGKILL_WORKER,"{""target_node"": ""vision_agent"", ""signal"": ""SIGKILL"", ""initial_pid"": 1979720, ""replacement_pid"": 1979795, ""heartbeat_threshold_ms"": 200.0, ""model_load_strategy"": ""lightweight_lifecycle_coordinator""}","{""t_kill_ros_ns"": 1791097358091394717, ""t_detect_ros_ns"": 1791097358291962276, ""t_spawn_ros_ns"": 1791097358294400181, ""t_disc_ros_ns"": 1791097359554435638, ""t_cfg_ros_ns"": 1791097361703284592, ""t_act_ros_ns"": 1791097361708463952, ""spawn_ms"": 1.984519, ""discovery_ms"": 1260.035457, ""configure_ms"": 2148.848954, ""activate_ms"": 5.17936, ""final_state"": ""active"", ""max_delta_q_rad"": 0.011526133628390056, ""max_raw_qdot_rad_s"": 2.1836463794474987, ""max_filtered_qdot_rad_s"": 2.1688528057742227}",SUCCESS,200.57,3416.50,3617.07,NO
FAULT_SIG_20,1019,8d83b97cd88a99745195bb6a10cf689a27ab4987,2026-10-04T07:02:41,SIGKILL_WORKER,"{""target_node"": ""vision_agent"", ""signal"": ""SIGKILL"", ""initial_pid"": 1979832, ""replacement_pid"": 1979870, ""heartbeat_threshold_ms"": 200.0, ""model_load_strategy"": ""lightweight_lifecycle_coordinator""}","{""t_kill_ros_ns"": 1791097364245164204, ""t_detect_ros_ns"": 1791097364446404046, ""t_spawn_ros_ns"": 1791097364447775172, ""t_disc_ros_ns"": 1791097365684590604, ""t_cfg_ros_ns"": 1791097367825428736, ""t_act_ros_ns"": 1791097367830670409, ""spawn_ms"": 1.149896, ""discovery_ms"": 1236.815432, ""configure_ms"": 2140.838132, ""activate_ms"": 5.241673, ""final_state"": ""active"", ""max_delta_q_rad"": 0.01152613362839272, ""max_raw_qdot_rad_s"": 2.183646379447184, ""max_filtered_qdot_rad_s"": 2.171811520508378}",SUCCESS,201.24,3384.27,3585.51,NO
FAULT_SIG_21,1020,8d83b97cd88a99745195bb6a10cf689a27ab4987,2026-10-04T07:02:47,SIGKILL_WORKER,"{""target_node"": ""vision_agent"", ""signal"": ""SIGKILL"", ""initial_pid"": 1979945, ""replacement_pid"": 1979979, ""heartbeat_threshold_ms"": 200.0, ""model_load_strategy"": ""lightweight_lifecycle_coordinator""}","{""t_kill_ros_ns"": 1791097370464340224, ""t_detect_ros_ns"": 1791097370665485946, ""t_spawn_ros_ns"": 1791097370667415970, ""t_disc_ros_ns"": 1791097371897290097, ""t_cfg_ros_ns"": 1791097374041683836, ""t_act_ros_ns"": 1791097374046987225, ""spawn_ms"": 1.492875, ""discovery_ms"": 1229.874127, ""configure_ms"": 2144.393739, ""activate_ms"": 5.303389, ""final_state"": ""active"", ""max_delta_q_rad"": 0.011526133628393609, ""max_raw_qdot_rad_s"": 2.1836463794476497, ""max_filtered_qdot_rad_s"": 2.1718115205081476}",SUCCESS,201.15,3381.50,3582.65,NO
FAULT_SIG_22,1021,8d83b97cd88a99745195bb6a10cf689a27ab4987,2026-10-04T07:02:54,SIGKILL_WORKER,"{""target_node"": ""vision_agent"", ""signal"": ""SIGKILL"", ""initial_pid"": 1980017, ""replacement_pid"": 1980087, ""heartbeat_threshold_ms"": 200.0, ""model_load_strategy"": ""lightweight_lifecycle_coordinator""}","{""t_kill_ros_ns"": 1791097376548325358, ""t_detect_ros_ns"": 1791097376748517170, ""t_spawn_ros_ns"": 1791097376749166169, ""t_disc_ros_ns"": 1791097377968527757, ""t_cfg_ros_ns"": 1791097380334929552, ""t_act_ros_ns"": 1791097380340511849, ""spawn_ms"": 0.487284, ""discovery_ms"": 1219.361588, ""configure_ms"": 2366.401795, ""activate_ms"": 5.582297, ""final_state"": ""active"", ""max_delta_q_rad"": 0.011526133628394497, ""max_raw_qdot_rad_s"": 2.1836463794473513, ""max_filtered_qdot_rad_s"": 2.1836463794464196}",SUCCESS,200.19,3591.99,3792.19,NO
FAULT_SIG_23,1022,8d83b97cd88a99745195bb6a10cf689a27ab4987,2026-10-04T07:03:00,SIGKILL_WORKER,"{""target_node"": ""vision_agent"", ""signal"": ""SIGKILL"", ""initial_pid"": 1980125, ""replacement_pid"": 1980182, ""heartbeat_threshold_ms"": 200.0, ""model_load_strategy"": ""lightweight_lifecycle_coordinator""}","{""t_kill_ros_ns"": 1791097385054792534, ""t_detect_ros_ns"": 1791097385255854889, ""t_spawn_ros_ns"": 1791097385257560651, ""t_disc_ros_ns"": 1791097386499026324, ""t_cfg_ros_ns"": 1791097389528640725, ""t_act_ros_ns"": 1791097389533882786, ""spawn_ms"": 1.321352, ""discovery_ms"": 1241.465673, ""configure_ms"": 3029.614401, ""activate_ms"": 5.242061, ""final_state"": ""active"", ""max_delta_q_rad"": 0.011526133628393609, ""max_raw_qdot_rad_s"": 2.183646379447541, ""max_filtered_qdot_rad_s"": 2.1718115205081747}",SUCCESS,201.06,4278.03,4479.09,NO
FAULT_SIG_24,1023,8d83b97cd88a99745195bb6a10cf689a27ab4987,2026-10-04T07:03:09,SIGKILL_WORKER,"{""target_node"": ""vision_agent"", ""signal"": ""SIGKILL"", ""initial_pid"": 1980238, ""replacement_pid"": 1980276, ""heartbeat_threshold_ms"": 200.0, ""model_load_strategy"": ""lightweight_lifecycle_coordinator""}","{""t_kill_ros_ns"": 1791097392316113612, ""t_detect_ros_ns"": 1791097392516860916, ""t_spawn_ros_ns"": 1791097392517857727, ""t_disc_ros_ns"": 1791097393751329826, ""t_cfg_ros_ns"": 1791097395322453997, ""t_act_ros_ns"": 1791097395327644758, ""spawn_ms"": 0.885346, ""discovery_ms"": 1233.472099, ""configure_ms"": 1571.124171, ""activate_ms"": 5.190761, ""final_state"": ""active"", ""max_delta_q_rad"": 0.01152613362839805, ""max_raw_qdot_rad_s"": 2.1836463794473153, ""max_filtered_qdot_rad_s"": 2.1836463794468957}",SUCCESS,200.75,2810.78,3011.53,NO
FAULT_SIG_25,1024,8d83b97cd88a99745195bb6a10cf689a27ab4987,2026-10-04T07:03:15,SIGKILL_WORKER,"{""target_node"": ""vision_agent"", ""signal"": ""SIGKILL"", ""initial_pid"": 1980330, ""replacement_pid"": 1980386, ""heartbeat_threshold_ms"": 200.0, ""model_load_strategy"": ""lightweight_lifecycle_coordinator""}","{""t_kill_ros_ns"": 1791097398720374776, ""t_detect_ros_ns"": 1791097398920438096, ""t_spawn_ros_ns"": 1791097398921557312, ""t_disc_ros_ns"": 1791097400157942901, ""t_cfg_ros_ns"": 1791097401405927171, ""t_act_ros_ns"": 1791097401411204828, ""spawn_ms"": 0.841005, ""discovery_ms"": 1236.385589, ""configure_ms"": 1247.98427, ""activate_ms"": 5.277657, ""final_state"": ""active"", ""max_delta_q_rad"": 0.011526133628390944, ""max_raw_qdot_rad_s"": 2.1836463794475494, ""max_filtered_qdot_rad_s"": 2.1718115205079136}",SUCCESS,200.06,2490.77,2690.83,NO
FAULT_SIG_26,1025,8d83b97cd88a99745195bb6a10cf689a27ab4987,2026-10-04T07:03:21,SIGKILL_WORKER,"{""target_node"": ""vision_agent"", ""signal"": ""SIGKILL"", ""initial_pid"": 1980420, ""replacement_pid"": 1980496, ""heartbeat_threshold_ms"": 200.0, ""model_load_strategy"": ""lightweight_lifecycle_coordinator""}","{""t_kill_ros_ns"": 1791097406136886166, ""t_detect_ros_ns"": 1791097406337305812, ""t_spawn_ros_ns"": 1791097406339097820, ""t_disc_ros_ns"": 1791097407578695152, ""t_cfg_ros_ns"": 1791097409717986056, ""t_act_ros_ns"": 1791097409723191339, ""spawn_ms"": 1.311727, ""discovery_ms"": 1239.597332, ""configure_ms"": 2139.290904, ""activate_ms"": 5.205283, ""final_state"": ""active"", ""max_delta_q_rad"": 0.011526133628394497, ""max_raw_qdot_rad_s"": 2.183646379447638, ""max_filtered_qdot_rad_s"": 2.1688528057742174}",SUCCESS,200.42,3385.89,3586.31,NO
FAULT_SIG_27,1026,8d83b97cd88a99745195bb6a10cf689a27ab4987,2026-10-04T07:03:29,SIGKILL_WORKER,"{""target_node"": ""vision_agent"", ""signal"": ""SIGKILL"", ""initial_pid"": 1980534, ""replacement_pid"": 1980572, ""heartbeat_threshold_ms"": 200.0, ""model_load_strategy"": ""lightweight_lifecycle_coordinator""}","{""t_kill_ros_ns"": 1791097412356354519, ""t_detect_ros_ns"": 1791097412557150872, ""t_spawn_ros_ns"": 1791097412559632005, ""t_disc_ros_ns"": 1791097413785721133, ""t_cfg_ros_ns"": 1791097417269883754, ""t_act_ros_ns"": 1791097417275049227, ""spawn_ms"": 2.334494, ""discovery_ms"": 1226.089128, ""configure_ms"": 3484.162621, ""activate_ms"": 5.165473, ""final_state"": ""active"", ""max_delta_q_rad"": 0.011526133628395385, ""max_raw_qdot_rad_s"": 2.1836463794474055, ""max_filtered_qdot_rad_s"": 2.1836463794473}",SUCCESS,200.80,4717.90,4918.69,NO
FAULT_SIG_28,1027,8d83b97cd88a99745195bb6a10cf689a27ab4987,2026-10-04T07:03:37,SIGKILL_WORKER,"{""target_node"": ""vision_agent"", ""signal"": ""SIGKILL"", ""initial_pid"": 1980644, ""replacement_pid"": 1980682, ""heartbeat_threshold_ms"": 200.0, ""model_load_strategy"": ""lightweight_lifecycle_coordinator""}","{""t_kill_ros_ns"": 1791097420666552387, ""t_detect_ros_ns"": 1791097420867653441, ""t_spawn_ros_ns"": 1791097420869662981, ""t_disc_ros_ns"": 1791097422108037110, ""t_cfg_ros_ns"": 1791097423016781847, ""t_act_ros_ns"": 1791097423022201992, ""spawn_ms"": 1.727643, ""discovery_ms"": 1238.374129, ""configure_ms"": 908.744737, ""activate_ms"": 5.420145, ""final_state"": ""active"", ""max_delta_q_rad"": 0.011526133628390944, ""max_raw_qdot_rad_s"": 2.1836463794476604, ""max_filtered_qdot_rad_s"": 2.1836463794464693}",SUCCESS,201.10,2154.55,2355.65,NO
FAULT_SIG_29,1028,8d83b97cd88a99745195bb6a10cf689a27ab4987,2026-10-04T07:03:43,SIGKILL_WORKER,"{""target_node"": ""vision_agent"", ""signal"": ""SIGKILL"", ""initial_pid"": 1980724, ""replacement_pid"": 1980795, ""heartbeat_threshold_ms"": 200.0, ""model_load_strategy"": ""lightweight_lifecycle_coordinator""}","{""t_kill_ros_ns"": 1791097426412097115, ""t_detect_ros_ns"": 1791097426612164637, ""t_spawn_ros_ns"": 1791097426614063302, ""t_disc_ros_ns"": 1791097427838228269, ""t_cfg_ros_ns"": 1791097429371371577, ""t_act_ros_ns"": 1791097429376662919, ""spawn_ms"": 1.417136, ""discovery_ms"": 1224.164967, ""configure_ms"": 1533.143308, ""activate_ms"": 5.291342, ""final_state"": ""active"", ""max_delta_q_rad"": 0.011526133628391833, ""max_raw_qdot_rad_s"": 2.1836463794475405, ""max_filtered_qdot_rad_s"": 2.1836463794468073}",SUCCESS,200.07,2764.50,2964.57,NO
FAULT_SIG_30,1029,8d83b97cd88a99745195bb6a10cf689a27ab4987,2026-10-04T07:03:49,SIGKILL_WORKER,"{""target_node"": ""vision_agent"", ""signal"": ""SIGKILL"", ""initial_pid"": 1980903, ""replacement_pid"": 1980947, ""heartbeat_threshold_ms"": 200.0, ""model_load_strategy"": ""lightweight_lifecycle_coordinator""}","{""t_kill_ros_ns"": 1791097431870213188, ""t_detect_ros_ns"": 1791097432071292089, ""t_spawn_ros_ns"": 1791097432073249785, ""t_disc_ros_ns"": 1791097433302845754, ""t_cfg_ros_ns"": 1791097435440005914, ""t_act_ros_ns"": 1791097435445481427, ""spawn_ms"": 1.818509, ""discovery_ms"": 1229.595969, ""configure_ms"": 2137.16016, ""activate_ms"": 5.475513, ""final_state"": ""active"", ""max_delta_q_rad"": 0.011526133628394497, ""max_raw_qdot_rad_s"": 2.183646379447329, ""max_filtered_qdot_rad_s"": 2.1836463794465693}",SUCCESS,201.08,3374.19,3575.27,NO
FAULT_OPT_01,2000,8d83b97cd88a99745195bb6a10cf689a27ab4987,2026-10-04T07:04:09,OPTICAL_DISCONNECT,"{""camera_topic"": ""/top_camera/image_raw"", ""frame_rate_hz"": 30.0, ""deadline_threshold_ms"": 100.0, ""injected_frame_bytes"": 0, ""zero_frames_count"": 1}","{""t_inject_ros_ns"": 1791097449089323363, ""t_detect_ros_ns"": 1791097452162947774, ""t_fallback_ros_ns"": 1791097452162967273, ""retained_objects_count"": 1, ""scene_confidence"": 0.9419999718666077, ""max_delta_q_rad"": 0.011526133628387392, ""max_raw_qdot_rad_s"": 2.183646379446767, ""max_filtered_qdot_rad_s"": 2.1836463794464533}",SUCCESS,3073.62,0.02,3073.64,NO
FAULT_OPT_02,2001,8d83b97cd88a99745195bb6a10cf689a27ab4987,2026-10-04T07:04:12,OPTICAL_DISCONNECT,"{""camera_topic"": ""/top_camera/image_raw"", ""frame_rate_hz"": 30.0, ""deadline_threshold_ms"": 100.0, ""injected_frame_bytes"": 0, ""zero_frames_count"": 3}","{""t_inject_ros_ns"": 1791097452163647758, ""t_detect_ros_ns"": 1791097452264550652, ""t_fallback_ros_ns"": 1791097452264568174, ""retained_objects_count"": 1, ""scene_confidence"": 0.9419999718666077, ""max_delta_q_rad"": 0.01152613362838828, ""max_raw_qdot_rad_s"": 2.1836463794470533, ""max_filtered_qdot_rad_s"": 2.171811520508228}",SUCCESS,100.90,0.02,100.92,NO
FAULT_OPT_03,2002,8d83b97cd88a99745195bb6a10cf689a27ab4987,2026-10-04T07:04:12,OPTICAL_DISCONNECT,"{""camera_topic"": ""/top_camera/image_raw"", ""frame_rate_hz"": 30.0, ""deadline_threshold_ms"": 100.0, ""injected_frame_bytes"": 0, ""zero_frames_count"": 3}","{""t_inject_ros_ns"": 1791097452265072945, ""t_detect_ros_ns"": 1791097452367031846, ""t_fallback_ros_ns"": 1791097452367050011, ""retained_objects_count"": 1, ""scene_confidence"": 0.9419999718666077, ""max_delta_q_rad"": 0.011526133628395385, ""max_raw_qdot_rad_s"": 2.1836463794471856, ""max_filtered_qdot_rad_s"": 2.1836463794461007}",SUCCESS,101.96,0.02,101.98,NO
FAULT_OPT_04,2003,8d83b97cd88a99745195bb6a10cf689a27ab4987,2026-10-04T07:04:12,OPTICAL_DISCONNECT,"{""camera_topic"": ""/top_camera/image_raw"", ""frame_rate_hz"": 30.0, ""deadline_threshold_ms"": 100.0, ""injected_frame_bytes"": 0, ""zero_frames_count"": 3}","{""t_inject_ros_ns"": 1791097452367150332, ""t_detect_ros_ns"": 1791097452468767217, ""t_fallback_ros_ns"": 1791097452468783158, ""retained_objects_count"": 1, ""scene_confidence"": 0.9419999718666077, ""max_delta_q_rad"": 0.011526133628386503, ""max_raw_qdot_rad_s"": 2.183646379447379, ""max_filtered_qdot_rad_s"": 2.1836463794469463}",SUCCESS,101.62,0.02,101.63,NO
FAULT_OPT_05,2004,8d83b97cd88a99745195bb6a10cf689a27ab4987,2026-10-04T07:04:12,OPTICAL_DISCONNECT,"{""camera_topic"": ""/top_camera/image_raw"", ""frame_rate_hz"": 30.0, ""deadline_threshold_ms"": 100.0, ""injected_frame_bytes"": 0, ""zero_frames_count"": 3}","{""t_inject_ros_ns"": 1791097452468872900, ""t_detect_ros_ns"": 1791097452570074584, ""t_fallback_ros_ns"": 1791097452570090463, ""retained_objects_count"": 1, ""scene_confidence"": 0.9419999718666077, ""max_delta_q_rad"": 0.01152613362838828, ""max_raw_qdot_rad_s"": 2.183646379447489, ""max_filtered_qdot_rad_s"": 2.1836463794469734}",SUCCESS,101.20,0.02,101.22,NO
FAULT_OPT_06,2005,8d83b97cd88a99745195bb6a10cf689a27ab4987,2026-10-04T07:04:12,OPTICAL_DISCONNECT,"{""camera_topic"": ""/top_camera/image_raw"", ""frame_rate_hz"": 30.0, ""deadline_threshold_ms"": 100.0, ""injected_frame_bytes"": 0, ""zero_frames_count"": 3}","{""t_inject_ros_ns"": 1791097452570175456, ""t_detect_ros_ns"": 1791097452672140118, ""t_fallback_ros_ns"": 1791097452672164635, ""retained_objects_count"": 1, ""scene_confidence"": 0.9419999718666077, ""max_delta_q_rad"": 0.011526133628389168, ""max_raw_qdot_rad_s"": 2.1836463794475263, ""max_filtered_qdot_rad_s"": 2.168852805774084}",SUCCESS,101.96,0.03,101.99,NO
FAULT_OPT_07,2006,8d83b97cd88a99745195bb6a10cf689a27ab4987,2026-10-04T07:04:12,OPTICAL_DISCONNECT,"{""camera_topic"": ""/top_camera/image_raw"", ""frame_rate_hz"": 30.0, ""deadline_threshold_ms"": 100.0, ""injected_frame_bytes"": 0, ""zero_frames_count"": 3}","{""t_inject_ros_ns"": 1791097452672308136, ""t_detect_ros_ns"": 1791097452773405222, ""t_fallback_ros_ns"": 1791097452773425261, ""retained_objects_count"": 1, ""scene_confidence"": 0.9419999718666077, ""max_delta_q_rad"": 0.011526133628393609, ""max_raw_qdot_rad_s"": 2.1836463794472176, ""max_filtered_qdot_rad_s"": 2.168852805773782}",SUCCESS,101.10,0.02,101.12,NO
FAULT_OPT_08,2007,8d83b97cd88a99745195bb6a10cf689a27ab4987,2026-10-04T07:04:12,OPTICAL_DISCONNECT,"{""camera_topic"": ""/top_camera/image_raw"", ""frame_rate_hz"": 30.0, ""deadline_threshold_ms"": 100.0, ""injected_frame_bytes"": 0, ""zero_frames_count"": 3}","{""t_inject_ros_ns"": 1791097452773510146, ""t_detect_ros_ns"": 1791097452874768519, ""t_fallback_ros_ns"": 1791097452874812838, ""retained_objects_count"": 1, ""scene_confidence"": 0.9419999718666077, ""max_delta_q_rad"": 0.011526133628390056, ""max_raw_qdot_rad_s"": 2.1836463794470458, ""max_filtered_qdot_rad_s"": 2.18364637944674}",SUCCESS,101.26,0.05,101.30,NO
FAULT_OPT_09,2008,8d83b97cd88a99745195bb6a10cf689a27ab4987,2026-10-04T07:04:12,OPTICAL_DISCONNECT,"{""camera_topic"": ""/top_camera/image_raw"", ""frame_rate_hz"": 30.0, ""deadline_threshold_ms"": 100.0, ""injected_frame_bytes"": 0, ""zero_frames_count"": 3}","{""t_inject_ros_ns"": 1791097452874896092, ""t_detect_ros_ns"": 1791097452975979355, ""t_fallback_ros_ns"": 1791097452975996400, ""retained_objects_count"": 1, ""scene_confidence"": 0.9419999718666077, ""max_delta_q_rad"": 0.011526133628390056, ""max_raw_qdot_rad_s"": 2.1836463794470165, ""max_filtered_qdot_rad_s"": 2.168852805773628}",SUCCESS,101.08,0.02,101.10,NO
FAULT_OPT_10,2009,8d83b97cd88a99745195bb6a10cf689a27ab4987,2026-10-04T07:04:12,OPTICAL_DISCONNECT,"{""camera_topic"": ""/top_camera/image_raw"", ""frame_rate_hz"": 30.0, ""deadline_threshold_ms"": 100.0, ""injected_frame_bytes"": 0, ""zero_frames_count"": 3}","{""t_inject_ros_ns"": 1791097452976177850, ""t_detect_ros_ns"": 1791097453077667833, ""t_fallback_ros_ns"": 1791097453077698726, ""retained_objects_count"": 1, ""scene_confidence"": 0.9419999718666077, ""max_delta_q_rad"": 0.011526133628389168, ""max_raw_qdot_rad_s"": 2.183646379447039, ""max_filtered_qdot_rad_s"": 2.168852805773937}",SUCCESS,101.49,0.04,101.52,NO
FAULT_OPT_11,2010,8d83b97cd88a99745195bb6a10cf689a27ab4987,2026-10-04T07:04:13,OPTICAL_DISCONNECT,"{""camera_topic"": ""/top_camera/image_raw"", ""frame_rate_hz"": 30.0, ""deadline_threshold_ms"": 100.0, ""injected_frame_bytes"": 0, ""zero_frames_count"": 3}","{""t_inject_ros_ns"": 1791097453077799149, ""t_detect_ros_ns"": 1791097453179287649, ""t_fallback_ros_ns"": 1791097453179303705, ""retained_objects_count"": 1, ""scene_confidence"": 0.9419999718666077, ""max_delta_q_rad"": 0.011526133628396273, ""max_raw_qdot_rad_s"": 2.1836463794472603, ""max_filtered_qdot_rad_s"": 2.183646379445818}",SUCCESS,101.49,0.02,101.50,NO
FAULT_OPT_12,2011,8d83b97cd88a99745195bb6a10cf689a27ab4987,2026-10-04T07:04:13,OPTICAL_DISCONNECT,"{""camera_topic"": ""/top_camera/image_raw"", ""frame_rate_hz"": 30.0, ""deadline_threshold_ms"": 100.0, ""injected_frame_bytes"": 0, ""zero_frames_count"": 3}","{""t_inject_ros_ns"": 1791097453179420363, ""t_detect_ros_ns"": 1791097453281296272, ""t_fallback_ros_ns"": 1791097453281343227, ""retained_objects_count"": 1, ""scene_confidence"": 0.9419999718666077, ""max_delta_q_rad"": 0.011526133628390056, ""max_raw_qdot_rad_s"": 2.183646379447456, ""max_filtered_qdot_rad_s"": 2.183646379446908}",SUCCESS,101.88,0.05,101.92,NO
FAULT_OPT_13,2012,8d83b97cd88a99745195bb6a10cf689a27ab4987,2026-10-04T07:04:13,OPTICAL_DISCONNECT,"{""camera_topic"": ""/top_camera/image_raw"", ""frame_rate_hz"": 30.0, ""deadline_threshold_ms"": 100.0, ""injected_frame_bytes"": 0, ""zero_frames_count"": 3}","{""t_inject_ros_ns"": 1791097453281430518, ""t_detect_ros_ns"": 1791097453382388140, ""t_fallback_ros_ns"": 1791097453382410480, ""retained_objects_count"": 1, ""scene_confidence"": 0.9419999718666077, ""max_delta_q_rad"": 0.01152613362839272, ""max_raw_qdot_rad_s"": 2.1836463794471324, ""max_filtered_qdot_rad_s"": 2.1836463794468965}",SUCCESS,100.96,0.02,100.98,NO
FAULT_OPT_14,2013,8d83b97cd88a99745195bb6a10cf689a27ab4987,2026-10-04T07:04:13,OPTICAL_DISCONNECT,"{""camera_topic"": ""/top_camera/image_raw"", ""frame_rate_hz"": 30.0, ""deadline_threshold_ms"": 100.0, ""injected_frame_bytes"": 0, ""zero_frames_count"": 3}","{""t_inject_ros_ns"": 1791097453382554320, ""t_detect_ros_ns"": 1791097453483764030, ""t_fallback_ros_ns"": 1791097453483789197, ""retained_objects_count"": 1, ""scene_confidence"": 0.9419999718666077, ""max_delta_q_rad"": 0.011526133628389168, ""max_raw_qdot_rad_s"": 2.183646379447109, ""max_filtered_qdot_rad_s"": 2.1688528057736502}",SUCCESS,101.21,0.03,101.23,NO
FAULT_OPT_15,2014,8d83b97cd88a99745195bb6a10cf689a27ab4987,2026-10-04T07:04:13,OPTICAL_DISCONNECT,"{""camera_topic"": ""/top_camera/image_raw"", ""frame_rate_hz"": 30.0, ""deadline_threshold_ms"": 100.0, ""injected_frame_bytes"": 0, ""zero_frames_count"": 3}","{""t_inject_ros_ns"": 1791097453483880962, ""t_detect_ros_ns"": 1791097453584960384, ""t_fallback_ros_ns"": 1791097453584979347, ""retained_objects_count"": 1, ""scene_confidence"": 0.9419999718666077, ""max_delta_q_rad"": 0.011526133628396273, ""max_raw_qdot_rad_s"": 2.183646379446899, ""max_filtered_qdot_rad_s"": 2.183646379446278}",SUCCESS,101.08,0.02,101.10,NO
FAULT_OPT_16,2015,8d83b97cd88a99745195bb6a10cf689a27ab4987,2026-10-04T07:04:13,OPTICAL_DISCONNECT,"{""camera_topic"": ""/top_camera/image_raw"", ""frame_rate_hz"": 30.0, ""deadline_threshold_ms"": 100.0, ""injected_frame_bytes"": 0, ""zero_frames_count"": 3}","{""t_inject_ros_ns"": 1791097453585455257, ""t_detect_ros_ns"": 1791097453686741410, ""t_fallback_ros_ns"": 1791097453686759564, ""retained_objects_count"": 1, ""scene_confidence"": 0.9419999718666077, ""max_delta_q_rad"": 0.011526133628389168, ""max_raw_qdot_rad_s"": 2.1836463794472767, ""max_filtered_qdot_rad_s"": 2.1836463794468384}",SUCCESS,101.29,0.02,101.30,NO
FAULT_OPT_17,2016,8d83b97cd88a99745195bb6a10cf689a27ab4987,2026-10-04T07:04:13,OPTICAL_DISCONNECT,"{""camera_topic"": ""/top_camera/image_raw"", ""frame_rate_hz"": 30.0, ""deadline_threshold_ms"": 100.0, ""injected_frame_bytes"": 0, ""zero_frames_count"": 3}","{""t_inject_ros_ns"": 1791097453686855996, ""t_detect_ros_ns"": 1791097453787990206, ""t_fallback_ros_ns"": 1791097453788014510, ""retained_objects_count"": 1, ""scene_confidence"": 0.9419999718666077, ""max_delta_q_rad"": 0.011526133628390944, ""max_raw_qdot_rad_s"": 2.1836463794471492, ""max_filtered_qdot_rad_s"": 2.1688528057737377}",SUCCESS,101.13,0.03,101.16,NO
FAULT_OPT_18,2017,8d83b97cd88a99745195bb6a10cf689a27ab4987,2026-10-04T07:04:13,OPTICAL_DISCONNECT,"{""camera_topic"": ""/top_camera/image_raw"", ""frame_rate_hz"": 30.0, ""deadline_threshold_ms"": 100.0, ""injected_frame_bytes"": 0, ""zero_frames_count"": 3}","{""t_inject_ros_ns"": 1791097453788472118, ""t_detect_ros_ns"": 1791097453889760295, ""t_fallback_ros_ns"": 1791097453889779438, ""retained_objects_count"": 1, ""scene_confidence"": 0.9419999718666077, ""max_delta_q_rad"": 0.01152613362839272, ""max_raw_qdot_rad_s"": 2.183646379447008, ""max_filtered_qdot_rad_s"": 2.16885280577402}",SUCCESS,101.29,0.02,101.31,NO
FAULT_OPT_19,2018,8d83b97cd88a99745195bb6a10cf689a27ab4987,2026-10-04T07:04:13,OPTICAL_DISCONNECT,"{""camera_topic"": ""/top_camera/image_raw"", ""frame_rate_hz"": 30.0, ""deadline_threshold_ms"": 100.0, ""injected_frame_bytes"": 0, ""zero_frames_count"": 3}","{""t_inject_ros_ns"": 1791097453889874514, ""t_detect_ros_ns"": 1791097453991048625, ""t_fallback_ros_ns"": 1791097453991073149, ""retained_objects_count"": 1, ""scene_confidence"": 0.9419999718666077, ""max_delta_q_rad"": 0.011526133628387392, ""max_raw_qdot_rad_s"": 2.1836463794471825, ""max_filtered_qdot_rad_s"": 2.1836463794467256}",SUCCESS,101.17,0.03,101.20,NO
FAULT_OPT_20,2019,8d83b97cd88a99745195bb6a10cf689a27ab4987,2026-10-04T07:04:13,OPTICAL_DISCONNECT,"{""camera_topic"": ""/top_camera/image_raw"", ""frame_rate_hz"": 30.0, ""deadline_threshold_ms"": 100.0, ""injected_frame_bytes"": 0, ""zero_frames_count"": 3}","{""t_inject_ros_ns"": 1791097453991229496, ""t_detect_ros_ns"": 1791097454093003153, ""t_fallback_ros_ns"": 1791097454093031131, ""retained_objects_count"": 1, ""scene_confidence"": 0.9419999718666077, ""max_delta_q_rad"": 0.011526133628390056, ""max_raw_qdot_rad_s"": 2.183646379447429, ""max_filtered_qdot_rad_s"": 2.1688528057740415}",SUCCESS,101.77,0.03,101.80,NO
FAULT_OPT_21,2020,8d83b97cd88a99745195bb6a10cf689a27ab4987,2026-10-04T07:04:14,OPTICAL_DISCONNECT,"{""camera_topic"": ""/top_camera/image_raw"", ""frame_rate_hz"": 30.0, ""deadline_threshold_ms"": 100.0, ""injected_frame_bytes"": 0, ""zero_frames_count"": 3}","{""t_inject_ros_ns"": 1791097454093340320, ""t_detect_ros_ns"": 1791097454195061297, ""t_fallback_ros_ns"": 1791097454195079923, ""retained_objects_count"": 1, ""scene_confidence"": 0.9419999718666077, ""max_delta_q_rad"": 0.011526133628391833, ""max_raw_qdot_rad_s"": 2.183646379447539, ""max_filtered_qdot_rad_s"": 2.1688528057741623}",SUCCESS,101.72,0.02,101.74,NO
FAULT_OPT_22,2021,8d83b97cd88a99745195bb6a10cf689a27ab4987,2026-10-04T07:04:14,OPTICAL_DISCONNECT,"{""camera_topic"": ""/top_camera/image_raw"", ""frame_rate_hz"": 30.0, ""deadline_threshold_ms"": 100.0, ""injected_frame_bytes"": 0, ""zero_frames_count"": 3}","{""t_inject_ros_ns"": 1791097454195182101, ""t_detect_ros_ns"": 1791097454296715819, ""t_fallback_ros_ns"": 1791097454296736439, ""retained_objects_count"": 1, ""scene_confidence"": 0.9419999718666077, ""max_delta_q_rad"": 0.011526133628397162, ""max_raw_qdot_rad_s"": 2.1836463794468806, ""max_filtered_qdot_rad_s"": 2.1688528057734944}",SUCCESS,101.53,0.02,101.55,NO
FAULT_OPT_23,2022,8d83b97cd88a99745195bb6a10cf689a27ab4987,2026-10-04T07:04:14,OPTICAL_DISCONNECT,"{""camera_topic"": ""/top_camera/image_raw"", ""frame_rate_hz"": 30.0, ""deadline_threshold_ms"": 100.0, ""injected_frame_bytes"": 0, ""zero_frames_count"": 3}","{""t_inject_ros_ns"": 1791097454296836639, ""t_detect_ros_ns"": 1791097454398023307, ""t_fallback_ros_ns"": 1791097454398044368, ""retained_objects_count"": 1, ""scene_confidence"": 0.9419999718666077, ""max_delta_q_rad"": 0.011526133628395385, ""max_raw_qdot_rad_s"": 2.183646379447409, ""max_filtered_qdot_rad_s"": 2.1836463794462744}",SUCCESS,101.19,0.02,101.21,NO
FAULT_OPT_24,2023,8d83b97cd88a99745195bb6a10cf689a27ab4987,2026-10-04T07:04:14,OPTICAL_DISCONNECT,"{""camera_topic"": ""/top_camera/image_raw"", ""frame_rate_hz"": 30.0, ""deadline_threshold_ms"": 100.0, ""injected_frame_bytes"": 0, ""zero_frames_count"": 3}","{""t_inject_ros_ns"": 1791097454398129879, ""t_detect_ros_ns"": 1791097454499279918, ""t_fallback_ros_ns"": 1791097454499298130, ""retained_objects_count"": 1, ""scene_confidence"": 0.9419999718666077, ""max_delta_q_rad"": 0.011526133628395385, ""max_raw_qdot_rad_s"": 2.1836463794471386, ""max_filtered_qdot_rad_s"": 2.168852805773599}",SUCCESS,101.15,0.02,101.17,NO
FAULT_OPT_25,2024,8d83b97cd88a99745195bb6a10cf689a27ab4987,2026-10-04T07:04:14,OPTICAL_DISCONNECT,"{""camera_topic"": ""/top_camera/image_raw"", ""frame_rate_hz"": 30.0, ""deadline_threshold_ms"": 100.0, ""injected_frame_bytes"": 0, ""zero_frames_count"": 3}","{""t_inject_ros_ns"": 1791097454499496915, ""t_detect_ros_ns"": 1791097454600438996, ""t_fallback_ros_ns"": 1791097454600453944, ""retained_objects_count"": 1, ""scene_confidence"": 0.9419999718666077, ""max_delta_q_rad"": 0.011526133628396273, ""max_raw_qdot_rad_s"": 2.183646379447449, ""max_filtered_qdot_rad_s"": 2.1836463794462087}",SUCCESS,100.94,0.02,100.96,NO
FAULT_OPT_26,2025,8d83b97cd88a99745195bb6a10cf689a27ab4987,2026-10-04T07:04:14,OPTICAL_DISCONNECT,"{""camera_topic"": ""/top_camera/image_raw"", ""frame_rate_hz"": 30.0, ""deadline_threshold_ms"": 100.0, ""injected_frame_bytes"": 0, ""zero_frames_count"": 3}","{""t_inject_ros_ns"": 1791097454600570856, ""t_detect_ros_ns"": 1791097454701718225, ""t_fallback_ros_ns"": 1791097454701733456, ""retained_objects_count"": 1, ""scene_confidence"": 0.9419999718666077, ""max_delta_q_rad"": 0.011526133628397162, ""max_raw_qdot_rad_s"": 2.1836463794474748, ""max_filtered_qdot_rad_s"": 2.168852805774094}",SUCCESS,101.15,0.02,101.16,NO
FAULT_OPT_27,2026,8d83b97cd88a99745195bb6a10cf689a27ab4987,2026-10-04T07:04:14,OPTICAL_DISCONNECT,"{""camera_topic"": ""/top_camera/image_raw"", ""frame_rate_hz"": 30.0, ""deadline_threshold_ms"": 100.0, ""injected_frame_bytes"": 0, ""zero_frames_count"": 3}","{""t_inject_ros_ns"": 1791097454702232764, ""t_detect_ros_ns"": 1791097454803395358, ""t_fallback_ros_ns"": 1791097454803413106, ""retained_objects_count"": 1, ""scene_confidence"": 0.9419999718666077, ""max_delta_q_rad"": 0.011526133628395385, ""max_raw_qdot_rad_s"": 2.18364637944736, ""max_filtered_qdot_rad_s"": 2.1688528057740717}",SUCCESS,101.16,0.02,101.18,NO
FAULT_OPT_28,2027,8d83b97cd88a99745195bb6a10cf689a27ab4987,2026-10-04T07:04:14,OPTICAL_DISCONNECT,"{""camera_topic"": ""/top_camera/image_raw"", ""frame_rate_hz"": 30.0, ""deadline_threshold_ms"": 100.0, ""injected_frame_bytes"": 0, ""zero_frames_count"": 3}","{""t_inject_ros_ns"": 1791097454803498266, ""t_detect_ros_ns"": 1791097454905117791, ""t_fallback_ros_ns"": 1791097454905141316, ""retained_objects_count"": 1, ""scene_confidence"": 0.9419999718666077, ""max_delta_q_rad"": 0.01152613362839805, ""max_raw_qdot_rad_s"": 2.1836463794475796, ""max_filtered_qdot_rad_s"": 2.1836463794466416}",SUCCESS,101.62,0.03,101.64,NO
FAULT_OPT_29,2028,8d83b97cd88a99745195bb6a10cf689a27ab4987,2026-10-04T07:04:14,OPTICAL_DISCONNECT,"{""camera_topic"": ""/top_camera/image_raw"", ""frame_rate_hz"": 30.0, ""deadline_threshold_ms"": 100.0, ""injected_frame_bytes"": 0, ""zero_frames_count"": 3}","{""t_inject_ros_ns"": 1791097454905354569, ""t_detect_ros_ns"": 1791097455007106377, ""t_fallback_ros_ns"": 1791097455007130278, ""retained_objects_count"": 1, ""scene_confidence"": 0.9419999718666077, ""max_delta_q_rad"": 0.011526133628394497, ""max_raw_qdot_rad_s"": 2.1836463794469707, ""max_filtered_qdot_rad_s"": 2.1836463794468632}",SUCCESS,101.75,0.03,101.78,NO
FAULT_OPT_30,2029,8d83b97cd88a99745195bb6a10cf689a27ab4987,2026-10-04T07:04:15,OPTICAL_DISCONNECT,"{""camera_topic"": ""/top_camera/image_raw"", ""frame_rate_hz"": 30.0, ""deadline_threshold_ms"": 100.0, ""injected_frame_bytes"": 0, ""zero_frames_count"": 3}","{""t_inject_ros_ns"": 1791097455007262369, ""t_detect_ros_ns"": 1791097455108565086, ""t_fallback_ros_ns"": 1791097455108580479, ""retained_objects_count"": 1, ""scene_confidence"": 0.9419999718666077, ""max_delta_q_rad"": 0.01152613362839272, ""max_raw_qdot_rad_s"": 2.183646379446952, ""max_filtered_qdot_rad_s"": 2.183646379446651}",SUCCESS,101.30,0.02,101.32,NO
FAULT_LLM_01,3000,8d83b97cd88a99745195bb6a10cf689a27ab4987,2026-10-04T07:04:18,LLM_TIMEOUT,"{""target_endpoint"": ""http://127.0.0.1:11438"", ""task_command"": ""pick up the red defective block and place it into the reject bin"", ""watchdog_timeout_configured_s"": 2.0, ""measured_llm_p50_ms"": 4627.23, ""measured_llm_p95_ms"": 5800.81, ""measured_llm_p99_ms"": 6206.43}","{""action_count"": 4, ""action_types"": [""locate"", ""plan_grasp"", ""execute_grasp"", ""lift""], ""fallback_events"": 1, ""max_delta_q_rad"": 0.011526133628393609, ""max_raw_qdot_rad_s"": 2.1836463794474055, ""max_filtered_qdot_rad_s"": 2.183646379446515}",SUCCESS,2002.02,0.33,2002.35,NO
FAULT_LLM_02,3001,8d83b97cd88a99745195bb6a10cf689a27ab4987,2026-10-04T07:04:20,LLM_TIMEOUT,"{""target_endpoint"": ""http://127.0.0.1:11438"", ""task_command"": ""pick up the red defective block and place it into the reject bin"", ""watchdog_timeout_configured_s"": 6.5, ""measured_llm_p50_ms"": 4627.23, ""measured_llm_p95_ms"": 5800.81, ""measured_llm_p99_ms"": 6206.43}","{""action_count"": 4, ""action_types"": [""locate"", ""plan_grasp"", ""execute_grasp"", ""lift""], ""fallback_events"": 1, ""max_delta_q_rad"": 0.01152613362839272, ""max_raw_qdot_rad_s"": 2.1836463794474827, ""max_filtered_qdot_rad_s"": 2.1836463794466474}",SUCCESS,6506.91,0.16,6507.07,NO
FAULT_LLM_03,3002,8d83b97cd88a99745195bb6a10cf689a27ab4987,2026-10-04T07:04:26,LLM_TIMEOUT,"{""target_endpoint"": ""http://127.0.0.1:11438"", ""task_command"": ""pick up the red defective block and place it into the reject bin"", ""watchdog_timeout_configured_s"": 2.0, ""measured_llm_p50_ms"": 4627.23, ""measured_llm_p95_ms"": 5800.81, ""measured_llm_p99_ms"": 6206.43}","{""action_count"": 4, ""action_types"": [""locate"", ""plan_grasp"", ""execute_grasp"", ""lift""], ""fallback_events"": 1, ""max_delta_q_rad"": 0.011526133628394497, ""max_raw_qdot_rad_s"": 2.183646379447387, ""max_filtered_qdot_rad_s"": 2.1836463794470617}",SUCCESS,2001.39,0.20,2001.59,NO
FAULT_LLM_04,3003,8d83b97cd88a99745195bb6a10cf689a27ab4987,2026-10-04T07:04:28,LLM_TIMEOUT,"{""target_endpoint"": ""http://127.0.0.1:11438"", ""task_command"": ""pick up the red defective block and place it into the reject bin"", ""watchdog_timeout_configured_s"": 6.5, ""measured_llm_p50_ms"": 4627.23, ""measured_llm_p95_ms"": 5800.81, ""measured_llm_p99_ms"": 6206.43}","{""action_count"": 4, ""action_types"": [""locate"", ""plan_grasp"", ""execute_grasp"", ""lift""], ""fallback_events"": 1, ""max_delta_q_rad"": 0.011526133628393609, ""max_raw_qdot_rad_s"": 2.183646379447622, ""max_filtered_qdot_rad_s"": 2.1836463794463117}",SUCCESS,6506.68,0.17,6506.85,NO
FAULT_LLM_05,3004,8d83b97cd88a99745195bb6a10cf689a27ab4987,2026-10-04T07:04:35,LLM_TIMEOUT,"{""target_endpoint"": ""http://127.0.0.1:11438"", ""task_command"": ""pick up the red defective block and place it into the reject bin"", ""watchdog_timeout_configured_s"": 2.0, ""measured_llm_p50_ms"": 4627.23, ""measured_llm_p95_ms"": 5800.81, ""measured_llm_p99_ms"": 6206.43}","{""action_count"": 4, ""action_types"": [""locate"", ""plan_grasp"", ""execute_grasp"", ""lift""], ""fallback_events"": 1, ""max_delta_q_rad"": 0.011526133628399826, ""max_raw_qdot_rad_s"": 2.1836463794474485, ""max_filtered_qdot_rad_s"": 2.1688528057742826}",SUCCESS,2001.76,0.22,2001.98,NO
FAULT_LLM_06,3005,8d83b97cd88a99745195bb6a10cf689a27ab4987,2026-10-04T07:04:37,LLM_TIMEOUT,"{""target_endpoint"": ""http://127.0.0.1:11438"", ""task_command"": ""pick up the red defective block and place it into the reject bin"", ""watchdog_timeout_configured_s"": 6.5, ""measured_llm_p50_ms"": 4627.23, ""measured_llm_p95_ms"": 5800.81, ""measured_llm_p99_ms"": 6206.43}","{""action_count"": 4, ""action_types"": [""locate"", ""plan_grasp"", ""execute_grasp"", ""lift""], ""fallback_events"": 1, ""max_delta_q_rad"": 0.011526133628394497, ""max_raw_qdot_rad_s"": 2.18364637944754, ""max_filtered_qdot_rad_s"": 2.1836463794464898}",SUCCESS,6506.50,0.16,6506.67,NO
FAULT_LLM_07,3006,8d83b97cd88a99745195bb6a10cf689a27ab4987,2026-10-04T07:04:43,LLM_TIMEOUT,"{""target_endpoint"": ""http://127.0.0.1:11438"", ""task_command"": ""pick up the red defective block and place it into the reject bin"", ""watchdog_timeout_configured_s"": 2.0, ""measured_llm_p50_ms"": 4627.23, ""measured_llm_p95_ms"": 5800.81, ""measured_llm_p99_ms"": 6206.43}","{""action_count"": 4, ""action_types"": [""locate"", ""plan_grasp"", ""execute_grasp"", ""lift""], ""fallback_events"": 1, ""max_delta_q_rad"": 0.011526133628389168, ""max_raw_qdot_rad_s"": 2.183646379447298, ""max_filtered_qdot_rad_s"": 2.1688528057740255}",SUCCESS,2001.69,0.16,2001.85,NO
FAULT_LLM_08,3007,8d83b97cd88a99745195bb6a10cf689a27ab4987,2026-10-04T07:04:45,LLM_TIMEOUT,"{""target_endpoint"": ""http://127.0.0.1:11438"", ""task_command"": ""pick up the red defective block and place it into the reject bin"", ""watchdog_timeout_configured_s"": 6.5, ""measured_llm_p50_ms"": 4627.23, ""measured_llm_p95_ms"": 5800.81, ""measured_llm_p99_ms"": 6206.43}","{""action_count"": 4, ""action_types"": [""locate"", ""plan_grasp"", ""execute_grasp"", ""lift""], ""fallback_events"": 1, ""max_delta_q_rad"": 0.011526133628396273, ""max_raw_qdot_rad_s"": 2.183646379447602, ""max_filtered_qdot_rad_s"": 2.1836463794466603}",SUCCESS,6505.78,0.25,6506.03,NO
FAULT_LLM_09,3008,8d83b97cd88a99745195bb6a10cf689a27ab4987,2026-10-04T07:04:52,LLM_TIMEOUT,"{""target_endpoint"": ""http://127.0.0.1:11438"", ""task_command"": ""pick up the red defective block and place it into the reject bin"", ""watchdog_timeout_configured_s"": 2.0, ""measured_llm_p50_ms"": 4627.23, ""measured_llm_p95_ms"": 5800.81, ""measured_llm_p99_ms"": 6206.43}","{""action_count"": 4, ""action_types"": [""locate"", ""plan_grasp"", ""execute_grasp"", ""lift""], ""fallback_events"": 1, ""max_delta_q_rad"": 0.011526133628391833, ""max_raw_qdot_rad_s"": 2.183646379447423, ""max_filtered_qdot_rad_s"": 2.1836463794469294}",SUCCESS,2002.40,0.20,2002.60,NO
FAULT_LLM_10,3009,8d83b97cd88a99745195bb6a10cf689a27ab4987,2026-10-04T07:04:54,LLM_TIMEOUT,"{""target_endpoint"": ""http://127.0.0.1:11438"", ""task_command"": ""pick up the red defective block and place it into the reject bin"", ""watchdog_timeout_configured_s"": 6.5, ""measured_llm_p50_ms"": 4627.23, ""measured_llm_p95_ms"": 5800.81, ""measured_llm_p99_ms"": 6206.43}","{""action_count"": 4, ""action_types"": [""locate"", ""plan_grasp"", ""execute_grasp"", ""lift""], ""fallback_events"": 1, ""max_delta_q_rad"": 0.011526133628394497, ""max_raw_qdot_rad_s"": 2.183646379447465, ""max_filtered_qdot_rad_s"": 2.183646379446502}",SUCCESS,6506.62,0.16,6506.78,NO
FAULT_LLM_11,3010,8d83b97cd88a99745195bb6a10cf689a27ab4987,2026-10-04T07:05:00,LLM_TIMEOUT,"{""target_endpoint"": ""http://127.0.0.1:11438"", ""task_command"": ""pick up the red defective block and place it into the reject bin"", ""watchdog_timeout_configured_s"": 2.0, ""measured_llm_p50_ms"": 4627.23, ""measured_llm_p95_ms"": 5800.81, ""measured_llm_p99_ms"": 6206.43}","{""action_count"": 4, ""action_types"": [""locate"", ""plan_grasp"", ""execute_grasp"", ""lift""], ""fallback_events"": 1, ""max_delta_q_rad"": 0.011526133628395385, ""max_raw_qdot_rad_s"": 2.1836463794473775, ""max_filtered_qdot_rad_s"": 2.183646379446705}",SUCCESS,2001.75,0.25,2002.01,NO
FAULT_LLM_12,3011,8d83b97cd88a99745195bb6a10cf689a27ab4987,2026-10-04T07:05:02,LLM_TIMEOUT,"{""target_endpoint"": ""http://127.0.0.1:11438"", ""task_command"": ""pick up the red defective block and place it into the reject bin"", ""watchdog_timeout_configured_s"": 6.5, ""measured_llm_p50_ms"": 4627.23, ""measured_llm_p95_ms"": 5800.81, ""measured_llm_p99_ms"": 6206.43}","{""action_count"": 4, ""action_types"": [""locate"", ""plan_grasp"", ""execute_grasp"", ""lift""], ""fallback_events"": 1, ""max_delta_q_rad"": 0.011526133628393609, ""max_raw_qdot_rad_s"": 2.1836463794474827, ""max_filtered_qdot_rad_s"": 2.1688528057741996}",SUCCESS,6506.80,0.25,6507.05,NO
FAULT_LLM_13,3012,8d83b97cd88a99745195bb6a10cf689a27ab4987,2026-10-04T07:05:09,LLM_TIMEOUT,"{""target_endpoint"": ""http://127.0.0.1:11438"", ""task_command"": ""pick up the red defective block and place it into the reject bin"", ""watchdog_timeout_configured_s"": 2.0, ""measured_llm_p50_ms"": 4627.23, ""measured_llm_p95_ms"": 5800.81, ""measured_llm_p99_ms"": 6206.43}","{""action_count"": 4, ""action_types"": [""locate"", ""plan_grasp"", ""execute_grasp"", ""lift""], ""fallback_events"": 1, ""max_delta_q_rad"": 0.011526133628393609, ""max_raw_qdot_rad_s"": 2.183646379447518, ""max_filtered_qdot_rad_s"": 2.18364637944743}",SUCCESS,2001.42,0.20,2001.62,NO
FAULT_LLM_14,3013,8d83b97cd88a99745195bb6a10cf689a27ab4987,2026-10-04T07:05:11,LLM_TIMEOUT,"{""target_endpoint"": ""http://127.0.0.1:11438"", ""task_command"": ""pick up the red defective block and place it into the reject bin"", ""watchdog_timeout_configured_s"": 6.5, ""measured_llm_p50_ms"": 4627.23, ""measured_llm_p95_ms"": 5800.81, ""measured_llm_p99_ms"": 6206.43}","{""action_count"": 4, ""action_types"": [""locate"", ""plan_grasp"", ""execute_grasp"", ""lift""], ""fallback_events"": 1, ""max_delta_q_rad"": 0.011526133628390944, ""max_raw_qdot_rad_s"": 2.1836463794475867, ""max_filtered_qdot_rad_s"": 2.168852805774253}",SUCCESS,9573.58,0.25,9573.83,NO
FAULT_LLM_15,3014,8d83b97cd88a99745195bb6a10cf689a27ab4987,2026-10-04T07:05:20,LLM_TIMEOUT,"{""target_endpoint"": ""http://127.0.0.1:11438"", ""task_command"": ""pick up the red defective block and place it into the reject bin"", ""watchdog_timeout_configured_s"": 2.0, ""measured_llm_p50_ms"": 4627.23, ""measured_llm_p95_ms"": 5800.81, ""measured_llm_p99_ms"": 6206.43}","{""action_count"": 4, ""action_types"": [""locate"", ""plan_grasp"", ""execute_grasp"", ""lift""], ""fallback_events"": 1, ""max_delta_q_rad"": 0.011526133628394497, ""max_raw_qdot_rad_s"": 2.1836463794471523, ""max_filtered_qdot_rad_s"": 2.1836463794467917}",SUCCESS,2001.67,0.15,2001.82,NO
FAULT_LLM_16,3015,8d83b97cd88a99745195bb6a10cf689a27ab4987,2026-10-04T07:05:22,LLM_TIMEOUT,"{""target_endpoint"": ""http://127.0.0.1:11438"", ""task_command"": ""pick up the red defective block and place it into the reject bin"", ""watchdog_timeout_configured_s"": 6.5, ""measured_llm_p50_ms"": 4627.23, ""measured_llm_p95_ms"": 5800.81, ""measured_llm_p99_ms"": 6206.43}","{""action_count"": 4, ""action_types"": [""locate"", ""plan_grasp"", ""execute_grasp"", ""lift""], ""fallback_events"": 1, ""max_delta_q_rad"": 0.011526133628397162, ""max_raw_qdot_rad_s"": 2.183646379447507, ""max_filtered_qdot_rad_s"": 2.1836463794464205}",SUCCESS,6506.79,0.17,6506.96,NO
FAULT_LLM_17,3016,8d83b97cd88a99745195bb6a10cf689a27ab4987,2026-10-04T07:05:29,LLM_TIMEOUT,"{""target_endpoint"": ""http://127.0.0.1:11438"", ""task_command"": ""pick up the red defective block and place it into the reject bin"", ""watchdog_timeout_configured_s"": 2.0, ""measured_llm_p50_ms"": 4627.23, ""measured_llm_p95_ms"": 5800.81, ""measured_llm_p99_ms"": 6206.43}","{""action_count"": 4, ""action_types"": [""locate"", ""plan_grasp"", ""execute_grasp"", ""lift""], ""fallback_events"": 1, ""max_delta_q_rad"": 0.011526133628397162, ""max_raw_qdot_rad_s"": 2.183646379447406, ""max_filtered_qdot_rad_s"": 2.1836463794467185}",SUCCESS,3050.30,0.22,3050.52,NO
FAULT_LLM_18,3017,8d83b97cd88a99745195bb6a10cf689a27ab4987,2026-10-04T07:05:32,LLM_TIMEOUT,"{""target_endpoint"": ""http://127.0.0.1:11438"", ""task_command"": ""pick up the red defective block and place it into the reject bin"", ""watchdog_timeout_configured_s"": 6.5, ""measured_llm_p50_ms"": 4627.23, ""measured_llm_p95_ms"": 5800.81, ""measured_llm_p99_ms"": 6206.43}","{""action_count"": 4, ""action_types"": [""locate"", ""plan_grasp"", ""execute_grasp"", ""lift""], ""fallback_events"": 1, ""max_delta_q_rad"": 0.011526133628396273, ""max_raw_qdot_rad_s"": 2.1836463794475565, ""max_filtered_qdot_rad_s"": 2.1688528057742706}",SUCCESS,6506.21,0.15,6506.36,NO
FAULT_LLM_19,3018,8d83b97cd88a99745195bb6a10cf689a27ab4987,2026-10-04T07:05:38,LLM_TIMEOUT,"{""target_endpoint"": ""http://127.0.0.1:11438"", ""task_command"": ""pick up the red defective block and place it into the reject bin"", ""watchdog_timeout_configured_s"": 2.0, ""measured_llm_p50_ms"": 4627.23, ""measured_llm_p95_ms"": 5800.81, ""measured_llm_p99_ms"": 6206.43}","{""action_count"": 4, ""action_types"": [""locate"", ""plan_grasp"", ""execute_grasp"", ""lift""], ""fallback_events"": 1, ""max_delta_q_rad"": 0.011526133628393609, ""max_raw_qdot_rad_s"": 2.183646379447495, ""max_filtered_qdot_rad_s"": 2.1836463794470844}",SUCCESS,2001.88,0.19,2002.07,NO
FAULT_LLM_20,3019,8d83b97cd88a99745195bb6a10cf689a27ab4987,2026-10-04T07:05:40,LLM_TIMEOUT,"{""target_endpoint"": ""http://127.0.0.1:11438"", ""task_command"": ""pick up the red defective block and place it into the reject bin"", ""watchdog_timeout_configured_s"": 6.5, ""measured_llm_p50_ms"": 4627.23, ""measured_llm_p95_ms"": 5800.81, ""measured_llm_p99_ms"": 6206.43}","{""action_count"": 4, ""action_types"": [""locate"", ""plan_grasp"", ""execute_grasp"", ""lift""], ""fallback_events"": 1, ""max_delta_q_rad"": 0.011526133628393609, ""max_raw_qdot_rad_s"": 2.1836463794475653, ""max_filtered_qdot_rad_s"": 2.1688528057741943}",SUCCESS,6506.35,0.21,6506.57,NO
FAULT_LLM_21,3020,8d83b97cd88a99745195bb6a10cf689a27ab4987,2026-10-04T07:05:47,LLM_TIMEOUT,"{""target_endpoint"": ""http://127.0.0.1:11438"", ""task_command"": ""pick up the red defective block and place it into the reject bin"", ""watchdog_timeout_configured_s"": 2.0, ""measured_llm_p50_ms"": 4627.23, ""measured_llm_p95_ms"": 5800.81, ""measured_llm_p99_ms"": 6206.43}","{""action_count"": 4, ""action_types"": [""locate"", ""plan_grasp"", ""execute_grasp"", ""lift""], ""fallback_events"": 1, ""max_delta_q_rad"": 0.01152613362839272, ""max_raw_qdot_rad_s"": 2.183646379447412, ""max_filtered_qdot_rad_s"": 2.168852805774071}",SUCCESS,2001.53,0.31,2001.83,NO
FAULT_LLM_22,3021,8d83b97cd88a99745195bb6a10cf689a27ab4987,2026-10-04T07:05:49,LLM_TIMEOUT,"{""target_endpoint"": ""http://127.0.0.1:11438"", ""task_command"": ""pick up the red defective block and place it into the reject bin"", ""watchdog_timeout_configured_s"": 6.5, ""measured_llm_p50_ms"": 4627.23, ""measured_llm_p95_ms"": 5800.81, ""measured_llm_p99_ms"": 6206.43}","{""action_count"": 4, ""action_types"": [""locate"", ""plan_grasp"", ""execute_grasp"", ""lift""], ""fallback_events"": 1, ""max_delta_q_rad"": 0.011526133628395385, ""max_raw_qdot_rad_s"": 2.1836463794473553, ""max_filtered_qdot_rad_s"": 2.1836463794463943}",SUCCESS,11614.26,0.17,11614.44,NO
FAULT_LLM_23,3022,8d83b97cd88a99745195bb6a10cf689a27ab4987,2026-10-04T07:06:01,LLM_TIMEOUT,"{""target_endpoint"": ""http://127.0.0.1:11438"", ""task_command"": ""pick up the red defective block and place it into the reject bin"", ""watchdog_timeout_configured_s"": 2.0, ""measured_llm_p50_ms"": 4627.23, ""measured_llm_p95_ms"": 5800.81, ""measured_llm_p99_ms"": 6206.43}","{""action_count"": 4, ""action_types"": [""locate"", ""plan_grasp"", ""execute_grasp"", ""lift""], ""fallback_events"": 1, ""max_delta_q_rad"": 0.011526133628390056, ""max_raw_qdot_rad_s"": 2.1836463794474326, ""max_filtered_qdot_rad_s"": 2.1688528057741085}",SUCCESS,2001.69,0.20,2001.89,NO
FAULT_LLM_24,3023,8d83b97cd88a99745195bb6a10cf689a27ab4987,2026-10-04T07:06:03,LLM_TIMEOUT,"{""target_endpoint"": ""http://127.0.0.1:11438"", ""task_command"": ""pick up the red defective block and place it into the reject bin"", ""watchdog_timeout_configured_s"": 6.5, ""measured_llm_p50_ms"": 4627.23, ""measured_llm_p95_ms"": 5800.81, ""measured_llm_p99_ms"": 6206.43}","{""action_count"": 4, ""action_types"": [""locate"", ""plan_grasp"", ""execute_grasp"", ""lift""], ""fallback_events"": 1, ""max_delta_q_rad"": 0.011526133628396273, ""max_raw_qdot_rad_s"": 2.1836463794476577, ""max_filtered_qdot_rad_s"": 2.168852805774266}",SUCCESS,6505.92,0.19,6506.11,NO
FAULT_LLM_25,3024,8d83b97cd88a99745195bb6a10cf689a27ab4987,2026-10-04T07:06:09,LLM_TIMEOUT,"{""target_endpoint"": ""http://127.0.0.1:11438"", ""task_command"": ""pick up the red defective block and place it into the reject bin"", ""watchdog_timeout_configured_s"": 2.0, ""measured_llm_p50_ms"": 4627.23, ""measured_llm_p95_ms"": 5800.81, ""measured_llm_p99_ms"": 6206.43}","{""action_count"": 4, ""action_types"": [""locate"", ""plan_grasp"", ""execute_grasp"", ""lift""], ""fallback_events"": 1, ""max_delta_q_rad"": 0.011526133628390056, ""max_raw_qdot_rad_s"": 2.183646379447488, ""max_filtered_qdot_rad_s"": 2.1688528057741756}",SUCCESS,3050.46,0.19,3050.65,NO
FAULT_LLM_26,3025,8d83b97cd88a99745195bb6a10cf689a27ab4987,2026-10-04T07:06:12,LLM_TIMEOUT,"{""target_endpoint"": ""http://127.0.0.1:11438"", ""task_command"": ""pick up the red defective block and place it into the reject bin"", ""watchdog_timeout_configured_s"": 6.5, ""measured_llm_p50_ms"": 4627.23, ""measured_llm_p95_ms"": 5800.81, ""measured_llm_p99_ms"": 6206.43}","{""action_count"": 4, ""action_types"": [""locate"", ""plan_grasp"", ""execute_grasp"", ""lift""], ""fallback_events"": 1, ""max_delta_q_rad"": 0.011526133628397162, ""max_raw_qdot_rad_s"": 2.183646379447498, ""max_filtered_qdot_rad_s"": 2.1836463794464613}",SUCCESS,6506.67,0.18,6506.85,NO
FAULT_LLM_27,3026,8d83b97cd88a99745195bb6a10cf689a27ab4987,2026-10-04T07:06:19,LLM_TIMEOUT,"{""target_endpoint"": ""http://127.0.0.1:11438"", ""task_command"": ""pick up the red defective block and place it into the reject bin"", ""watchdog_timeout_configured_s"": 2.0, ""measured_llm_p50_ms"": 4627.23, ""measured_llm_p95_ms"": 5800.81, ""measured_llm_p99_ms"": 6206.43}","{""action_count"": 4, ""action_types"": [""locate"", ""plan_grasp"", ""execute_grasp"", ""lift""], ""fallback_events"": 1, ""max_delta_q_rad"": 0.011526133628393609, ""max_raw_qdot_rad_s"": 2.1836463794473384, ""max_filtered_qdot_rad_s"": 2.168852805774302}",SUCCESS,2001.84,0.18,2002.02,NO
FAULT_LLM_28,3027,8d83b97cd88a99745195bb6a10cf689a27ab4987,2026-10-04T07:06:21,LLM_TIMEOUT,"{""target_endpoint"": ""http://127.0.0.1:11438"", ""task_command"": ""pick up the red defective block and place it into the reject bin"", ""watchdog_timeout_configured_s"": 6.5, ""measured_llm_p50_ms"": 4627.23, ""measured_llm_p95_ms"": 5800.81, ""measured_llm_p99_ms"": 6206.43}","{""action_count"": 4, ""action_types"": [""locate"", ""plan_grasp"", ""execute_grasp"", ""lift""], ""fallback_events"": 1, ""max_delta_q_rad"": 0.011526133628394497, ""max_raw_qdot_rad_s"": 2.1836463794477017, ""max_filtered_qdot_rad_s"": 2.17181152050844}",SUCCESS,6505.81,0.15,6505.95,NO
FAULT_LLM_29,3028,8d83b97cd88a99745195bb6a10cf689a27ab4987,2026-10-04T07:06:27,LLM_TIMEOUT,"{""target_endpoint"": ""http://127.0.0.1:11438"", ""task_command"": ""pick up the red defective block and place it into the reject bin"", ""watchdog_timeout_configured_s"": 2.0, ""measured_llm_p50_ms"": 4627.23, ""measured_llm_p95_ms"": 5800.81, ""measured_llm_p99_ms"": 6206.43}","{""action_count"": 4, ""action_types"": [""locate"", ""plan_grasp"", ""execute_grasp"", ""lift""], ""fallback_events"": 1, ""max_delta_q_rad"": 0.011526133628393609, ""max_raw_qdot_rad_s"": 2.183646379447054, ""max_filtered_qdot_rad_s"": 2.183646379446291}",SUCCESS,2001.63,0.16,2001.79,NO
FAULT_LLM_30,3029,8d83b97cd88a99745195bb6a10cf689a27ab4987,2026-10-04T07:06:29,LLM_TIMEOUT,"{""target_endpoint"": ""http://127.0.0.1:11438"", ""task_command"": ""pick up the red defective block and place it into the reject bin"", ""watchdog_timeout_configured_s"": 6.5, ""measured_llm_p50_ms"": 4627.23, ""measured_llm_p95_ms"": 5800.81, ""measured_llm_p99_ms"": 6206.43}","{""action_count"": 4, ""action_types"": [""locate"", ""plan_grasp"", ""execute_grasp"", ""lift""], ""fallback_events"": 1, ""max_delta_q_rad"": 0.011526133628389168, ""max_raw_qdot_rad_s"": 2.1836463794477283, ""max_filtered_qdot_rad_s"": 2.1718115205082014}",SUCCESS,11615.45,0.16,11615.62,NO
FAULT_PKT_01,4000,8d83b97cd88a99745195bb6a10cf689a27ab4987,2026-10-04T07:06:45,DDS_PACKET_LOSS,"{""trajectory_points"": 100, ""nominal_rate_hz"": 100.0, ""drop_rate_pct"": 5.0, ""dropped_packets_count"": 5, ""drop_location"": ""DDS transport relay between SkillAgent and ControlAgent"", ""dropped_packet_type"": ""JointTrajectoryPoint / JointState stream""}","{""packets_sent"": 100, ""packets_received"": 95, ""mean_jitter_ms"": 25.208385499749095, ""std_jitter_ms"": 233.8278506664876, ""mean_tracking_deviation_mm"": 0.0015985039424879924, ""max_tracking_deviation_mm"": 0.044620573975385255, ""max_delta_q_rad"": 0.7000313988938007, ""max_raw_qdot_rad_s"": 2.3608625715572686, ""max_filtered_qdot_rad_s"": 2.334978016072797}",SUCCESS,0.00,25.21,25.21,NO
FAULT_PKT_02,4001,8d83b97cd88a99745195bb6a10cf689a27ab4987,2026-10-04T07:06:49,DDS_PACKET_LOSS,"{""trajectory_points"": 100, ""nominal_rate_hz"": 100.0, ""drop_rate_pct"": 5.0, ""dropped_packets_count"": 5, ""drop_location"": ""DDS transport relay between SkillAgent and ControlAgent"", ""dropped_packet_type"": ""JointTrajectoryPoint / JointState stream""}","{""packets_sent"": 100, ""packets_received"": 95, ""mean_jitter_ms"": 0.972943234039431, ""std_jitter_ms"": 2.266535157732311, ""mean_tracking_deviation_mm"": 0.0013895456156378216, ""max_tracking_deviation_mm"": 0.04676524398318982, ""max_delta_q_rad"": 0.2426360505142453, ""max_raw_qdot_rad_s"": 2.3608781518471527, ""max_filtered_qdot_rad_s"": 2.335192422644318}",SUCCESS,0.00,0.97,0.97,NO
FAULT_PKT_03,4002,8d83b97cd88a99745195bb6a10cf689a27ab4987,2026-10-04T07:06:50,DDS_PACKET_LOSS,"{""trajectory_points"": 100, ""nominal_rate_hz"": 100.0, ""drop_rate_pct"": 5.0, ""dropped_packets_count"": 5, ""drop_location"": ""DDS transport relay between SkillAgent and ControlAgent"", ""dropped_packet_type"": ""JointTrajectoryPoint / JointState stream""}","{""packets_sent"": 100, ""packets_received"": 95, ""mean_jitter_ms"": 0.9082259788324046, ""std_jitter_ms"": 2.24131453001471, ""mean_tracking_deviation_mm"": 0.0013238001549645468, ""max_tracking_deviation_mm"": 0.04650872232986815, ""max_delta_q_rad"": 0.24789808137614244, ""max_raw_qdot_rad_s"": 2.3608600462968057, ""max_filtered_qdot_rad_s"": 2.360834644898858}",SUCCESS,0.00,0.91,0.91,NO
FAULT_PKT_04,4003,8d83b97cd88a99745195bb6a10cf689a27ab4987,2026-10-04T07:06:51,DDS_PACKET_LOSS,"{""trajectory_points"": 100, ""nominal_rate_hz"": 100.0, ""drop_rate_pct"": 5.0, ""dropped_packets_count"": 5, ""drop_location"": ""DDS transport relay between SkillAgent and ControlAgent"", ""dropped_packet_type"": ""JointTrajectoryPoint / JointState stream""}","{""packets_sent"": 100, ""packets_received"": 95, ""mean_jitter_ms"": 0.9628014998235541, ""std_jitter_ms"": 2.2869659616493263, ""mean_tracking_deviation_mm"": 0.001723832648642129, ""max_tracking_deviation_mm"": 0.04677562785284689, ""max_delta_q_rad"": 0.24357979623811676, ""max_raw_qdot_rad_s"": 2.3608635320953058, ""max_filtered_qdot_rad_s"": 2.3351538654816486}",SUCCESS,0.00,0.96,0.96,NO
FAULT_PKT_05,4004,8d83b97cd88a99745195bb6a10cf689a27ab4987,2026-10-04T07:06:52,DDS_PACKET_LOSS,"{""trajectory_points"": 100, ""nominal_rate_hz"": 100.0, ""drop_rate_pct"": 5.0, ""dropped_packets_count"": 5, ""drop_location"": ""DDS transport relay between SkillAgent and ControlAgent"", ""dropped_packet_type"": ""JointTrajectoryPoint / JointState stream""}","{""packets_sent"": 100, ""packets_received"": 95, ""mean_jitter_ms"": 0.96279984037268, ""std_jitter_ms"": 2.3601550779710707, ""mean_tracking_deviation_mm"": 0.0017537967267259574, ""max_tracking_deviation_mm"": 0.04676524398318982, ""max_delta_q_rad"": 0.2429225192002562, ""max_raw_qdot_rad_s"": 2.360851676316606, ""max_filtered_qdot_rad_s"": 2.3351468465418637}",SUCCESS,0.00,0.96,0.96,NO
FAULT_PKT_06,4005,8d83b97cd88a99745195bb6a10cf689a27ab4987,2026-10-04T07:06:53,DDS_PACKET_LOSS,"{""trajectory_points"": 100, ""nominal_rate_hz"": 100.0, ""drop_rate_pct"": 5.0, ""dropped_packets_count"": 5, ""drop_location"": ""DDS transport relay between SkillAgent and ControlAgent"", ""dropped_packet_type"": ""JointTrajectoryPoint / JointState stream""}","{""packets_sent"": 100, ""packets_received"": 95, ""mean_jitter_ms"": 0.9530400643385253, ""std_jitter_ms"": 2.3162918745748042, ""mean_tracking_deviation_mm"": 0.0017868359743249955, ""max_tracking_deviation_mm"": 0.041248567545705044, ""max_delta_q_rad"": 0.24243101621234242, ""max_raw_qdot_rad_s"": 2.360851347244476, ""max_filtered_qdot_rad_s"": 2.3351464595441715}",SUCCESS,0.00,0.95,0.95,NO
FAULT_PKT_07,4006,8d83b97cd88a99745195bb6a10cf689a27ab4987,2026-10-04T07:06:54,DDS_PACKET_LOSS,"{""trajectory_points"": 100, ""nominal_rate_hz"": 100.0, ""drop_rate_pct"": 5.0, ""dropped_packets_count"": 5, ""drop_location"": ""DDS transport relay between SkillAgent and ControlAgent"", ""dropped_packet_type"": ""JointTrajectoryPoint / JointState stream""}","{""packets_sent"": 100, ""packets_received"": 95, ""mean_jitter_ms"": 0.9196667129884751, ""std_jitter_ms"": 2.3172416058823804, ""mean_tracking_deviation_mm"": 0.001856855042401164, ""max_tracking_deviation_mm"": 0.04604755256787966, ""max_delta_q_rad"": 0.2497220111470373, ""max_raw_qdot_rad_s"": 2.360873783693777, ""max_filtered_qdot_rad_s"": 2.3608378274001405}",SUCCESS,0.00,0.92,0.92,NO
FAULT_PKT_08,4007,8d83b97cd88a99745195bb6a10cf689a27ab4987,2026-10-04T07:06:56,DDS_PACKET_LOSS,"{""trajectory_points"": 100, ""nominal_rate_hz"": 100.0, ""drop_rate_pct"": 5.0, ""dropped_packets_count"": 5, ""drop_location"": ""DDS transport relay between SkillAgent and ControlAgent"", ""dropped_packet_type"": ""JointTrajectoryPoint / JointState stream""}","{""packets_sent"": 100, ""packets_received"": 95, ""mean_jitter_ms"": 0.9427504580247493, ""std_jitter_ms"": 2.2916918706561455, ""mean_tracking_deviation_mm"": 0.0017771672927565205, ""max_tracking_deviation_mm"": 0.04676524398318982, ""max_delta_q_rad"": 0.2420621293178149, ""max_raw_qdot_rad_s"": 2.360849943337687, ""max_filtered_qdot_rad_s"": 2.3351435088221972}",SUCCESS,0.00,0.94,0.94,NO
FAULT_PKT_09,4008,8d83b97cd88a99745195bb6a10cf689a27ab4987,2026-10-04T07:06:57,DDS_PACKET_LOSS,"{""trajectory_points"": 100, ""nominal_rate_hz"": 100.0, ""drop_rate_pct"": 5.0, ""dropped_packets_count"": 5, ""drop_location"": ""DDS transport relay between SkillAgent and ControlAgent"", ""dropped_packet_type"": ""JointTrajectoryPoint / JointState stream""}","{""packets_sent"": 100, ""packets_received"": 95, ""mean_jitter_ms"": 0.8468933188061706, ""std_jitter_ms"": 2.0805373383306383, ""mean_tracking_deviation_mm"": 0.0013538383389982986, ""max_tracking_deviation_mm"": 0.04651770547024998, ""max_delta_q_rad"": 0.24831066439017402, ""max_raw_qdot_rad_s"": 2.3608489197975575, ""max_filtered_qdot_rad_s"": 2.360834370202495}",SUCCESS,0.00,0.85,0.85,NO
FAULT_PKT_10,4009,8d83b97cd88a99745195bb6a10cf689a27ab4987,2026-10-04T07:06:58,DDS_PACKET_LOSS,"{""trajectory_points"": 100, ""nominal_rate_hz"": 100.0, ""drop_rate_pct"": 5.0, ""dropped_packets_count"": 5, ""drop_location"": ""DDS transport relay between SkillAgent and ControlAgent"", ""dropped_packet_type"": ""JointTrajectoryPoint / JointState stream""}","{""packets_sent"": 100, ""packets_received"": 95, ""mean_jitter_ms"": 0.9275137868330893, ""std_jitter_ms"": 2.716190381833384, ""mean_tracking_deviation_mm"": 0.0019852643682034122, ""max_tracking_deviation_mm"": 0.04609249499098824, ""max_delta_q_rad"": 0.24848189843002633, ""max_raw_qdot_rad_s"": 2.360863811457604, ""max_filtered_qdot_rad_s"": 2.3608409149153413}",SUCCESS,0.00,0.93,0.93,NO
FAULT_PKT_11,4010,8d83b97cd88a99745195bb6a10cf689a27ab4987,2026-10-04T07:06:59,DDS_PACKET_LOSS,"{""trajectory_points"": 100, ""nominal_rate_hz"": 100.0, ""drop_rate_pct"": 15.0, ""dropped_packets_count"": 15, ""drop_location"": ""DDS transport relay between SkillAgent and ControlAgent"", ""dropped_packet_type"": ""JointTrajectoryPoint / JointState stream""}","{""packets_sent"": 100, ""packets_received"": 85, ""mean_jitter_ms"": 2.218627583171751, ""std_jitter_ms"": 4.4956119771897285, ""mean_tracking_deviation_mm"": 0.00506003387769052, ""max_tracking_deviation_mm"": 0.04650872232986815, ""max_delta_q_rad"": 0.24435452889956544, ""max_raw_qdot_rad_s"": 2.360859497602127, ""max_filtered_qdot_rad_s"": 2.3351451207434066}",SUCCESS,0.00,2.22,2.22,NO
FAULT_PKT_12,4011,8d83b97cd88a99745195bb6a10cf689a27ab4987,2026-10-04T07:07:00,DDS_PACKET_LOSS,"{""trajectory_points"": 100, ""nominal_rate_hz"": 100.0, ""drop_rate_pct"": 15.0, ""dropped_packets_count"": 15, ""drop_location"": ""DDS transport relay between SkillAgent and ControlAgent"", ""dropped_packet_type"": ""JointTrajectoryPoint / JointState stream""}","{""packets_sent"": 100, ""packets_received"": 85, ""mean_jitter_ms"": 2.2247987141946353, ""std_jitter_ms"": 4.178106185602117, ""mean_tracking_deviation_mm"": 0.0038101328239996523, ""max_tracking_deviation_mm"": 0.04650872232986815, ""max_delta_q_rad"": 0.24263313531564723, ""max_raw_qdot_rad_s"": 2.3608601478640865, ""max_filtered_qdot_rad_s"": 2.3351552165063665}",SUCCESS,0.00,2.22,2.22,NO
FAULT_PKT_13,4012,8d83b97cd88a99745195bb6a10cf689a27ab4987,2026-10-04T07:07:01,DDS_PACKET_LOSS,"{""trajectory_points"": 100, ""nominal_rate_hz"": 100.0, ""drop_rate_pct"": 15.0, ""dropped_packets_count"": 15, ""drop_location"": ""DDS transport relay between SkillAgent and ControlAgent"", ""dropped_packet_type"": ""JointTrajectoryPoint / JointState stream""}","{""packets_sent"": 100, ""packets_received"": 85, ""mean_jitter_ms"": 2.209016214522611, ""std_jitter_ms"": 5.500539640858831, ""mean_tracking_deviation_mm"": 0.005547481085576786, ""max_tracking_deviation_mm"": 0.04685617541675666, ""max_delta_q_rad"": 0.24333357017072466, ""max_raw_qdot_rad_s"": 2.3608743861055674, ""max_filtered_qdot_rad_s"": 2.3351616426496133}",SUCCESS,0.00,2.21,2.21,NO
FAULT_PKT_14,4013,8d83b97cd88a99745195bb6a10cf689a27ab4987,2026-10-04T07:07:02,DDS_PACKET_LOSS,"{""trajectory_points"": 100, ""nominal_rate_hz"": 100.0, ""drop_rate_pct"": 15.0, ""dropped_packets_count"": 15, ""drop_location"": ""DDS transport relay between SkillAgent and ControlAgent"", ""dropped_packet_type"": ""JointTrajectoryPoint / JointState stream""}","{""packets_sent"": 100, ""packets_received"": 85, ""mean_jitter_ms"": 2.195447809638045, ""std_jitter_ms"": 5.663586594546868, ""mean_tracking_deviation_mm"": 0.004729752053936883, ""max_tracking_deviation_mm"": 0.04609249499098824, ""max_delta_q_rad"": 0.246936030084961, ""max_raw_qdot_rad_s"": 2.360861723560319, ""max_filtered_qdot_rad_s"": 2.360823792643817}",SUCCESS,0.00,2.20,2.20,NO
FAULT_PKT_15,4014,8d83b97cd88a99745195bb6a10cf689a27ab4987,2026-10-04T07:07:03,DDS_PACKET_LOSS,"{""trajectory_points"": 100, ""nominal_rate_hz"": 100.0, ""drop_rate_pct"": 15.0, ""dropped_packets_count"": 15, ""drop_location"": ""DDS transport relay between SkillAgent and ControlAgent"", ""dropped_packet_type"": ""JointTrajectoryPoint / JointState stream""}","{""packets_sent"": 100, ""packets_received"": 85, ""mean_jitter_ms"": 2.235397666538899, ""std_jitter_ms"": 4.213168863078106, ""mean_tracking_deviation_mm"": 0.004843576803700078, ""max_tracking_deviation_mm"": 0.04685617541675666, ""max_delta_q_rad"": 0.24859191562580651, ""max_raw_qdot_rad_s"": 2.360839059352265, ""max_filtered_qdot_rad_s"": 2.360823981981948}",SUCCESS,0.00,2.24,2.24,NO
FAULT_PKT_16,4015,8d83b97cd88a99745195bb6a10cf689a27ab4987,2026-10-04T07:07:05,DDS_PACKET_LOSS,"{""trajectory_points"": 100, ""nominal_rate_hz"": 100.0, ""drop_rate_pct"": 15.0, ""dropped_packets_count"": 15, ""drop_location"": ""DDS transport relay between SkillAgent and ControlAgent"", ""dropped_packet_type"": ""JointTrajectoryPoint / JointState stream""}","{""packets_sent"": 100, ""packets_received"": 85, ""mean_jitter_ms"": 2.2426453809921876, ""std_jitter_ms"": 5.5700555548331625, ""mean_tracking_deviation_mm"": 0.0053641101485441866, ""max_tracking_deviation_mm"": 0.04677562785284689, ""max_delta_q_rad"": 0.24985376035814433, ""max_raw_qdot_rad_s"": 2.360849853167433, ""max_filtered_qdot_rad_s"": 2.3608368898235867}",SUCCESS,0.00,2.24,2.24,NO
FAULT_PKT_17,4016,8d83b97cd88a99745195bb6a10cf689a27ab4987,2026-10-04T07:07:06,DDS_PACKET_LOSS,"{""trajectory_points"": 100, ""nominal_rate_hz"": 100.0, ""drop_rate_pct"": 15.0, ""dropped_packets_count"": 15, ""drop_location"": ""DDS transport relay between SkillAgent and ControlAgent"", ""dropped_packet_type"": ""JointTrajectoryPoint / JointState stream""}","{""packets_sent"": 100, ""packets_received"": 85, ""mean_jitter_ms"": 2.2762716070116897, ""std_jitter_ms"": 3.9372143218113878, ""mean_tracking_deviation_mm"": 0.0038350662065994817, ""max_tracking_deviation_mm"": 0.04677562785284689, ""max_delta_q_rad"": 0.2421403139852556, ""max_raw_qdot_rad_s"": 2.3608506795231383, ""max_filtered_qdot_rad_s"": 2.3351371198605957}",SUCCESS,0.00,2.28,2.28,NO
FAULT_PKT_18,4017,8d83b97cd88a99745195bb6a10cf689a27ab4987,2026-10-04T07:07:07,DDS_PACKET_LOSS,"{""trajectory_points"": 100, ""nominal_rate_hz"": 100.0, ""drop_rate_pct"": 15.0, ""dropped_packets_count"": 15, ""drop_location"": ""DDS transport relay between SkillAgent and ControlAgent"", ""dropped_packet_type"": ""JointTrajectoryPoint / JointState stream""}","{""packets_sent"": 100, ""packets_received"": 85, ""mean_jitter_ms"": 2.0172050953260623, ""std_jitter_ms"": 4.317981482172546, ""mean_tracking_deviation_mm"": 0.004385248008036253, ""max_tracking_deviation_mm"": 0.04677562785284689, ""max_delta_q_rad"": 0.24312685936527778, ""max_raw_qdot_rad_s"": 2.360904437459356, ""max_filtered_qdot_rad_s"": 2.3608043702858494}",SUCCESS,0.00,2.02,2.02,NO
FAULT_PKT_19,4018,8d83b97cd88a99745195bb6a10cf689a27ab4987,2026-10-04T07:07:08,DDS_PACKET_LOSS,"{""trajectory_points"": 100, ""nominal_rate_hz"": 100.0, ""drop_rate_pct"": 15.0, ""dropped_packets_count"": 15, ""drop_location"": ""DDS transport relay between SkillAgent and ControlAgent"", ""dropped_packet_type"": ""JointTrajectoryPoint / JointState stream""}","{""packets_sent"": 100, ""packets_received"": 85, ""mean_jitter_ms"": 2.1200013801959963, ""std_jitter_ms"": 3.8035259805773194, ""mean_tracking_deviation_mm"": 0.00406516098629404, ""max_tracking_deviation_mm"": 0.04651770547024998, ""max_delta_q_rad"": 0.24387224052443557, ""max_raw_qdot_rad_s"": 2.360855074949577, ""max_filtered_qdot_rad_s"": 2.3351455650420356}",SUCCESS,0.00,2.12,2.12,NO
FAULT_PKT_20,4019,8d83b97cd88a99745195bb6a10cf689a27ab4987,2026-10-04T07:07:09,DDS_PACKET_LOSS,"{""trajectory_points"": 100, ""nominal_rate_hz"": 100.0, ""drop_rate_pct"": 15.0, ""dropped_packets_count"": 15, ""drop_location"": ""DDS transport relay between SkillAgent and ControlAgent"", ""dropped_packet_type"": ""JointTrajectoryPoint / JointState stream""}","{""packets_sent"": 100, ""packets_received"": 85, ""mean_jitter_ms"": 2.260856690298256, ""std_jitter_ms"": 4.916001182277464, ""mean_tracking_deviation_mm"": 0.004457036867003307, ""max_tracking_deviation_mm"": 0.04676524398318982, ""max_delta_q_rad"": 0.2474766807690516, ""max_raw_qdot_rad_s"": 2.360867213100785, ""max_filtered_qdot_rad_s"": 2.3608553791947595}",SUCCESS,0.00,2.26,2.26,NO
FAULT_PKT_21,4020,8d83b97cd88a99745195bb6a10cf689a27ab4987,2026-10-04T07:07:10,DDS_PACKET_LOSS,"{""trajectory_points"": 100, ""nominal_rate_hz"": 100.0, ""drop_rate_pct"": 30.0, ""dropped_packets_count"": 30, ""drop_location"": ""DDS transport relay between SkillAgent and ControlAgent"", ""dropped_packet_type"": ""JointTrajectoryPoint / JointState stream""}","{""packets_sent"": 100, ""packets_received"": 70, ""mean_jitter_ms"": 4.85269260898138, ""std_jitter_ms"": 7.058238451066871, ""mean_tracking_deviation_mm"": 0.009764769572373046, ""max_tracking_deviation_mm"": 0.04677562785284689, ""max_delta_q_rad"": 0.24916435296432926, ""max_raw_qdot_rad_s"": 2.3608545917963966, ""max_filtered_qdot_rad_s"": 2.335152784064714}",SUCCESS,0.00,4.85,4.85,NO
FAULT_PKT_22,4021,8d83b97cd88a99745195bb6a10cf689a27ab4987,2026-10-04T07:07:11,DDS_PACKET_LOSS,"{""trajectory_points"": 100, ""nominal_rate_hz"": 100.0, ""drop_rate_pct"": 30.0, ""dropped_packets_count"": 30, ""drop_location"": ""DDS transport relay between SkillAgent and ControlAgent"", ""dropped_packet_type"": ""JointTrajectoryPoint / JointState stream""}","{""packets_sent"": 100, ""packets_received"": 70, ""mean_jitter_ms"": 4.551800651926264, ""std_jitter_ms"": 8.262232619451959, ""mean_tracking_deviation_mm"": 0.008756672822161336, ""max_tracking_deviation_mm"": 0.04676524398318982, ""max_delta_q_rad"": 0.2527473942684937, ""max_raw_qdot_rad_s"": 2.3608542388875158, ""max_filtered_qdot_rad_s"": 2.3608264685510107}",SUCCESS,0.00,4.55,4.55,NO
FAULT_PKT_23,4022,8d83b97cd88a99745195bb6a10cf689a27ab4987,2026-10-04T07:07:13,DDS_PACKET_LOSS,"{""trajectory_points"": 100, ""nominal_rate_hz"": 100.0, ""drop_rate_pct"": 30.0, ""dropped_packets_count"": 30, ""drop_location"": ""DDS transport relay between SkillAgent and ControlAgent"", ""dropped_packet_type"": ""JointTrajectoryPoint / JointState stream""}","{""packets_sent"": 100, ""packets_received"": 70, ""mean_jitter_ms"": 4.680089463970786, ""std_jitter_ms"": 6.081362761858667, ""mean_tracking_deviation_mm"": 0.008872099129191059, ""max_tracking_deviation_mm"": 0.04676524398318982, ""max_delta_q_rad"": 0.24613799465345299, ""max_raw_qdot_rad_s"": 2.3608394123375387, ""max_filtered_qdot_rad_s"": 2.3351213399712427}",SUCCESS,0.00,4.68,4.68,NO
FAULT_PKT_24,4023,8d83b97cd88a99745195bb6a10cf689a27ab4987,2026-10-04T07:07:14,DDS_PACKET_LOSS,"{""trajectory_points"": 100, ""nominal_rate_hz"": 100.0, ""drop_rate_pct"": 30.0, ""dropped_packets_count"": 30, ""drop_location"": ""DDS transport relay between SkillAgent and ControlAgent"", ""dropped_packet_type"": ""JointTrajectoryPoint / JointState stream""}","{""packets_sent"": 100, ""packets_received"": 70, ""mean_jitter_ms"": 4.647413015287991, ""std_jitter_ms"": 7.050710148341943, ""mean_tracking_deviation_mm"": 0.009516013416035625, ""max_tracking_deviation_mm"": 0.04685617541675666, ""max_delta_q_rad"": 0.24204589338578675, ""max_raw_qdot_rad_s"": 2.36088128244661, ""max_filtered_qdot_rad_s"": 2.3351913084141724}",SUCCESS,0.00,4.65,4.65,NO
FAULT_PKT_25,4024,8d83b97cd88a99745195bb6a10cf689a27ab4987,2026-10-04T07:07:15,DDS_PACKET_LOSS,"{""trajectory_points"": 100, ""nominal_rate_hz"": 100.0, ""drop_rate_pct"": 30.0, ""dropped_packets_count"": 30, ""drop_location"": ""DDS transport relay between SkillAgent and ControlAgent"", ""dropped_packet_type"": ""JointTrajectoryPoint / JointState stream""}","{""packets_sent"": 100, ""packets_received"": 70, ""mean_jitter_ms"": 4.207678159464326, ""std_jitter_ms"": 6.978583493833935, ""mean_tracking_deviation_mm"": 0.008820880379931216, ""max_tracking_deviation_mm"": 0.04677562785284689, ""max_delta_q_rad"": 0.24069217070439564, ""max_raw_qdot_rad_s"": 2.3609112806875157, ""max_filtered_qdot_rad_s"": 2.3352272589129477}",SUCCESS,0.00,4.21,4.21,NO
FAULT_PKT_26,4025,8d83b97cd88a99745195bb6a10cf689a27ab4987,2026-10-04T07:07:16,DDS_PACKET_LOSS,"{""trajectory_points"": 100, ""nominal_rate_hz"": 100.0, ""drop_rate_pct"": 30.0, ""dropped_packets_count"": 30, ""drop_location"": ""DDS transport relay between SkillAgent and ControlAgent"", ""dropped_packet_type"": ""JointTrajectoryPoint / JointState stream""}","{""packets_sent"": 100, ""packets_received"": 70, ""mean_jitter_ms"": 4.83517801448993, ""std_jitter_ms"": 7.8418568075125386, ""mean_tracking_deviation_mm"": 0.008643092547773887, ""max_tracking_deviation_mm"": 0.04651770547024998, ""max_delta_q_rad"": 0.2504007665853978, ""max_raw_qdot_rad_s"": 2.3608421128489323, ""max_filtered_qdot_rad_s"": 2.360680473417628}",SUCCESS,0.00,4.84,4.84,NO
FAULT_PKT_27,4026,8d83b97cd88a99745195bb6a10cf689a27ab4987,2026-10-04T07:07:17,DDS_PACKET_LOSS,"{""trajectory_points"": 100, ""nominal_rate_hz"": 100.0, ""drop_rate_pct"": 30.0, ""dropped_packets_count"": 30, ""drop_location"": ""DDS transport relay between SkillAgent and ControlAgent"", ""dropped_packet_type"": ""JointTrajectoryPoint / JointState stream""}","{""packets_sent"": 100, ""packets_received"": 70, ""mean_jitter_ms"": 4.5927991457047295, ""std_jitter_ms"": 8.624587954029323, ""mean_tracking_deviation_mm"": 0.007742180993780994, ""max_tracking_deviation_mm"": 0.04604755256787966, ""max_delta_q_rad"": 0.2599589625307992, ""max_raw_qdot_rad_s"": 2.360863951912581, ""max_filtered_qdot_rad_s"": 2.360840794045306}",SUCCESS,0.00,4.59,4.59,NO
FAULT_PKT_28,4027,8d83b97cd88a99745195bb6a10cf689a27ab4987,2026-10-04T07:07:18,DDS_PACKET_LOSS,"{""trajectory_points"": 100, ""nominal_rate_hz"": 100.0, ""drop_rate_pct"": 30.0, ""dropped_packets_count"": 30, ""drop_location"": ""DDS transport relay between SkillAgent and ControlAgent"", ""dropped_packet_type"": ""JointTrajectoryPoint / JointState stream""}","{""packets_sent"": 100, ""packets_received"": 70, ""mean_jitter_ms"": 4.821706188326377, ""std_jitter_ms"": 6.351491855347176, ""mean_tracking_deviation_mm"": 0.00921950436004788, ""max_tracking_deviation_mm"": 0.04676524398318982, ""max_delta_q_rad"": 0.24756575711947182, ""max_raw_qdot_rad_s"": 2.360819409170388, ""max_filtered_qdot_rad_s"": 2.334999819717946}",SUCCESS,0.00,4.82,4.82,NO
FAULT_PKT_29,4028,8d83b97cd88a99745195bb6a10cf689a27ab4987,2026-10-04T07:07:19,DDS_PACKET_LOSS,"{""trajectory_points"": 100, ""nominal_rate_hz"": 100.0, ""drop_rate_pct"": 30.0, ""dropped_packets_count"": 30, ""drop_location"": ""DDS transport relay between SkillAgent and ControlAgent"", ""dropped_packet_type"": ""JointTrajectoryPoint / JointState stream""}","{""packets_sent"": 100, ""packets_received"": 70, ""mean_jitter_ms"": 4.810147130257868, ""std_jitter_ms"": 7.103501337824913, ""mean_tracking_deviation_mm"": 0.009079862146992818, ""max_tracking_deviation_mm"": 0.04677562785284689, ""max_delta_q_rad"": 0.24985427901145485, ""max_raw_qdot_rad_s"": 2.3608652519994795, ""max_filtered_qdot_rad_s"": 2.3608258540512197}",SUCCESS,0.00,4.81,4.81,NO
FAULT_PKT_30,4029,8d83b97cd88a99745195bb6a10cf689a27ab4987,2026-10-04T07:07:21,DDS_PACKET_LOSS,"{""trajectory_points"": 100, ""nominal_rate_hz"": 100.0, ""drop_rate_pct"": 30.0, ""dropped_packets_count"": 30, ""drop_location"": ""DDS transport relay between SkillAgent and ControlAgent"", ""dropped_packet_type"": ""JointTrajectoryPoint / JointState stream""}","{""packets_sent"": 100, ""packets_received"": 70, ""mean_jitter_ms"": 4.88934805835226, ""std_jitter_ms"": 8.505363843988512, ""mean_tracking_deviation_mm"": 0.008829683651585533, ""max_tracking_deviation_mm"": 0.04685617541675666, ""max_delta_q_rad"": 0.24730363110830655, ""max_raw_qdot_rad_s"": 2.3608573069638794, ""max_filtered_qdot_rad_s"": 2.3608312037477552}",SUCCESS,0.00,4.89,4.89,NO
