trial_id,seed,commit_hash,timestamp,cmd_waist,cmd_shoulder,cmd_elbow,cmd_wrist_pitch,cmd_gripper,gz_waist,gz_shoulder,gz_elbow,gz_wrist_pitch,q_err_waist,q_err_shoulder,q_err_elbow,q_err_wrist,urdf_x_m,urdf_y_m,urdf_z_m,gz_x_m,gz_y_m,gz_z_m,gz_qx,gz_qy,gz_qz,gz_qw,gz_world_x_m,gz_world_y_m,gz_world_z_m,d_gz_urdf_mm,rot_err_deg,gz_cam_x_m,gz_cam_y_m,gz_cam_z_m
TRIAL_00,101,8d83b97,2026-10-05T04:24:11.419509+00:00,0.10303561663791783,0.2220087717518664,-1.4813419060746553,-1.0319451516665588,0.5820648045795678,0.10039512240768378,0.21792791976541448,-1.483637778455777,-1.0324389723039653,0.0026404942302340473,0.004080851986451917,0.002295872381121722,0.0004938206374065501,0.011404174055560833,-0.13455043818305232,0.18646189364455362,0.012,-0.135,0.186,0.623,0.336,0.649,0.277,0.135,0.012,0.8,0.8777585785414825,2.6271847706178755,0.006,-0.147,0.241
TRIAL_01,101,8d83b97,2026-10-05T04:24:29.850727+00:00,2.0979358614283568,-0.6064335061723637,1.236571959490215,0.6960005685792185,-0.9740855036345788,2.0956618528098794,-0.6083833569190205,1.2357611500666152,0.6964341069999964,0.0022740086184773745,0.0019498507466567672,0.0008108094235996788,0.0004335384207778681,-0.18048655493288596,-0.10195720301408265,0.1304378403988775,-0.181,-0.102,0.13,-0.529,0.472,0.673,0.212,0.102,-0.18,0.745,0.6761372891924868,0.0,-0.224,-0.137,0.128
TRIAL_02,101,8d83b97,2026-10-05T04:24:49.356957+00:00,0.34072200379900464,-0.46454116693066694,-0.9993644908541969,0.8972443969253714,1.4623586718987465,0.33657361908053307,-0.4660788740150288,-1.0002146916423236,0.8969914693037531,0.004148384718471565,0.00153770708436185,0.0008502007881266982,0.00025292762161832627,-0.006667945561387736,0.012089630230112447,0.29637646460074896,-0.007,0.012,0.296,0.683,0.165,0.708,-0.071,-0.012,-0.007,0.91,0.5099208997179839,0.0,0.002,-0.034,0.328
TRIAL_03,101,8d83b97,2026-10-05T04:25:06.587161+00:00,-1.6816715396059143,-1.3082803406747052,0.32530696276090576,0.7194019640200509,-0.702966452551645,-1.6806738911294454,-1.3121745233185749,0.32302679917856914,0.7181391246456466,0.000997648476468882,0.003894182643869648,0.002280163582336625,0.001262839374404301,0.24920597443421488,-0.029207683071259788,0.0890308851135698,0.249,-0.029,0.09,0.65,0.28,-0.342,0.619,0.029,0.249,0.702,1.012295109510393,0.0,0.305,-0.027,0.099
TRIAL_04,101,8d83b97,2026-10-05T04:25:25.487184+00:00,1.1643140023190055,0.056132325675649186,-1.418477660203417,-1.137667342913758,-0.9834208343794115,1.168970681632075,0.059043489305148356,-1.4175049465573455,-1.138186870088692,0.004656679313069567,0.0029111636294991694,0.0009727136460715435,0.0005195271749338648,0.10219611652916744,-0.04445411771575351,0.21756879937207227,0.103,-0.044,0.217,0.261,0.657,0.707,0.028,0.045,0.102,0.832,1.084428079730879,0.0,0.094,-0.048,0.273
TRIAL_05,101,8d83b97,2026-10-05T04:25:43.368583+00:00,3.1058909736072735,0.064922258409011,0.247524625829322,0.7377058283819635,0.13182679536809916,3.1130491865333116,0.06281292488761103,0.24720616554271757,0.739363582243393,0.007158212926038132,0.0021093335213999698,0.00031846028660442727,0.0016577538614295229,-0.006026278323317253,-0.04220306743877003,0.32034056330381766,-0.006,-0.043,0.32,0.334,-0.618,-0.354,0.617,0.042,-0.006,0.934,0.8670498378594591,1.8777304110129442,0.002,-0.038,0.376
TRIAL_06,101,8d83b97,2026-10-05T04:26:02.501197+00:00,2.5959203631973624,0.9673596842359005,-0.304741302474671,-0.4485429557056677,1.42275415991756,2.5989705543382815,0.968527613601986,-0.30402198883199905,-0.4485111289120036,0.0030501911409190896,0.0011679293660855627,0.0007193136426719704,3.182679366409147e-05,0.09906955662253222,0.1709063052352278,0.19549657767322903,0.1,0.171,0.196,0.066,-0.703,-0.431,0.562,-0.171,0.1,0.81,1.0620440794575703,0.0,0.116,0.183,0.248
TRIAL_07,101,8d83b97,2026-10-05T04:26:22.088332+00:00,-0.9824917722923239,1.146994900772642,1.0375980342881848,0.1198877286064659,1.3272266772238788,-0.9889054284259613,1.148352673224747,1.0376558087850887,0.11944825864849129,0.006413656133637424,0.0013577724521049994,5.777449690391734e-05,0.0004394699579746142,-0.08290365017900606,-0.05419800336102967,0.2594118673648848,-0.083,-0.054,0.259,0.691,0.123,0.281,0.654,0.055,-0.082,0.873,0.46703677075982103,2.175271820373937,-0.077,-0.04,0.314
TRIAL_08,101,8d83b97,2026-10-05T04:26:39.568555+00:00,-2.5312033192860284,-1.2476913978409594,0.6330538398027521,1.226728688228584,-1.0695228576885218,-2.5314862719647566,-1.2430039960217227,0.6358831311411812,1.2288665711849545,0.00028295267872824326,0.0046874018192366584,0.0028292913384291296,0.002137882956370518,0.13589570842684,-0.20102508305201489,0.06539052784549187,0.136,-0.201,0.066,0.701,-0.105,-0.506,0.492,0.201,0.136,0.679,0.6188393966542111,0.0,0.171,-0.238,0.089
TRIAL_09,101,8d83b97,2026-10-05T04:26:58.032144+00:00,-1.4101192884311675,0.5418981223762862,-1.054622839411277,0.6326260834161324,-0.03884509508175493,-1.4116777423021896,0.5372265287233526,-1.0575363590418085,0.6319141163258779,0.0015584538710220475,0.00467159365293357,0.002913519630531436,0.0007119670902544506,-0.17162707060415552,-0.028283349487459343,0.1875267515623011,-0.172,-0.029,0.187,0.357,-0.611,0.656,0.263,0.029,-0.172,0.801,0.9644332531577128,0.0,-0.227,-0.03,0.176
TRIAL_10,101,8d83b97,2026-10-05T04:27:16.567538+00:00,0.0,0.0,0.0,0.0,0.0,0.005848641603096283,-0.0005289196473734492,0.00028764736915753986,0.0007740514547567301,0.005848641603096283,0.0005289196473734492,0.00028764736915753986,0.0007740514547567301,-0.0023734011670249683,0.02682510685873979,0.3240228055170886,-0.002,0.027,0.324,0.498,0.495,0.502,0.505,-0.027,-0.003,0.938,0.41296020874310774,0.0,-0.01,0.052,0.374
TRIAL_11,101,8d83b97,2026-10-05T04:27:34.116154+00:00,0.0,0.5,-0.5,0.0,0.0,-0.004113884930532663,0.4961357263277799,-0.5025231225667222,-0.0002633305708785727,0.004113884930532663,0.0038642736722200866,0.002523122566722158,0.0002633305708785727,-0.00238768478268512,-0.14105477850133274,0.26059156987314036,-0.003,-0.141,0.261,0.678,0.194,0.679,0.206,0.142,-0.002,0.874,0.7380689521245429,0.0,-0.009,-0.17,0.308
TRIAL_12,101,8d83b97,2026-10-05T04:27:52.956116+00:00,1.5707963267948966,0.3,-0.3,0.0,0.0,1.576569059876019,0.2955396975820195,-0.30218545779171624,0.0008762820535848093,0.005772733081122361,0.004460302417980511,0.00218545779171625,0.0008762820535848093,0.07796680301326447,0.001062981149859082,0.3027857063930449,0.077,0.002,0.303,0.208,0.672,0.68,-0.209,-0.002,0.077,0.917,1.3633173298826993,0.0,0.086,-0.007,0.358
TRIAL_13,101,8d83b97,2026-10-05T04:28:11.002738+00:00,-0.7853981633974483,0.7,-0.7,0.0,0.0,-0.7887519030106542,0.7004817601555846,-0.7000828851372347,-0.0006225546251652503,0.0033537396132059527,0.000481760155584654,8.28851372347561e-05,0.0006225546251652503,-0.13168838192387083,-0.1297269435706303,0.20218110046393561,-0.131,-0.13,0.202,0.672,-0.217,0.627,0.329,0.13,-0.131,0.816,0.7623823612662638,0.0,-0.169,-0.156,0.235
TRIAL_14,101,8d83b97,2026-10-05T04:28:27.806086+00:00,1.0471975511965976,0.0,0.0,0.5,0.0,1.0489628170152834,0.005374207111490392,0.002154986460592312,0.49943290651675465,0.0017652658186857462,0.005374207111490392,0.002154986460592312,0.0005670934832453511,-0.02615158483645117,0.014339915368410953,0.3240228055170886,-0.025,0.014,0.324,0.344,0.612,0.712,0.007,-0.015,-0.027,0.938,1.200920557254267,0.9134596129348209,-0.027,0.006,0.38
TRIAL_15,101,8d83b97,2026-10-05T04:28:44.456200+00:00,0.0,-0.5,0.5,0.0,0.0,-0.0034929968715236015,-0.4960839281537712,0.5021161684508231,0.0006030085066131008,0.0034929968715236015,0.003916071846228775,0.002116168450823075,0.0006030085066131008,-0.0024002025258929695,0.18555047978551953,0.24161536672696138,-0.003,0.186,0.241,0.193,0.678,0.204,0.679,-0.186,-0.003,0.855,0.9697946389947258,1.6445775157128009,-0.011,0.242,0.247
TRIAL_16,101,8d83b97,2026-10-05T04:29:02.519520+00:00,3.141592653589793,0.4,-0.4,0.1,0.0,3.129238378268443,0.40391977788641586,-0.39809877136348426,0.09988689428070074,0.012354275321349917,0.003919777886415843,0.0019012286365157616,0.00011310571929926128,-0.004518449515117345,0.1131292750461269,0.2841313556321318,-0.003,0.114,0.284,0.224,-0.667,-0.241,0.668,-0.114,-0.003,0.898,1.7553077158578736,2.1438815844366492,0.005,0.137,0.334
TRIAL_17,101,8d83b97,2026-10-05T04:29:21.296925+00:00,0.0,1.5707963267948966,-1.5707963267948966,0.0,0.0,-0.14892568796094618,1.3971530017447948,-1.6246871226194086,0.28884380817898947,0.14892568796094618,0.17364332505010172,0.05389079582451206,0.28884380817898947,-0.002528233917367678,-0.11192290598958198,-0.04347487220626561,-0.013,-0.113,-0.023,0.581,-0.412,0.607,-0.352,0.114,-0.015,0.58,23.02256302542259,5.516042355808123,-0.02,-0.135,-0.082
TRIAL_18,101,8d83b97,2026-10-05T04:29:39.613783+00:00,0.0,0.0,-1.0,1.5707963267948966,0.0,0.00596732253580079,-0.0003613419721508748,-1.0004264078318101,1.553769087592805,0.00596732253580079,0.0003613419721508748,0.0004264078318101383,0.017027239202091593,-0.002439480518431858,-0.08452461324287223,0.2728071437486459,nan,nan,nan,nan,nan,nan,nan,0.085,-0.003,0.887,nan,nan,-0.011,-0.133,0.245
TRIAL_19,101,8d83b97,2026-10-05T04:30:00.865014+00:00,0.5235987755982988,0.3,-0.6,0.3,0.0,0.5255129809617989,0.3055235132160332,-0.5974183284829486,0.2995030290298537,0.0019142053635000655,0.005523513216033227,0.0025816715170513538,0.0004969709701462821,0.05301144319925308,-0.09569484909381551,0.2787310464963606,0.052,-0.095,0.279,0.637,0.301,0.708,-0.049,0.095,0.052,0.893,1.2562518042221713,0.0,0.064,-0.131,0.321
