dataset,solver,total_poses,success_count,success_rate_pct,time_mean_ms,time_std_ms,time_p50_ms,time_p95_ms,time_p99_ms,error_mean_mm,error_std_mm,error_max_mm
Set_A_FK_Reachable_100k,ARIA_Analytical,100000,100000,100.00,0.0911,0.0412,0.0802,0.1718,0.2262,0.0000,0.0000,0.0000
Set_A_FK_Reachable_100k,TRAC_IK,100000,99996,100.00,0.2904,0.1934,0.2379,0.6044,1.0925,0.0222,0.0291,0.1407
Set_A_FK_Reachable_100k,PyKDL,100000,84977,84.98,0.1340,0.1951,0.0512,0.5774,0.7391,0.0214,0.0302,0.1648
Set_A_FK_Reachable_100k,RTB_LM,100000,99868,99.87,3.4337,5.6378,2.0255,7.1987,23.1334,0.3788,0.3985,1.4139
Set_A_FK_Reachable_100k,IKPy,100000,89477,89.48,31.1271,62.7070,14.1325,99.6048,347.3118,0.0044,0.0600,1.4978
Set_B_Cartesian_Random_100k,ARIA_Analytical,100000,13673,13.67,0.0546,0.0526,0.0367,0.1843,0.2352,0.0000,0.0000,0.0000
Set_B_Cartesian_Random_100k,TRAC_IK,100000,35536,35.54,3.3801,2.3082,5.0425,5.1192,5.6142,0.0216,0.0286,0.1408
Set_B_Cartesian_Random_100k,PyKDL,100000,32096,32.10,0.5383,0.3420,0.6152,0.9257,0.9786,0.0203,0.0291,0.1594
Set_B_Cartesian_Random_100k,RTB_LM,100000,35425,35.43,67.3142,55.1654,67.8783,156.9735,168.1958,0.3592,0.3889,1.4139
Set_B_Cartesian_Random_100k,IKPy,100000,38023,38.02,29.3888,48.3335,21.1699,65.3290,198.6750,0.0122,0.1079,1.4998
