trial_id,timestamp,git_commit_hash,task_id,task_name,difficulty,seed,target_x_m,target_y_m,target_z_m,ik_success,ik_pitch_rad,ik_solve_time_ms,tf_ee_x_m,tf_ee_y_m,tf_ee_z_m,tf_ee_error_mm,joint_2_max_vel_rad_s,joint_2_vel_limit_rad_s,velocity_saturated,physical_contact_only_held,attach_assisted,metric_value,metric_threshold,outcome,failure_category,execution_time_s,details
TRIAL_0001,2026-10-08T03:38:22.532531+00:00,1e8fd01,task_01,Reach & Touch Object,easy,1001,0.1761,-0.0056,0.0500,TRUE,-1.550,0.55,0.1751,-0.0056,0.0544,4.49,8.9582,1.50,TRUE,FALSE,FALSE,4.485,10.000,SUCCESS,NONE,6.76,TF EE error=4.49 mm (limit=10.0 mm)
TRIAL_0002,2026-10-08T03:38:32.287733+00:00,1e8fd01,task_01,Reach & Touch Object,easy,1002,0.1726,-0.0009,0.0500,TRUE,-1.550,0.36,0.1719,-0.0009,0.0566,6.61,8.8407,1.50,TRUE,FALSE,FALSE,6.607,10.000,SUCCESS,NONE,4.98,TF EE error=6.61 mm (limit=10.0 mm)
TRIAL_0003,2026-10-08T03:38:40.309345+00:00,1e8fd01,task_01,Reach & Touch Object,easy,1003,0.1820,-0.0015,0.0500,TRUE,-1.550,0.60,0.1814,-0.0015,0.0514,1.48,11.9605,1.50,TRUE,FALSE,FALSE,1.478,10.000,SUCCESS,NONE,5.08,TF EE error=1.48 mm (limit=10.0 mm)
TRIAL_0004,2026-10-08T03:38:48.421602+00:00,1e8fd01,task_01,Reach & Touch Object,easy,1004,0.1708,0.0086,0.0500,TRUE,-1.550,0.39,0.1704,0.0085,0.0575,7.48,9.5424,1.50,TRUE,FALSE,FALSE,7.476,10.000,SUCCESS,NONE,5.07,TF EE error=7.48 mm (limit=10.0 mm)
TRIAL_0005,2026-10-08T03:38:56.617645+00:00,1e8fd01,task_01,Reach & Touch Object,easy,1005,0.1832,-0.0103,0.0500,TRUE,-1.550,0.65,0.1828,-0.0102,0.0506,0.74,11.6068,1.50,TRUE,FALSE,FALSE,0.742,10.000,SUCCESS,NONE,4.90,TF EE error=0.74 mm (limit=10.0 mm)
TRIAL_0006,2026-10-08T03:39:04.478072+00:00,1e8fd01,task_01,Reach & Touch Object,easy,1006,0.1849,-0.0066,0.0500,TRUE,-1.550,0.62,0.1845,-0.0067,0.0506,0.67,11.4579,1.50,TRUE,FALSE,FALSE,0.673,10.000,SUCCESS,NONE,4.93,TF EE error=0.67 mm (limit=10.0 mm)
TRIAL_0007,2026-10-08T03:39:12.396374+00:00,1e8fd01,task_01,Reach & Touch Object,easy,1007,0.1810,0.0071,0.0500,TRUE,-1.550,0.43,0.1802,0.0072,0.0513,1.45,12.3341,1.50,TRUE,FALSE,FALSE,1.454,10.000,SUCCESS,NONE,5.04,TF EE error=1.45 mm (limit=10.0 mm)
TRIAL_0008,2026-10-08T03:39:20.544493+00:00,1e8fd01,task_01,Reach & Touch Object,easy,1008,0.1823,0.0103,0.0500,TRUE,-1.550,0.62,0.1818,0.0103,0.0503,0.54,10.6960,1.50,TRUE,FALSE,FALSE,0.539,10.000,SUCCESS,NONE,5.18,TF EE error=0.54 mm (limit=10.0 mm)
TRIAL_0009,2026-10-08T03:39:28.859171+00:00,1e8fd01,task_01,Reach & Touch Object,easy,1009,0.1823,-0.0081,0.0500,TRUE,-1.550,0.88,0.1819,-0.0080,0.0504,0.56,11.1840,1.50,TRUE,FALSE,FALSE,0.564,10.000,SUCCESS,NONE,4.91,TF EE error=0.56 mm (limit=10.0 mm)
TRIAL_0010,2026-10-08T03:39:36.753881+00:00,1e8fd01,task_01,Reach & Touch Object,easy,1010,0.1779,-0.0078,0.0500,TRUE,-1.550,0.42,0.1769,-0.0077,0.0532,3.37,8.4298,1.50,TRUE,FALSE,FALSE,3.370,10.000,SUCCESS,NONE,4.93,TF EE error=3.37 mm (limit=10.0 mm)
TRIAL_0011,2026-10-08T03:39:44.660647+00:00,1e8fd01,task_02,Pick & Lift Workpiece,easy,1011,0.2031,-0.0527,0.0300,TRUE,-1.550,0.70,0.2029,-0.0524,0.0297,0.00,14.3051,1.50,TRUE,FALSE,FALSE,0.409,50.000,FAILURE,B_GRASP_SLIP,8.92,"Lifted 0.4 mm (limit=50.0 mm), held 0.00s (req=2.0s)"
TRIAL_0012,2026-10-08T03:39:56.435111+00:00,1e8fd01,task_02,Pick & Lift Workpiece,easy,1012,0.1905,-0.0430,0.0300,TRUE,-1.550,0.64,0.1898,-0.0429,0.0342,0.00,8.8893,1.50,TRUE,FALSE,FALSE,-0.054,50.000,FAILURE,B_GRASP_SLIP,8.88,"Lifted -0.1 mm (limit=50.0 mm), held 0.00s (req=2.0s)"
TRIAL_0013,2026-10-08T03:40:08.172723+00:00,1e8fd01,task_02,Pick & Lift Workpiece,easy,1013,0.2011,-0.0607,0.0300,TRUE,-1.550,0.61,0.2018,-0.0570,0.0299,0.00,13.5354,1.50,TRUE,FALSE,FALSE,-0.062,50.000,FAILURE,B_GRASP_SLIP,8.87,"Lifted -0.1 mm (limit=50.0 mm), held 0.00s (req=2.0s)"
TRIAL_0014,2026-10-08T03:40:19.892048+00:00,1e8fd01,task_02,Pick & Lift Workpiece,easy,1014,0.1946,-0.0451,0.0300,TRUE,-1.550,0.62,0.1941,-0.0449,0.0336,0.00,10.4658,1.50,TRUE,FALSE,FALSE,-0.055,50.000,FAILURE,B_GRASP_SLIP,8.89,"Lifted -0.1 mm (limit=50.0 mm), held 0.00s (req=2.0s)"
TRIAL_0015,2026-10-08T03:40:31.637076+00:00,1e8fd01,task_02,Pick & Lift Workpiece,easy,1015,0.2026,-0.0587,0.0300,TRUE,-1.550,0.62,0.2025,-0.0560,0.0304,0.00,13.9198,1.50,TRUE,FALSE,FALSE,-0.059,50.000,FAILURE,B_GRASP_SLIP,8.91,"Lifted -0.1 mm (limit=50.0 mm), held 0.00s (req=2.0s)"
TRIAL_0016,2026-10-08T03:40:43.401198+00:00,1e8fd01,task_02,Pick & Lift Workpiece,easy,1016,0.2068,-0.0450,0.0300,TRUE,-1.550,0.59,0.2065,-0.0449,0.0307,0.00,12.1221,1.50,TRUE,FALSE,FALSE,0.000,50.000,FAILURE,B_GRASP_SLIP,8.92,"Lifted 0.0 mm (limit=50.0 mm), held 0.00s (req=2.0s)"
TRIAL_0017,2026-10-08T03:40:55.166412+00:00,1e8fd01,task_02,Pick & Lift Workpiece,easy,1017,0.1923,-0.0399,0.0300,TRUE,-1.550,0.63,0.1916,-0.0397,0.0346,0.00,11.9733,1.50,TRUE,FALSE,FALSE,-0.054,50.000,FAILURE,B_GRASP_SLIP,8.88,"Lifted -0.1 mm (limit=50.0 mm), held 0.00s (req=2.0s)"
TRIAL_0018,2026-10-08T03:41:06.898871+00:00,1e8fd01,task_02,Pick & Lift Workpiece,easy,1018,0.1916,-0.0393,0.0300,TRUE,-1.550,0.61,0.1910,-0.0391,0.0347,0.00,10.8648,1.50,TRUE,FALSE,FALSE,-0.060,50.000,FAILURE,B_GRASP_SLIP,8.88,"Lifted -0.1 mm (limit=50.0 mm), held 0.00s (req=2.0s)"
TRIAL_0019,2026-10-08T03:41:18.632468+00:00,1e8fd01,task_02,Pick & Lift Workpiece,easy,1019,0.1965,-0.0592,0.0300,TRUE,-1.550,0.61,0.1982,-0.0579,0.0329,0.00,11.4542,1.50,TRUE,FALSE,FALSE,-0.052,50.000,FAILURE,B_GRASP_SLIP,8.92,"Lifted -0.1 mm (limit=50.0 mm), held 0.00s (req=2.0s)"
TRIAL_0020,2026-10-08T03:41:30.400314+00:00,1e8fd01,task_02,Pick & Lift Workpiece,easy,1020,0.2052,-0.0580,0.0300,TRUE,-1.550,0.66,0.2049,-0.0572,0.0294,0.00,12.9871,1.50,TRUE,FALSE,FALSE,-0.055,50.000,FAILURE,B_GRASP_SLIP,8.91,"Lifted -0.1 mm (limit=50.0 mm), held 0.00s (req=2.0s)"
TRIAL_0021,2026-10-08T03:41:42.158849+00:00,1e8fd01,task_03,Conveyor Dynamic Rendezvous,medium,1021,0.2040,0.0789,0.0400,TRUE,-1.550,0.66,0.2078,0.0780,0.0592,0.00,112.6159,1.50,TRUE,FALSE,FALSE,0.000,1.000,FAILURE,D_TOLERANCE_EXCEEDED,13.84,"In bin: False (bounds X[0.00,0.14], Y[-0.27,-0.13]), roll=0.1°, pitch=-0.1°"
TRIAL_0022,2026-10-08T03:41:58.517476+00:00,1e8fd01,task_03,Conveyor Dynamic Rendezvous,medium,1022,0.1927,0.0815,0.0400,TRUE,-1.550,0.60,0.2052,0.0881,0.0594,0.00,143.0276,1.50,TRUE,FALSE,FALSE,0.000,1.000,FAILURE,D_TOLERANCE_EXCEEDED,13.96,"In bin: False (bounds X[0.00,0.14], Y[-0.27,-0.13]), roll=0.1°, pitch=-0.0°"
TRIAL_0023,2026-10-08T03:42:14.985096+00:00,1e8fd01,task_03,Conveyor Dynamic Rendezvous,medium,1023,0.2083,0.0731,0.0400,TRUE,-1.550,28.84,0.2095,0.0703,0.0645,0.00,145.2152,1.50,TRUE,FALSE,FALSE,0.000,1.000,FAILURE,D_TOLERANCE_EXCEEDED,12.51,"In bin: False (bounds X[0.00,0.14], Y[-0.27,-0.13]), roll=0.0°, pitch=-0.0°"
TRIAL_0024,2026-10-08T03:42:30.007148+00:00,1e8fd01,task_03,Conveyor Dynamic Rendezvous,medium,1024,0.2030,0.0819,0.0400,TRUE,-1.550,0.61,0.2074,0.0809,0.0598,0.00,116.3994,1.50,TRUE,FALSE,FALSE,0.000,1.000,FAILURE,D_TOLERANCE_EXCEEDED,13.99,"In bin: False (bounds X[0.00,0.14], Y[-0.27,-0.13]), roll=0.1°, pitch=-0.0°"
TRIAL_0025,2026-10-08T03:42:46.505248+00:00,1e8fd01,task_03,Conveyor Dynamic Rendezvous,medium,1025,0.2020,0.0728,0.0400,TRUE,-1.550,0.63,0.2106,0.0722,0.0580,0.00,99.8029,1.50,TRUE,FALSE,FALSE,0.000,1.000,FAILURE,D_TOLERANCE_EXCEEDED,13.77,"In bin: False (bounds X[0.00,0.14], Y[-0.27,-0.13]), roll=0.0°, pitch=-0.0°"
TRIAL_0026,2026-10-08T03:43:02.788534+00:00,1e8fd01,task_03,Conveyor Dynamic Rendezvous,medium,1026,0.1970,0.0782,0.0400,TRUE,-1.550,0.60,0.2085,0.0783,0.0568,0.00,140.4820,1.50,TRUE,FALSE,FALSE,0.000,1.000,FAILURE,D_TOLERANCE_EXCEEDED,13.87,"In bin: False (bounds X[0.00,0.14], Y[-0.27,-0.13]), roll=0.0°, pitch=-0.0°"
TRIAL_0027,2026-10-08T03:43:19.172577+00:00,1e8fd01,task_03,Conveyor Dynamic Rendezvous,medium,1027,0.1922,0.0725,0.0400,TRUE,-1.550,0.61,0.2063,0.0728,0.0599,0.00,124.6511,1.50,TRUE,FALSE,FALSE,0.000,1.000,FAILURE,D_TOLERANCE_EXCEEDED,13.81,"In bin: False (bounds X[0.00,0.14], Y[-0.27,-0.13]), roll=0.0°, pitch=-0.0°"
TRIAL_0028,2026-10-08T03:43:35.497046+00:00,1e8fd01,task_03,Conveyor Dynamic Rendezvous,medium,1028,0.2044,0.0609,0.0400,TRUE,-1.550,0.63,0.2127,0.0598,0.0571,0.00,86.0443,1.50,TRUE,FALSE,FALSE,0.000,1.000,FAILURE,D_TOLERANCE_EXCEEDED,13.59,"In bin: False (bounds X[0.00,0.14], Y[-0.27,-0.13]), roll=-0.6°, pitch=-0.2°"
TRIAL_0029,2026-10-08T03:43:51.603457+00:00,1e8fd01,task_03,Conveyor Dynamic Rendezvous,medium,1029,0.1908,0.0678,0.0400,TRUE,-1.550,1.28,0.2062,0.0766,0.0596,0.00,122.5876,1.50,TRUE,FALSE,FALSE,0.000,1.000,FAILURE,D_TOLERANCE_EXCEEDED,13.82,"In bin: False (bounds X[0.00,0.14], Y[-0.27,-0.13]), roll=-0.1°, pitch=-0.3°"
TRIAL_0030,2026-10-08T03:44:07.928537+00:00,1e8fd01,task_03,Conveyor Dynamic Rendezvous,medium,1030,0.1991,0.0675,0.0400,TRUE,-1.550,0.61,0.2094,0.0677,0.0559,0.00,112.7106,1.50,TRUE,FALSE,FALSE,0.000,1.000,FAILURE,D_TOLERANCE_EXCEEDED,13.81,"In bin: False (bounds X[0.00,0.14], Y[-0.27,-0.13]), roll=-0.1°, pitch=-0.2°"
TRIAL_0031,2026-10-08T03:44:24.252731+00:00,1e8fd01,task_04,Precision Placement into Tray,medium,1031,0.0700,-0.2058,0.0500,TRUE,-1.550,0.67,0.0715,-0.2031,0.0521,0.00,40.4826,1.50,TRUE,FALSE,FALSE,41.865,5.000,FAILURE,D_TOLERANCE_EXCEEDED,9.60,Pocket xy offset=41.86 mm (limit=5.0 mm)
TRIAL_0032,2026-10-08T03:44:36.356750+00:00,1e8fd01,task_04,Precision Placement into Tray,medium,1032,0.0785,-0.1986,0.0500,TRUE,-1.550,0.68,0.0787,-0.1980,0.0498,0.00,43.9899,1.50,TRUE,FALSE,FALSE,42.275,5.000,FAILURE,D_TOLERANCE_EXCEEDED,9.66,Pocket xy offset=42.28 mm (limit=5.0 mm)
TRIAL_0033,2026-10-08T03:44:48.527935+00:00,1e8fd01,task_04,Precision Placement into Tray,medium,1033,0.0797,-0.1979,0.0500,TRUE,-1.550,0.60,0.0795,-0.1976,0.0507,0.00,46.3449,1.50,TRUE,FALSE,FALSE,42.291,5.000,FAILURE,D_TOLERANCE_EXCEEDED,9.67,Pocket xy offset=42.29 mm (limit=5.0 mm)
TRIAL_0034,2026-10-08T03:45:00.707923+00:00,1e8fd01,task_04,Precision Placement into Tray,medium,1034,0.0861,-0.2011,0.0500,TRUE,-1.550,0.60,0.0864,-0.2004,0.0506,0.00,40.6046,1.50,TRUE,FALSE,FALSE,36.639,5.000,FAILURE,D_TOLERANCE_EXCEEDED,9.82,Pocket xy offset=36.64 mm (limit=5.0 mm)
TRIAL_0035,2026-10-08T03:45:13.043872+00:00,1e8fd01,task_04,Precision Placement into Tray,medium,1035,0.0703,-0.1941,0.0500,TRUE,-1.550,0.60,0.0701,-0.1937,0.0512,0.00,41.2235,1.50,TRUE,FALSE,FALSE,50.546,5.000,FAILURE,D_TOLERANCE_EXCEEDED,9.64,Pocket xy offset=50.55 mm (limit=5.0 mm)
TRIAL_0036,2026-10-08T03:45:25.194163+00:00,1e8fd01,task_04,Precision Placement into Tray,medium,1036,0.0852,-0.2008,0.0500,TRUE,-1.550,1.10,0.0854,-0.2002,0.0497,0.00,40.2956,1.50,TRUE,FALSE,FALSE,37.265,5.000,FAILURE,D_TOLERANCE_EXCEEDED,9.71,Pocket xy offset=37.26 mm (limit=5.0 mm)
TRIAL_0037,2026-10-08T03:45:37.406569+00:00,1e8fd01,task_04,Precision Placement into Tray,medium,1037,0.0819,-0.1941,0.0500,TRUE,-1.550,0.59,0.0819,-0.1938,0.0494,0.00,39.0853,1.50,TRUE,FALSE,FALSE,44.726,5.000,FAILURE,D_TOLERANCE_EXCEEDED,9.69,Pocket xy offset=44.73 mm (limit=5.0 mm)
TRIAL_0038,2026-10-08T03:45:49.611189+00:00,1e8fd01,task_04,Precision Placement into Tray,medium,1038,0.0861,-0.1885,0.0500,TRUE,-1.550,0.64,0.0859,-0.1882,0.0506,0.00,38.6551,1.50,TRUE,FALSE,FALSE,48.533,5.000,FAILURE,D_TOLERANCE_EXCEEDED,9.75,Pocket xy offset=48.53 mm (limit=5.0 mm)
TRIAL_0039,2026-10-08T03:46:01.869286+00:00,1e8fd01,task_04,Precision Placement into Tray,medium,1039,0.0791,-0.1932,0.0500,TRUE,-1.550,0.60,0.0789,-0.1929,0.0499,0.00,39.9313,1.50,TRUE,FALSE,FALSE,46.734,5.000,FAILURE,D_TOLERANCE_EXCEEDED,9.81,Pocket xy offset=46.73 mm (limit=5.0 mm)
TRIAL_0040,2026-10-08T03:46:14.195011+00:00,1e8fd01,task_04,Precision Placement into Tray,medium,1040,0.0866,-0.2006,0.0500,TRUE,-1.550,0.61,0.0867,-0.2001,0.0496,0.00,49.0992,1.50,TRUE,FALSE,FALSE,36.918,5.000,FAILURE,D_TOLERANCE_EXCEEDED,9.82,Pocket xy offset=36.92 mm (limit=5.0 mm)
TRIAL_0041,2026-10-08T03:46:26.527453+00:00,1e8fd01,task_05,Obstacle Avoidance Clearance,medium,1041,0.1504,0.1215,0.0800,TRUE,-1.550,0.62,0.1503,0.1215,0.0794,0.63,1.6764,1.50,TRUE,FALSE,FALSE,0.630,10.000,SUCCESS,NONE,6.03,TF EE error=0.63 mm (limit=10.0 mm) (Obstacle clearance z>=0.10m verified)
TRIAL_0042,2026-10-08T03:46:36.653363+00:00,1e8fd01,task_05,Obstacle Avoidance Clearance,medium,1042,0.1564,0.1115,0.0800,TRUE,-1.550,0.79,0.1563,0.1111,0.0799,0.42,3.7280,1.50,TRUE,FALSE,FALSE,0.417,10.000,SUCCESS,NONE,5.93,TF EE error=0.42 mm (limit=10.0 mm) (Obstacle clearance z>=0.10m verified)
TRIAL_0043,2026-10-08T03:46:46.585386+00:00,1e8fd01,task_05,Obstacle Avoidance Clearance,medium,1043,0.1610,0.1310,0.0800,TRUE,-1.550,0.60,0.1606,0.1310,0.0801,0.50,1.6990,1.50,TRUE,FALSE,FALSE,0.496,10.000,SUCCESS,NONE,6.03,TF EE error=0.50 mm (limit=10.0 mm) (Obstacle clearance z>=0.10m verified)
TRIAL_0044,2026-10-08T03:46:56.719620+00:00,1e8fd01,task_05,Obstacle Avoidance Clearance,medium,1044,0.1523,0.1172,0.0800,TRUE,-1.550,0.64,0.1518,0.1172,0.0802,0.50,1.6349,1.50,TRUE,FALSE,FALSE,0.499,10.000,SUCCESS,NONE,5.99,TF EE error=0.50 mm (limit=10.0 mm) (Obstacle clearance z>=0.10m verified)
TRIAL_0045,2026-10-08T03:47:06.760715+00:00,1e8fd01,task_05,Obstacle Avoidance Clearance,medium,1045,0.1651,0.1208,0.0800,TRUE,-1.550,0.60,0.1650,0.1204,0.0799,0.45,1.6897,1.50,TRUE,FALSE,FALSE,0.448,10.000,SUCCESS,NONE,5.95,TF EE error=0.45 mm (limit=10.0 mm) (Obstacle clearance z>=0.10m verified)
TRIAL_0046,2026-10-08T03:47:16.732522+00:00,1e8fd01,task_05,Obstacle Avoidance Clearance,medium,1046,0.1500,0.1114,0.0800,TRUE,-1.550,0.66,0.1500,0.1111,0.0799,0.40,5.2817,1.50,TRUE,FALSE,FALSE,0.402,10.000,SUCCESS,NONE,6.07,TF EE error=0.40 mm (limit=10.0 mm) (Obstacle clearance z>=0.10m verified)
TRIAL_0047,2026-10-08T03:47:26.835158+00:00,1e8fd01,task_05,Obstacle Avoidance Clearance,medium,1047,0.1660,0.1301,0.0800,TRUE,-1.550,0.62,0.1660,0.1296,0.0799,0.46,1.7140,1.50,TRUE,FALSE,FALSE,0.460,10.000,SUCCESS,NONE,6.01,TF EE error=0.46 mm (limit=10.0 mm) (Obstacle clearance z>=0.10m verified)
TRIAL_0048,2026-10-08T03:47:36.917472+00:00,1e8fd01,task_05,Obstacle Avoidance Clearance,medium,1048,0.1613,0.1211,0.0800,TRUE,-1.550,1.25,0.1612,0.1207,0.0799,0.44,1.6777,1.50,TRUE,FALSE,FALSE,0.441,10.000,SUCCESS,NONE,6.02,TF EE error=0.44 mm (limit=10.0 mm) (Obstacle clearance z>=0.10m verified)
TRIAL_0049,2026-10-08T03:47:46.981990+00:00,1e8fd01,task_05,Obstacle Avoidance Clearance,medium,1049,0.1650,0.1283,0.0800,TRUE,-1.550,0.63,0.1649,0.1278,0.0799,0.46,1.7066,1.50,TRUE,FALSE,FALSE,0.456,10.000,SUCCESS,NONE,6.00,TF EE error=0.46 mm (limit=10.0 mm) (Obstacle clearance z>=0.10m verified)
TRIAL_0050,2026-10-08T03:47:57.055307+00:00,1e8fd01,task_05,Obstacle Avoidance Clearance,medium,1050,0.1683,0.1112,0.0800,TRUE,-1.550,0.63,0.1683,0.1108,0.0798,0.44,1.6806,1.50,TRUE,FALSE,FALSE,0.444,10.000,SUCCESS,NONE,5.89,TF EE error=0.44 mm (limit=10.0 mm) (Obstacle clearance z>=0.10m verified)
TRIAL_0051,2026-10-08T03:48:06.886548+00:00,1e8fd01,task_06,Visual Servoing Feature Alignment,medium,1051,0.2001,-0.0301,0.0600,TRUE,-1.550,0.63,0.1998,-0.0299,0.0606,0.75,2.8124,1.50,TRUE,FALSE,FALSE,0.747,10.000,SUCCESS,NONE,4.89,TF EE error=0.75 mm (limit=10.0 mm) (Visual feature aligned)
TRIAL_0052,2026-10-08T03:48:14.622632+00:00,1e8fd01,task_06,Visual Servoing Feature Alignment,medium,1052,0.2033,-0.0229,0.0600,TRUE,-1.550,0.61,0.2029,-0.0227,0.0606,0.74,2.4086,1.50,TRUE,FALSE,FALSE,0.735,10.000,SUCCESS,NONE,4.81,TF EE error=0.74 mm (limit=10.0 mm) (Visual feature aligned)
TRIAL_0053,2026-10-08T03:48:22.313846+00:00,1e8fd01,task_06,Visual Servoing Feature Alignment,medium,1053,0.2029,-0.0293,0.0600,TRUE,-1.550,0.60,0.2026,-0.0293,0.0595,0.59,2.4926,1.50,TRUE,FALSE,FALSE,0.590,10.000,SUCCESS,NONE,4.79,TF EE error=0.59 mm (limit=10.0 mm) (Visual feature aligned)
TRIAL_0054,2026-10-08T03:48:29.957658+00:00,1e8fd01,task_06,Visual Servoing Feature Alignment,medium,1054,0.2070,-0.0261,0.0600,TRUE,-1.550,0.60,0.2067,-0.0262,0.0595,0.60,2.1711,1.50,TRUE,FALSE,FALSE,0.605,10.000,SUCCESS,NONE,4.85,TF EE error=0.60 mm (limit=10.0 mm) (Visual feature aligned)
TRIAL_0055,2026-10-08T03:48:37.660271+00:00,1e8fd01,task_06,Visual Servoing Feature Alignment,medium,1055,0.1972,-0.0295,0.0600,TRUE,-1.550,0.62,0.1969,-0.0296,0.0595,0.57,3.2428,1.50,TRUE,FALSE,FALSE,0.565,10.000,SUCCESS,NONE,4.79,TF EE error=0.57 mm (limit=10.0 mm) (Visual feature aligned)
TRIAL_0056,2026-10-08T03:48:45.299022+00:00,1e8fd01,task_06,Visual Servoing Feature Alignment,medium,1056,0.1976,-0.0265,0.0600,TRUE,-1.550,0.60,0.1974,-0.0265,0.0595,0.56,3.1519,1.50,TRUE,FALSE,FALSE,0.562,10.000,SUCCESS,NONE,4.79,TF EE error=0.56 mm (limit=10.0 mm) (Visual feature aligned)
TRIAL_0057,2026-10-08T03:48:52.934233+00:00,1e8fd01,task_06,Visual Servoing Feature Alignment,medium,1057,0.1969,-0.0137,0.0600,TRUE,-1.550,0.65,0.1967,-0.0138,0.0595,0.54,2.9893,1.50,TRUE,FALSE,FALSE,0.537,10.000,SUCCESS,NONE,4.93,TF EE error=0.54 mm (limit=10.0 mm) (Visual feature aligned)
TRIAL_0058,2026-10-08T03:49:00.807726+00:00,1e8fd01,task_06,Visual Servoing Feature Alignment,medium,1058,0.1933,-0.0224,0.0600,TRUE,-1.550,0.60,0.1931,-0.0225,0.0595,0.54,3.7390,1.50,TRUE,FALSE,FALSE,0.536,10.000,SUCCESS,NONE,4.80,TF EE error=0.54 mm (limit=10.0 mm) (Visual feature aligned)
TRIAL_0059,2026-10-08T03:49:08.483181+00:00,1e8fd01,task_06,Visual Servoing Feature Alignment,medium,1059,0.1970,-0.0105,0.0600,TRUE,-1.550,0.64,0.1968,-0.0106,0.0595,0.53,2.9043,1.50,TRUE,FALSE,FALSE,0.532,10.000,SUCCESS,NONE,4.91,TF EE error=0.53 mm (limit=10.0 mm) (Visual feature aligned)
TRIAL_0060,2026-10-08T03:49:16.359190+00:00,1e8fd01,task_06,Visual Servoing Feature Alignment,medium,1060,0.2013,-0.0315,0.0600,TRUE,-1.550,0.94,0.2010,-0.0316,0.0595,0.59,2.6134,1.50,TRUE,FALSE,FALSE,0.587,10.000,SUCCESS,NONE,4.89,TF EE error=0.59 mm (limit=10.0 mm) (Visual feature aligned)
TRIAL_0061,2026-10-08T03:49:24.104142+00:00,1e8fd01,task_07,Multi-Axis In-Hand Reorientation,hard,1061,0.1783,0.0381,0.0700,TRUE,-1.550,0.41,0.1709,0.0366,0.0986,0.00,23.0069,1.50,TRUE,FALSE,FALSE,30.004,15.000,FAILURE,D_TOLERANCE_EXCEEDED,7.05,"Measured Δyaw=-0.0°, cmd=30.0°, err=30.0° (limit=15.0°)"
TRIAL_0062,2026-10-08T03:49:35.344259+00:00,1e8fd01,task_07,Multi-Axis In-Hand Reorientation,hard,1062,0.1819,0.0469,0.0700,TRUE,-1.550,0.65,0.1756,0.0458,0.0874,0.00,17.6036,1.50,TRUE,FALSE,FALSE,29.997,15.000,FAILURE,D_TOLERANCE_EXCEEDED,7.11,"Measured Δyaw=0.0°, cmd=30.0°, err=30.0° (limit=15.0°)"
TRIAL_0063,2026-10-08T03:49:46.710013+00:00,1e8fd01,task_07,Multi-Axis In-Hand Reorientation,hard,1063,0.1764,0.0436,0.0700,TRUE,-1.550,0.39,0.1692,0.0418,0.0998,0.00,22.4920,1.50,TRUE,FALSE,FALSE,29.995,15.000,FAILURE,D_TOLERANCE_EXCEEDED,7.09,"Measured Δyaw=0.0°, cmd=30.0°, err=30.0° (limit=15.0°)"
TRIAL_0064,2026-10-08T03:49:58.044538+00:00,1e8fd01,task_07,Multi-Axis In-Hand Reorientation,hard,1064,0.1763,0.0597,0.0700,TRUE,-1.550,0.61,0.1699,0.0583,0.0898,0.00,16.2282,1.50,TRUE,FALSE,FALSE,30.094,15.000,FAILURE,D_TOLERANCE_EXCEEDED,7.23,"Measured Δyaw=-0.1°, cmd=30.0°, err=30.1° (limit=15.0°)"
TRIAL_0065,2026-10-08T03:50:09.641155+00:00,1e8fd01,task_07,Multi-Axis In-Hand Reorientation,hard,1065,0.1706,0.0501,0.0700,TRUE,-1.550,0.38,0.1642,0.0483,0.1098,0.00,28.3342,1.50,TRUE,FALSE,FALSE,29.994,15.000,FAILURE,D_TOLERANCE_EXCEEDED,7.26,"Measured Δyaw=0.0°, cmd=30.0°, err=30.0° (limit=15.0°)"
TRIAL_0066,2026-10-08T03:50:21.205812+00:00,1e8fd01,task_07,Multi-Axis In-Hand Reorientation,hard,1066,0.1771,0.0516,0.0700,TRUE,-1.550,0.62,0.1699,0.0498,0.0937,0.00,17.8904,1.50,TRUE,FALSE,FALSE,29.994,15.000,FAILURE,D_TOLERANCE_EXCEEDED,7.26,"Measured Δyaw=0.0°, cmd=30.0°, err=30.0° (limit=15.0°)"
TRIAL_0067,2026-10-08T03:50:32.766170+00:00,1e8fd01,task_07,Multi-Axis In-Hand Reorientation,hard,1067,0.1718,0.0615,0.0700,TRUE,-1.550,0.38,0.1646,0.0591,0.0985,0.00,20.7887,1.50,TRUE,FALSE,FALSE,29.870,15.000,FAILURE,D_TOLERANCE_EXCEEDED,7.25,"Measured Δyaw=0.1°, cmd=30.0°, err=29.9° (limit=15.0°)"
TRIAL_0068,2026-10-08T03:50:44.411361+00:00,1e8fd01,task_07,Multi-Axis In-Hand Reorientation,hard,1068,0.1882,0.0602,0.0700,TRUE,-1.550,0.62,0.1869,0.0597,0.0780,0.00,2.4243,1.50,TRUE,FALSE,FALSE,29.805,15.000,FAILURE,D_TOLERANCE_EXCEEDED,7.19,"Measured Δyaw=0.2°, cmd=30.0°, err=29.8° (limit=15.0°)"
TRIAL_0069,2026-10-08T03:50:55.945273+00:00,1e8fd01,task_07,Multi-Axis In-Hand Reorientation,hard,1069,0.1758,0.0527,0.0700,TRUE,-1.550,0.42,0.1684,0.0507,0.0959,0.00,19.2786,1.50,TRUE,FALSE,FALSE,29.995,15.000,FAILURE,D_TOLERANCE_EXCEEDED,7.27,"Measured Δyaw=0.0°, cmd=30.0°, err=30.0° (limit=15.0°)"
TRIAL_0070,2026-10-08T03:51:07.525993+00:00,1e8fd01,task_07,Multi-Axis In-Hand Reorientation,hard,1070,0.1742,0.0402,0.0700,TRUE,-1.550,0.39,0.1684,0.0395,0.1091,0.00,29.4622,1.50,TRUE,FALSE,FALSE,29.999,15.000,FAILURE,D_TOLERANCE_EXCEEDED,7.06,"Measured Δyaw=0.0°, cmd=30.0°, err=30.0° (limit=15.0°)"
TRIAL_0071,2026-10-08T03:51:18.802164+00:00,1e8fd01,task_08,Articulated Drawer/Slide Interaction,hard,1071,0.2187,0.0117,0.0400,TRUE,-1.550,1.09,0.2185,0.0115,0.0443,0.00,8.7916,1.50,TRUE,FALSE,FALSE,0.043,30.000,FAILURE,D_TOLERANCE_EXCEEDED,7.08,Drawer displacement=0.0 mm (req=30.0 mm)
TRIAL_0072,2026-10-08T03:51:28.733504+00:00,1e8fd01,task_08,Articulated Drawer/Slide Interaction,hard,1072,0.2248,0.0077,0.0400,TRUE,-1.550,0.50,0.2274,-0.0002,0.0444,0.00,151.8665,1.50,TRUE,FALSE,FALSE,0.054,30.000,FAILURE,D_TOLERANCE_EXCEEDED,7.69,Drawer displacement=0.1 mm (req=30.0 mm)
TRIAL_0073,2026-10-08T03:51:40.077491+00:00,1e8fd01,task_08,Articulated Drawer/Slide Interaction,hard,1073,0.2162,-0.0049,0.0400,TRUE,-1.550,0.60,0.2158,-0.0050,0.0395,0.00,4.9266,1.50,TRUE,FALSE,FALSE,0.453,30.000,FAILURE,D_TOLERANCE_EXCEEDED,6.96,Drawer displacement=0.5 mm (req=30.0 mm)
TRIAL_0074,2026-10-08T03:51:49.884787+00:00,1e8fd01,task_08,Articulated Drawer/Slide Interaction,hard,1074,0.2227,-0.0004,0.0400,TRUE,-1.550,0.71,0.2318,-0.0025,0.0400,0.00,135.7335,1.50,TRUE,FALSE,FALSE,0.208,30.000,FAILURE,D_TOLERANCE_EXCEEDED,7.67,Drawer displacement=0.2 mm (req=30.0 mm)
TRIAL_0075,2026-10-08T03:52:01.304659+00:00,1e8fd01,task_08,Articulated Drawer/Slide Interaction,hard,1075,0.2240,0.0067,0.0400,TRUE,-1.550,0.38,0.2245,-0.0019,0.0435,0.00,185.7045,1.50,TRUE,FALSE,FALSE,35.990,30.000,SUCCESS,NONE,8.06,Drawer displacement=36.0 mm (req=30.0 mm)
TRIAL_0076,2026-10-08T03:52:13.078268+00:00,1e8fd01,task_08,Articulated Drawer/Slide Interaction,hard,1076,0.2290,0.0106,0.0400,TRUE,-1.550,0.41,0.2312,-0.0030,0.0440,0.00,169.2669,1.50,TRUE,FALSE,FALSE,0.048,30.000,FAILURE,D_TOLERANCE_EXCEEDED,7.48,Drawer displacement=0.0 mm (req=30.0 mm)
TRIAL_0077,2026-10-08T03:52:24.208224+00:00,1e8fd01,task_08,Articulated Drawer/Slide Interaction,hard,1077,0.2213,0.0007,0.0400,TRUE,-1.550,28.41,0.2283,0.0028,0.0437,0.00,141.8462,1.50,TRUE,FALSE,FALSE,0.193,30.000,FAILURE,D_TOLERANCE_EXCEEDED,7.69,Drawer displacement=0.2 mm (req=30.0 mm)
TRIAL_0078,2026-10-08T03:52:35.680367+00:00,1e8fd01,task_08,Articulated Drawer/Slide Interaction,hard,1078,0.2149,0.0054,0.0400,TRUE,-1.550,0.59,0.2142,-0.0026,0.0409,0.00,5.0125,1.50,TRUE,FALSE,FALSE,0.079,30.000,FAILURE,D_TOLERANCE_EXCEEDED,6.98,Drawer displacement=0.1 mm (req=30.0 mm)
TRIAL_0079,2026-10-08T03:52:45.508509+00:00,1e8fd01,task_08,Articulated Drawer/Slide Interaction,hard,1079,0.2170,0.0028,0.0400,TRUE,-1.550,0.70,0.2165,-0.0030,0.0397,0.00,4.3743,1.50,TRUE,FALSE,FALSE,0.151,30.000,FAILURE,D_TOLERANCE_EXCEEDED,6.98,Drawer displacement=0.2 mm (req=30.0 mm)
TRIAL_0080,2026-10-08T03:52:55.338060+00:00,1e8fd01,task_08,Articulated Drawer/Slide Interaction,hard,1080,0.2189,0.0010,0.0400,TRUE,-1.550,0.61,0.2182,-0.0032,0.0406,0.00,3.7348,1.50,TRUE,FALSE,FALSE,0.174,30.000,FAILURE,D_TOLERANCE_EXCEEDED,7.08,Drawer displacement=0.2 mm (req=30.0 mm)
TRIAL_0081,2026-10-08T03:53:05.274479+00:00,1e8fd01,task_09,Multi-Object Stacking & Sorting,hard,1081,0.1471,-0.1598,0.0800,TRUE,-1.550,0.62,0.1470,-0.1596,0.0793,0.00,1.7170,1.50,TRUE,FALSE,FALSE,7.660,3.000,FAILURE,D_TOLERANCE_EXCEEDED,5.61,"Stack xy offset=7.66 mm (lim=3.0 mm), Δz=12.5 mm, roll=-0.0°, pitch=13.1°"
TRIAL_0082,2026-10-08T03:53:13.732214+00:00,1e8fd01,task_09,Multi-Object Stacking & Sorting,hard,1082,0.1499,-0.1479,0.0800,TRUE,-1.550,0.62,0.1495,-0.1476,0.0807,0.00,1.7088,1.50,TRUE,FALSE,FALSE,7.746,3.000,FAILURE,D_TOLERANCE_EXCEEDED,5.46,"Stack xy offset=7.75 mm (lim=3.0 mm), Δz=12.6 mm, roll=0.0°, pitch=13.4°"
TRIAL_0083,2026-10-08T03:53:22.040361+00:00,1e8fd01,task_09,Multi-Object Stacking & Sorting,hard,1083,0.1437,-0.1407,0.0800,TRUE,-1.550,0.61,0.1433,-0.1404,0.0807,0.00,1.6521,1.50,TRUE,FALSE,FALSE,4.150,3.000,FAILURE,D_TOLERANCE_EXCEEDED,5.51,"Stack xy offset=4.15 mm (lim=3.0 mm), Δz=23.5 mm, roll=0.0°, pitch=0.0°"
TRIAL_0084,2026-10-08T03:53:30.397601+00:00,1e8fd01,task_09,Multi-Object Stacking & Sorting,hard,1084,0.1424,-0.1463,0.0800,TRUE,-1.550,1.27,0.1423,-0.1461,0.0793,0.00,1.6659,1.50,TRUE,FALSE,FALSE,5.458,3.000,FAILURE,D_TOLERANCE_EXCEEDED,5.51,"Stack xy offset=5.46 mm (lim=3.0 mm), Δz=8.9 mm, roll=0.0°, pitch=0.0°"
TRIAL_0085,2026-10-08T03:53:38.759810+00:00,1e8fd01,task_09,Multi-Object Stacking & Sorting,hard,1085,0.1473,-0.1471,0.0800,TRUE,-1.550,0.61,0.1471,-0.1469,0.0793,0.00,1.6939,1.50,TRUE,FALSE,FALSE,7.640,3.000,FAILURE,D_TOLERANCE_EXCEEDED,5.51,"Stack xy offset=7.64 mm (lim=3.0 mm), Δz=12.6 mm, roll=0.0°, pitch=13.4°"
TRIAL_0086,2026-10-08T03:53:47.122323+00:00,1e8fd01,task_09,Multi-Object Stacking & Sorting,hard,1086,0.1549,-0.1399,0.0800,TRUE,-1.550,0.72,0.1546,-0.1396,0.0807,0.00,1.7098,1.50,TRUE,FALSE,FALSE,4.190,3.000,FAILURE,D_TOLERANCE_EXCEEDED,5.66,"Stack xy offset=4.19 mm (lim=3.0 mm), Δz=27.3 mm, roll=0.0°, pitch=0.0°"
TRIAL_0087,2026-10-08T03:53:55.637186+00:00,1e8fd01,task_09,Multi-Object Stacking & Sorting,hard,1087,0.1433,-0.1461,0.0800,TRUE,-1.550,0.59,0.1429,-0.1457,0.0807,0.00,1.6698,1.50,TRUE,FALSE,FALSE,7.783,3.000,FAILURE,D_TOLERANCE_EXCEEDED,5.46,"Stack xy offset=7.78 mm (lim=3.0 mm), Δz=12.6 mm, roll=-0.0°, pitch=13.3°"
TRIAL_0088,2026-10-08T03:54:03.945037+00:00,1e8fd01,task_09,Multi-Object Stacking & Sorting,hard,1088,0.1472,-0.1469,0.0800,TRUE,-1.550,0.64,0.1469,-0.1466,0.0807,0.00,1.6932,1.50,TRUE,FALSE,FALSE,6.068,3.000,FAILURE,D_TOLERANCE_EXCEEDED,5.51,"Stack xy offset=6.07 mm (lim=3.0 mm), Δz=12.7 mm, roll=0.0°, pitch=7.5°"
TRIAL_0089,2026-10-08T03:54:12.305557+00:00,1e8fd01,task_09,Multi-Object Stacking & Sorting,hard,1089,0.1518,-0.1526,0.0800,TRUE,-1.550,0.69,0.1517,-0.1524,0.0793,0.00,1.7253,1.50,TRUE,FALSE,FALSE,4.795,3.000,FAILURE,D_TOLERANCE_EXCEEDED,5.51,"Stack xy offset=4.80 mm (lim=3.0 mm), Δz=8.9 mm, roll=0.0°, pitch=0.0°"
TRIAL_0090,2026-10-08T03:54:20.669257+00:00,1e8fd01,task_09,Multi-Object Stacking & Sorting,hard,1090,0.1431,-0.1616,0.0800,TRUE,-1.550,0.74,0.1430,-0.1614,0.0793,0.00,1.7079,1.50,TRUE,FALSE,FALSE,7.658,3.000,FAILURE,D_TOLERANCE_EXCEEDED,5.50,"Stack xy offset=7.66 mm (lim=3.0 mm), Δz=12.6 mm, roll=0.0°, pitch=13.4°"
TRIAL_0091,2026-10-08T03:54:29.029530+00:00,1e8fd01,task_10,Emergency Stop & Safety Recovery,hard,1091,0.2066,0.0398,0.0500,TRUE,-1.550,0.64,0.2159,0.0396,0.0485,0.00,48.6770,1.50,TRUE,FALSE,FALSE,0.000,0.010,SUCCESS,NONE,5.73,"E-stop engaged, zero velocity verified, safe recovery completed"
TRIAL_0092,2026-10-08T03:54:38.088382+00:00,1e8fd01,task_10,Emergency Stop & Safety Recovery,hard,1092,0.2024,0.0448,0.0500,TRUE,-1.550,0.60,0.2139,0.0436,0.0467,0.00,51.4169,1.50,TRUE,FALSE,FALSE,0.000,0.010,SUCCESS,NONE,5.72,"E-stop engaged, zero velocity verified, safe recovery completed"
TRIAL_0093,2026-10-08T03:54:47.175483+00:00,1e8fd01,task_10,Emergency Stop & Safety Recovery,hard,1093,0.2092,0.0493,0.0500,TRUE,-1.550,0.61,0.2161,0.0474,0.0485,0.00,58.0027,1.50,TRUE,FALSE,FALSE,0.000,0.010,SUCCESS,NONE,5.74,"E-stop engaged, zero velocity verified, safe recovery completed"
TRIAL_0094,2026-10-08T03:54:56.293855+00:00,1e8fd01,task_10,Emergency Stop & Safety Recovery,hard,1094,0.2164,0.0515,0.0500,TRUE,-1.550,1.36,0.2160,0.0513,0.0538,0.00,1.7770,1.50,TRUE,FALSE,FALSE,0.000,0.010,SUCCESS,NONE,5.75,"E-stop engaged, zero velocity verified, safe recovery completed"
TRIAL_0095,2026-10-08T03:55:05.456389+00:00,1e8fd01,task_10,Emergency Stop & Safety Recovery,hard,1095,0.2088,0.0370,0.0500,TRUE,-1.550,0.59,0.2169,0.0366,0.0496,0.00,46.3990,1.50,TRUE,FALSE,FALSE,0.000,0.010,SUCCESS,NONE,5.66,"E-stop engaged, zero velocity verified, safe recovery completed"
TRIAL_0096,2026-10-08T03:55:14.425598+00:00,1e8fd01,task_10,Emergency Stop & Safety Recovery,hard,1096,0.2085,0.0429,0.0500,TRUE,-1.550,0.62,0.2165,0.0422,0.0491,0.00,48.2283,1.50,TRUE,FALSE,FALSE,0.000,0.010,SUCCESS,NONE,5.70,"E-stop engaged, zero velocity verified, safe recovery completed"
TRIAL_0097,2026-10-08T03:55:23.473178+00:00,1e8fd01,task_10,Emergency Stop & Safety Recovery,hard,1097,0.2188,0.0492,0.0500,TRUE,-1.550,30.12,0.2170,0.0472,0.0749,0.00,141.1393,1.50,TRUE,FALSE,FALSE,0.000,0.010,SUCCESS,NONE,5.96,"E-stop engaged, zero velocity verified, safe recovery completed"
TRIAL_0098,2026-10-08T03:55:33.022860+00:00,1e8fd01,task_10,Emergency Stop & Safety Recovery,hard,1098,0.2097,0.0344,0.0500,TRUE,-1.550,0.61,0.2174,0.0341,0.0484,0.00,46.0194,1.50,TRUE,FALSE,FALSE,0.000,0.010,SUCCESS,NONE,5.69,"E-stop engaged, zero velocity verified, safe recovery completed"
TRIAL_0099,2026-10-08T03:55:42.002176+00:00,1e8fd01,task_10,Emergency Stop & Safety Recovery,hard,1099,0.2093,0.0411,0.0500,TRUE,-1.550,0.64,0.2168,0.0407,0.0499,0.00,47.3812,1.50,TRUE,FALSE,FALSE,0.000,0.010,SUCCESS,NONE,5.69,"E-stop engaged, zero velocity verified, safe recovery completed"
TRIAL_0100,2026-10-08T03:55:51.029386+00:00,1e8fd01,task_10,Emergency Stop & Safety Recovery,hard,1100,0.2034,0.0398,0.0500,TRUE,-1.550,0.63,0.2146,0.0386,0.0461,0.00,50.9464,1.50,TRUE,FALSE,FALSE,0.000,0.010,SUCCESS,NONE,5.73,"E-stop engaged, zero velocity verified, safe recovery completed"
