trial_id,timestamp,git_commit_hash,task_id,seed,true_x_m,true_y_m,true_z_m,config_a_x_m,config_a_y_m,config_a_z_m,config_a_error_mm,config_b_x_m,config_b_y_m,config_b_z_m,config_b_error_mm,config_c_x_m,config_c_y_m,config_c_z_m,config_c_error_mm,pixel_u,pixel_v,da_depth_m
TRIAL_0001,2026-10-08T03:38:22.532531+00:00,1e8fd01,task_01,1001,0.1759,-0.0141,0.6236,0.1759,-0.0141,0.6236,0.00,0.1759,-0.0143,0.6231,0.54,0.1764,-0.0084,0.7194,95.95,586,365,0.6306
TRIAL_0002,2026-10-08T03:38:32.287733+00:00,1e8fd01,task_01,1002,0.1781,-0.0143,0.6231,0.1781,-0.0143,0.6231,0.00,0.1784,-0.0143,0.6231,0.24,0.1786,-0.0084,0.7194,96.46,586,362,0.6306
TRIAL_0003,2026-10-08T03:38:40.309345+00:00,1e8fd01,task_01,1003,0.1820,-0.0016,0.6171,0.1820,-0.0016,0.6171,0.00,0.1816,-0.0011,0.6231,6.03,0.1814,0.0030,0.7194,102.39,602,358,0.6306
TRIAL_0004,2026-10-08T03:38:48.421602+00:00,1e8fd01,task_01,1004,0.1708,0.0086,0.6170,0.1708,0.0086,0.6170,0.00,0.1710,0.0087,0.6231,6.11,0.1722,0.0115,0.7194,102.44,614,371,0.6306
TRIAL_0005,2026-10-08T03:38:56.617645+00:00,1e8fd01,task_01,1005,0.1832,-0.0140,0.6229,0.1832,-0.0140,0.6229,0.00,0.1833,-0.0143,0.6231,0.34,0.1828,-0.0084,0.7194,96.66,586,356,0.6306
TRIAL_0006,2026-10-08T03:39:04.478072+00:00,1e8fd01,task_01,1006,0.1849,-0.0140,0.6227,0.1849,-0.0140,0.6227,0.00,0.1849,-0.0143,0.6231,0.45,0.1843,-0.0084,0.7194,96.80,586,354,0.6306
TRIAL_0007,2026-10-08T03:39:12.396374+00:00,1e8fd01,task_01,1007,0.1877,-0.0140,0.6227,0.1877,-0.0140,0.6227,0.00,0.1874,-0.0143,0.6231,0.64,0.1864,-0.0084,0.7194,96.90,586,351,0.6306
TRIAL_0008,2026-10-08T03:39:20.544493+00:00,1e8fd01,task_01,1008,0.1823,0.0103,0.6169,0.1823,0.0103,0.6169,0.00,0.1825,0.0103,0.6231,6.15,0.1821,0.0129,0.7194,102.47,616,357,0.6306
TRIAL_0009,2026-10-08T03:39:28.859171+00:00,1e8fd01,task_01,1009,0.1823,-0.0139,0.6228,0.1823,-0.0139,0.6228,0.00,0.1825,-0.0143,0.6231,0.46,0.1821,-0.0084,0.7194,96.74,586,357,0.6306
TRIAL_0010,2026-10-08T03:39:36.753881+00:00,1e8fd01,task_01,1010,0.1779,-0.0140,0.6229,0.1779,-0.0140,0.6229,0.00,0.1775,-0.0143,0.6231,0.48,0.1779,-0.0084,0.7194,96.61,586,363,0.6306
TRIAL_0011,2026-10-08T03:39:44.660647+00:00,1e8fd01,task_02,1011,0.1796,-0.0146,0.6225,0.1796,-0.0146,0.6225,0.00,0.1792,-0.0143,0.6231,0.83,0.1793,-0.0084,0.7194,97.10,586,361,0.6306
TRIAL_0012,2026-10-08T03:39:56.435111+00:00,1e8fd01,task_02,1012,0.1905,-0.0430,0.6229,0.1905,-0.0430,0.6229,0.00,0.1907,-0.0429,0.6231,0.23,0.1892,-0.0333,0.7194,96.94,551,347,0.6306
TRIAL_0013,2026-10-08T03:40:08.172723+00:00,1e8fd01,task_02,1013,0.2011,-0.0607,0.6230,0.2011,-0.0607,0.6230,0.00,0.2013,-0.0610,0.6231,0.36,0.1985,-0.0489,0.7194,97.19,529,334,0.6306
TRIAL_0014,2026-10-08T03:40:19.892048+00:00,1e8fd01,task_02,1014,0.1946,-0.0451,0.6229,0.1946,-0.0451,0.6229,0.00,0.1948,-0.0454,0.6231,0.36,0.1928,-0.0354,0.7194,96.94,548,342,0.6306
TRIAL_0015,2026-10-08T03:40:31.637076+00:00,1e8fd01,task_02,1015,0.2026,-0.0587,0.6229,0.2026,-0.0587,0.6229,0.00,0.2029,-0.0585,0.6231,0.43,0.1999,-0.0468,0.7194,97.21,532,332,0.6306
TRIAL_0016,2026-10-08T03:40:43.401198+00:00,1e8fd01,task_02,1016,0.2026,-0.0587,0.6229,0.2026,-0.0587,0.6229,0.00,0.2029,-0.0585,0.6231,0.45,0.1999,-0.0468,0.7194,97.27,532,332,0.6306
TRIAL_0017,2026-10-08T03:40:55.166412+00:00,1e8fd01,task_02,1017,0.1923,-0.0399,0.6229,0.1923,-0.0399,0.6229,0.00,0.1923,-0.0397,0.6231,0.29,0.1907,-0.0304,0.7194,96.92,555,345,0.6306
TRIAL_0018,2026-10-08T03:41:06.898871+00:00,1e8fd01,task_02,1018,0.1916,-0.0393,0.6230,0.1916,-0.0393,0.6230,0.00,0.1915,-0.0397,0.6231,0.40,0.1900,-0.0304,0.7194,96.86,555,346,0.6306
TRIAL_0019,2026-10-08T03:41:18.632468+00:00,1e8fd01,task_02,1019,0.1965,-0.0592,0.6229,0.1965,-0.0592,0.6229,0.00,0.1964,-0.0593,0.6231,0.23,0.1942,-0.0475,0.7194,97.18,531,340,0.6306
TRIAL_0020,2026-10-08T03:41:30.400314+00:00,1e8fd01,task_02,1020,0.2052,-0.0580,0.6229,0.2052,-0.0580,0.6229,0.00,0.2054,-0.0577,0.6231,0.41,0.2020,-0.0461,0.7194,97.23,533,329,0.6306
TRIAL_0021,2026-10-08T03:41:42.158849+00:00,1e8fd01,task_03,1021,0.2040,0.0789,0.6169,0.2040,0.0789,0.6169,0.00,0.2038,0.0783,0.6231,6.27,0.2006,0.0719,0.7194,102.82,699,331,0.6306
TRIAL_0022,2026-10-08T03:41:58.517476+00:00,1e8fd01,task_03,1022,0.1927,0.0815,0.6169,0.1927,0.0815,0.6169,0.00,0.1923,0.0808,0.6231,6.30,0.1907,0.0741,0.7194,102.82,702,345,0.6306
TRIAL_0023,2026-10-08T03:42:14.985096+00:00,1e8fd01,task_03,1023,0.2083,0.0731,0.6170,0.2083,0.0731,0.6170,0.00,0.2079,0.0726,0.6231,6.10,0.2042,0.0670,0.7194,102.62,692,326,0.6306
TRIAL_0024,2026-10-08T03:42:30.007148+00:00,1e8fd01,task_03,1024,0.2030,0.0819,0.6169,0.2030,0.0819,0.6169,0.00,0.2029,0.0816,0.6231,6.25,0.1999,0.0748,0.7194,102.82,703,332,0.6306
TRIAL_0025,2026-10-08T03:42:46.505248+00:00,1e8fd01,task_03,1025,0.2020,0.0728,0.6169,0.2020,0.0728,0.6169,0.00,0.2021,0.0726,0.6231,6.23,0.1992,0.0670,0.7194,102.72,692,333,0.6306
TRIAL_0026,2026-10-08T03:43:02.788534+00:00,1e8fd01,task_03,1026,0.1970,0.0782,0.6169,0.1970,0.0782,0.6169,0.00,0.1972,0.0775,0.6231,6.28,0.1949,0.0712,0.7194,102.79,698,339,0.6306
TRIAL_0027,2026-10-08T03:43:19.172577+00:00,1e8fd01,task_03,1027,0.1922,0.0725,0.6169,0.1922,0.0725,0.6169,0.00,0.1923,0.0718,0.6231,6.22,0.1907,0.0663,0.7194,102.67,691,345,0.6306
TRIAL_0028,2026-10-08T03:43:35.497046+00:00,1e8fd01,task_03,1028,0.2044,0.0622,0.6173,0.2044,0.0622,0.6173,0.00,0.2046,0.0620,0.6231,5.77,0.2013,0.0577,0.7194,102.19,679,330,0.6306
TRIAL_0029,2026-10-08T03:43:51.603457+00:00,1e8fd01,task_03,1029,0.2041,0.0643,0.6170,0.2041,0.0643,0.6170,0.00,0.2038,0.0636,0.6231,6.11,0.2006,0.0591,0.7194,102.53,681,331,0.6306
TRIAL_0030,2026-10-08T03:44:07.928537+00:00,1e8fd01,task_03,1030,0.1991,0.0677,0.6168,0.1991,0.0677,0.6168,0.00,0.1988,0.0677,0.6231,6.31,0.1964,0.0627,0.7194,102.75,686,337,0.6306
TRIAL_0031,2026-10-08T03:44:24.252731+00:00,1e8fd01,task_04,1031,0.0700,-0.2058,0.6370,0.0700,-0.2058,0.6370,0.00,0.0677,-0.2101,0.6231,14.72,0.0482,-0.2518,0.4968,149.14,347,497,0.8532
TRIAL_0032,2026-10-08T03:44:36.356750+00:00,1e8fd01,task_04,1032,0.0785,-0.1986,0.6365,0.0785,-0.1986,0.6365,0.00,0.0767,-0.2027,0.6231,14.12,0.0588,-0.2432,0.4968,147.92,356,486,0.8532
TRIAL_0033,2026-10-08T03:44:48.527935+00:00,1e8fd01,task_04,1033,0.0797,-0.1979,0.6370,0.0797,-0.1979,0.6370,0.00,0.0776,-0.2027,0.6231,14.87,0.0598,-0.2432,0.4968,148.65,356,485,0.8532
TRIAL_0034,2026-10-08T03:45:00.707923+00:00,1e8fd01,task_04,1034,0.0861,-0.2011,0.6370,0.0861,-0.2011,0.6370,0.00,0.0841,-0.2060,0.6231,14.87,0.0675,-0.2470,0.4968,148.68,352,477,0.8532
TRIAL_0035,2026-10-08T03:45:13.043872+00:00,1e8fd01,task_04,1035,0.0703,-0.1941,0.6370,0.0703,-0.1941,0.6370,0.00,0.0686,-0.1986,0.6231,14.72,0.0492,-0.2383,0.4968,148.51,361,496,0.8532
TRIAL_0036,2026-10-08T03:45:25.194163+00:00,1e8fd01,task_04,1036,0.0852,-0.2008,0.6370,0.0852,-0.2008,0.6370,0.00,0.0833,-0.2052,0.6231,14.70,0.0665,-0.2460,0.4968,148.48,353,478,0.8532
TRIAL_0037,2026-10-08T03:45:37.406569+00:00,1e8fd01,task_04,1037,0.0819,-0.1941,0.6370,0.0819,-0.1941,0.6370,0.00,0.0800,-0.1986,0.6231,14.74,0.0627,-0.2383,0.4968,148.26,361,482,0.8532
TRIAL_0038,2026-10-08T03:45:49.611189+00:00,1e8fd01,task_04,1038,0.0861,-0.1885,0.6370,0.0861,-0.1885,0.6370,0.00,0.0841,-0.1929,0.6231,14.71,0.0675,-0.2316,0.4968,147.84,368,477,0.8532
TRIAL_0039,2026-10-08T03:46:01.869286+00:00,1e8fd01,task_04,1039,0.0791,-0.1932,0.6370,0.0791,-0.1932,0.6370,0.00,0.0767,-0.1978,0.6231,14.83,0.0588,-0.2374,0.4968,148.38,362,486,0.8532
TRIAL_0040,2026-10-08T03:46:14.195011+00:00,1e8fd01,task_04,1040,0.0866,-0.2006,0.6370,0.0866,-0.2006,0.6370,0.00,0.0849,-0.2052,0.6231,14.73,0.0684,-0.2460,0.4968,148.48,353,476,0.8532
TRIAL_0041,2026-10-08T03:46:26.527453+00:00,1e8fd01,task_05,1041,0.0866,-0.2006,0.6370,0.0866,-0.2006,0.6370,0.00,0.0849,-0.2052,0.6231,14.73,0.0684,-0.2460,0.4968,148.48,353,476,0.8532
TRIAL_0042,2026-10-08T03:46:36.653363+00:00,1e8fd01,task_05,1042,0.1564,0.1115,0.6169,0.1564,0.1115,0.6169,0.00,0.1562,0.1111,0.6231,6.26,0.1594,0.1004,0.7194,103.17,739,389,0.6306
TRIAL_0043,2026-10-08T03:46:46.585386+00:00,1e8fd01,task_05,1043,0.1564,0.1116,0.6172,0.1564,0.1116,0.6172,0.00,0.1562,0.1111,0.6231,5.92,0.1594,0.1004,0.7194,102.83,739,389,0.6306
TRIAL_0044,2026-10-08T03:46:56.719620+00:00,1e8fd01,task_05,1044,0.1523,0.1172,0.6169,0.1523,0.1172,0.6169,0.00,0.1521,0.1169,0.6231,6.26,0.1558,0.1054,0.7194,103.27,746,394,0.6306
TRIAL_0045,2026-10-08T03:47:06.760715+00:00,1e8fd01,task_05,1045,0.1651,0.1208,0.6169,0.1651,0.1208,0.6169,0.00,0.1652,0.1201,0.6231,6.28,0.1672,0.1082,0.7194,103.32,750,378,0.6306
TRIAL_0046,2026-10-08T03:47:16.732522+00:00,1e8fd01,task_05,1046,0.1500,0.1114,0.6169,0.1500,0.1114,0.6169,0.00,0.1505,0.1103,0.6231,6.36,0.1544,0.0997,0.7194,103.29,738,396,0.6306
TRIAL_0047,2026-10-08T03:47:26.835158+00:00,1e8fd01,task_05,1047,0.1660,0.1301,0.6169,0.1660,0.1301,0.6169,0.00,0.1661,0.1292,0.6231,6.32,0.1679,0.1160,0.7194,103.51,761,377,0.6306
TRIAL_0048,2026-10-08T03:47:36.917472+00:00,1e8fd01,task_05,1048,0.1613,0.1211,0.6169,0.1613,0.1211,0.6169,0.00,0.1612,0.1201,0.6231,6.31,0.1636,0.1082,0.7194,103.36,750,383,0.6306
TRIAL_0049,2026-10-08T03:47:46.981990+00:00,1e8fd01,task_05,1049,0.1650,0.1283,0.6169,0.1650,0.1283,0.6169,0.00,0.1652,0.1275,0.6231,6.27,0.1672,0.1146,0.7194,103.44,759,378,0.6306
TRIAL_0050,2026-10-08T03:47:57.055307+00:00,1e8fd01,task_05,1050,0.1683,0.1112,0.6169,0.1683,0.1112,0.6169,0.00,0.1685,0.1103,0.6231,6.31,0.1700,0.0997,0.7194,103.19,738,374,0.6306
TRIAL_0051,2026-10-08T03:48:06.886548+00:00,1e8fd01,task_06,1051,0.2001,-0.0301,0.6229,0.2001,-0.0301,0.6229,0.00,0.2005,-0.0298,0.6231,0.50,0.1978,-0.0219,0.7194,96.82,567,335,0.6306
TRIAL_0052,2026-10-08T03:48:14.622632+00:00,1e8fd01,task_06,1052,0.2033,-0.0229,0.6230,0.2033,-0.0229,0.6230,0.00,0.2029,-0.0233,0.6231,0.53,0.1999,-0.0162,0.7194,96.73,575,332,0.6306
TRIAL_0053,2026-10-08T03:48:22.313846+00:00,1e8fd01,task_06,1053,0.2029,-0.0293,0.6229,0.2029,-0.0293,0.6229,0.00,0.2029,-0.0290,0.6231,0.34,0.1999,-0.0212,0.7194,96.83,568,332,0.6306
TRIAL_0054,2026-10-08T03:48:29.957658+00:00,1e8fd01,task_06,1054,0.2070,-0.0261,0.6229,0.2070,-0.0261,0.6229,0.00,0.2070,-0.0257,0.6231,0.41,0.2035,-0.0183,0.7194,96.82,572,327,0.6306
TRIAL_0055,2026-10-08T03:48:37.660271+00:00,1e8fd01,task_06,1055,0.1972,-0.0295,0.6230,0.1972,-0.0295,0.6230,0.00,0.1972,-0.0298,0.6231,0.35,0.1949,-0.0219,0.7194,96.76,567,339,0.6306
TRIAL_0056,2026-10-08T03:48:45.299022+00:00,1e8fd01,task_06,1056,0.1976,-0.0265,0.6230,0.1976,-0.0265,0.6230,0.00,0.1972,-0.0265,0.6231,0.42,0.1949,-0.0191,0.7194,96.76,571,339,0.6306
TRIAL_0057,2026-10-08T03:48:52.934233+00:00,1e8fd01,task_06,1057,0.1969,-0.0140,0.6230,0.1969,-0.0140,0.6230,0.00,0.1972,-0.0143,0.6231,0.41,0.1949,-0.0084,0.7194,96.54,586,339,0.6306
TRIAL_0058,2026-10-08T03:49:00.807726+00:00,1e8fd01,task_06,1058,0.1933,-0.0224,0.6229,0.1933,-0.0224,0.6229,0.00,0.1931,-0.0224,0.6231,0.25,0.1914,-0.0155,0.7194,96.71,576,344,0.6306
TRIAL_0059,2026-10-08T03:49:08.483181+00:00,1e8fd01,task_06,1059,0.1970,-0.0140,0.6230,0.1970,-0.0140,0.6230,0.00,0.1972,-0.0143,0.6231,0.34,0.1949,-0.0084,0.7194,96.55,586,339,0.6306
TRIAL_0060,2026-10-08T03:49:16.359190+00:00,1e8fd01,task_06,1060,0.2013,-0.0315,0.6229,0.2013,-0.0315,0.6229,0.00,0.2013,-0.0315,0.6231,0.16,0.1985,-0.0233,0.7194,96.83,565,334,0.6306
TRIAL_0061,2026-10-08T03:49:24.104142+00:00,1e8fd01,task_07,1061,0.1783,0.0381,0.6139,0.1783,0.0381,0.6139,0.00,0.1784,0.0382,0.6231,9.23,0.1786,0.0371,0.7194,105.52,650,362,0.6306
TRIAL_0062,2026-10-08T03:49:35.344259+00:00,1e8fd01,task_07,1062,0.1819,0.0469,0.6140,0.1819,0.0469,0.6140,0.00,0.1816,0.0464,0.6231,9.09,0.1814,0.0442,0.7194,105.39,660,358,0.6306
TRIAL_0063,2026-10-08T03:49:46.710013+00:00,1e8fd01,task_07,1063,0.1764,0.0436,0.6139,0.1764,0.0436,0.6139,0.00,0.1767,0.0431,0.6231,9.22,0.1772,0.0414,0.7194,105.51,656,364,0.6306
TRIAL_0064,2026-10-08T03:49:58.044538+00:00,1e8fd01,task_07,1064,0.1764,0.0436,0.6142,0.1764,0.0436,0.6142,0.00,0.1767,0.0431,0.6231,8.87,0.1772,0.0414,0.7194,105.16,656,364,0.6306
TRIAL_0065,2026-10-08T03:50:09.641155+00:00,1e8fd01,task_07,1065,0.1706,0.0501,0.6139,0.1706,0.0501,0.6139,0.00,0.1710,0.0497,0.6231,9.24,0.1722,0.0471,0.7194,105.56,664,371,0.6306
TRIAL_0066,2026-10-08T03:50:21.205812+00:00,1e8fd01,task_07,1066,0.1771,0.0516,0.6139,0.1771,0.0516,0.6139,0.00,0.1775,0.0513,0.6231,9.18,0.1779,0.0485,0.7194,105.50,666,363,0.6306
TRIAL_0067,2026-10-08T03:50:32.766170+00:00,1e8fd01,task_07,1067,0.1718,0.0627,0.6179,0.1718,0.0627,0.6179,0.00,0.1718,0.0628,0.6231,5.23,0.1729,0.0584,0.7194,101.61,680,370,0.6306
TRIAL_0068,2026-10-08T03:50:44.411361+00:00,1e8fd01,task_07,1068,0.1882,0.0616,0.6176,0.1882,0.0616,0.6176,0.00,0.1882,0.0611,0.6231,5.56,0.1871,0.0570,0.7194,101.93,678,350,0.6306
TRIAL_0069,2026-10-08T03:50:55.945273+00:00,1e8fd01,task_07,1069,0.1758,0.0527,0.6139,0.1758,0.0527,0.6139,0.00,0.1759,0.0521,0.6231,9.25,0.1764,0.0492,0.7194,105.57,667,365,0.6306
TRIAL_0070,2026-10-08T03:51:07.525993+00:00,1e8fd01,task_07,1070,0.1742,0.0402,0.6139,0.1742,0.0402,0.6139,0.00,0.1743,0.0398,0.6231,9.20,0.1750,0.0385,0.7194,105.50,652,367,0.6306
TRIAL_0071,2026-10-08T03:51:18.802164+00:00,1e8fd01,task_08,1071,0.2187,0.0117,0.6169,0.2187,0.0117,0.6169,0.00,0.2185,0.0120,0.6231,6.19,0.2134,0.0144,0.7194,102.64,618,313,0.6306
TRIAL_0072,2026-10-08T03:51:28.733504+00:00,1e8fd01,task_08,1072,0.2248,0.0077,0.6170,0.2248,0.0077,0.6170,0.00,0.2243,0.0079,0.6231,6.10,0.2184,0.0108,0.7194,102.61,613,306,0.6306
TRIAL_0073,2026-10-08T03:51:40.077491+00:00,1e8fd01,task_08,1073,0.2158,-0.0144,0.6246,0.2158,-0.0144,0.6246,0.00,0.2161,-0.0143,0.6231,1.48,0.2113,-0.0084,0.7194,95.12,586,316,0.6306
TRIAL_0074,2026-10-08T03:51:49.884787+00:00,1e8fd01,task_08,1074,0.2227,-0.0004,0.6171,0.2227,-0.0004,0.6171,0.00,0.2226,-0.0003,0.6231,6.00,0.2170,0.0037,0.7194,102.52,603,308,0.6306
TRIAL_0075,2026-10-08T03:52:01.304659+00:00,1e8fd01,task_08,1075,0.2240,0.0067,0.6171,0.2240,0.0067,0.6171,0.00,0.2234,0.0071,0.6231,6.08,0.2177,0.0101,0.7194,102.58,612,307,0.6306
TRIAL_0076,2026-10-08T03:52:13.078268+00:00,1e8fd01,task_08,1076,0.2290,0.0106,0.6169,0.2290,0.0106,0.6169,0.00,0.2283,0.0112,0.6231,6.22,0.2219,0.0136,0.7194,102.73,617,301,0.6306
TRIAL_0077,2026-10-08T03:52:24.208224+00:00,1e8fd01,task_08,1077,0.2213,0.0007,0.6180,0.2213,0.0007,0.6180,0.00,0.2210,0.0005,0.6231,5.10,0.2155,0.0044,0.7194,101.60,604,310,0.6306
TRIAL_0078,2026-10-08T03:52:35.680367+00:00,1e8fd01,task_08,1078,0.2149,0.0054,0.6171,0.2149,0.0054,0.6171,0.00,0.2144,0.0054,0.6231,5.98,0.2099,0.0087,0.7194,102.42,610,318,0.6306
TRIAL_0079,2026-10-08T03:52:45.508509+00:00,1e8fd01,task_08,1079,0.2170,0.0028,0.6172,0.2170,0.0028,0.6172,0.00,0.2169,0.0030,0.6231,5.95,0.2120,0.0065,0.7194,102.42,607,315,0.6306
TRIAL_0080,2026-10-08T03:52:55.338060+00:00,1e8fd01,task_08,1080,0.2189,0.0010,0.6171,0.2189,0.0010,0.6171,0.00,0.2185,0.0013,0.6231,6.01,0.2134,0.0051,0.7194,102.50,605,313,0.6306
TRIAL_0081,2026-10-08T03:53:05.274479+00:00,1e8fd01,task_09,1081,0.1541,-0.1598,0.6320,0.1541,-0.1598,0.6320,0.00,0.1538,-0.1626,0.6231,9.34,0.1573,-0.1371,0.7194,90.34,405,392,0.6306
TRIAL_0082,2026-10-08T03:53:13.732214+00:00,1e8fd01,task_09,1082,0.1572,-0.1513,0.6352,0.1572,-0.1513,0.6352,0.00,0.1571,-0.1544,0.6231,12.52,0.1601,-0.1300,0.7194,86.86,415,388,0.6306
TRIAL_0083,2026-10-08T03:53:22.040361+00:00,1e8fd01,task_09,1083,0.1540,-0.1407,0.6320,0.1540,-0.1407,0.6320,0.00,0.1538,-0.1429,0.6231,9.16,0.1573,-0.1200,0.7194,89.87,429,392,0.6306
TRIAL_0084,2026-10-08T03:53:30.397601+00:00,1e8fd01,task_09,1084,0.1538,-0.1463,0.6314,0.1538,-0.1463,0.6314,0.00,0.1538,-0.1486,0.6231,8.61,0.1573,-0.1250,0.7194,90.61,422,392,0.6306
TRIAL_0085,2026-10-08T03:53:38.759810+00:00,1e8fd01,task_09,1085,0.1541,-0.1472,0.6320,0.1541,-0.1472,0.6320,0.00,0.1538,-0.1495,0.6231,9.23,0.1573,-0.1257,0.7194,90.01,421,392,0.6306
TRIAL_0086,2026-10-08T03:53:47.122323+00:00,1e8fd01,task_09,1086,0.1549,-0.1399,0.6320,0.1549,-0.1399,0.6320,0.00,0.1546,-0.1421,0.6231,9.17,0.1580,-0.1193,0.7194,89.84,430,391,0.6306
TRIAL_0087,2026-10-08T03:53:55.637186+00:00,1e8fd01,task_09,1087,0.1533,-0.1461,0.6301,0.1533,-0.1461,0.6301,0.00,0.1530,-0.1478,0.6231,7.25,0.1565,-0.1243,0.7194,91.94,423,393,0.6306
TRIAL_0088,2026-10-08T03:54:03.945037+00:00,1e8fd01,task_09,1088,0.1540,-0.1469,0.6320,0.1540,-0.1469,0.6320,0.00,0.1538,-0.1495,0.6231,9.26,0.1573,-0.1257,0.7194,89.99,421,392,0.6306
TRIAL_0089,2026-10-08T03:54:12.305557+00:00,1e8fd01,task_09,1089,0.1540,-0.1526,0.6319,0.1540,-0.1526,0.6319,0.00,0.1538,-0.1552,0.6231,9.21,0.1573,-0.1307,0.7194,90.22,414,392,0.6306
TRIAL_0090,2026-10-08T03:54:20.669257+00:00,1e8fd01,task_09,1090,0.1572,-0.1484,0.6353,0.1572,-0.1484,0.6353,0.00,0.1571,-0.1511,0.6231,12.49,0.1601,-0.1271,0.7194,86.79,419,388,0.6306
TRIAL_0091,2026-10-08T03:54:29.029530+00:00,1e8fd01,task_10,1091,0.2066,0.0398,0.6139,0.2066,0.0398,0.6139,0.00,0.2062,0.0398,0.6231,9.20,0.2027,0.0385,0.7194,105.56,652,328,0.6306
TRIAL_0092,2026-10-08T03:54:38.088382+00:00,1e8fd01,task_10,1092,0.2024,0.0448,0.6140,0.2024,0.0448,0.6140,0.00,0.2021,0.0448,0.6231,9.15,0.1992,0.0428,0.7194,105.50,658,333,0.6306
TRIAL_0093,2026-10-08T03:54:47.175483+00:00,1e8fd01,task_10,1093,0.2092,0.0493,0.6142,0.2092,0.0493,0.6142,0.00,0.2087,0.0488,0.6231,8.97,0.2049,0.0464,0.7194,105.36,663,325,0.6306
TRIAL_0094,2026-10-08T03:54:56.293855+00:00,1e8fd01,task_10,1094,0.2164,0.0515,0.6139,0.2164,0.0515,0.6139,0.00,0.2161,0.0513,0.6231,9.17,0.2113,0.0485,0.7194,105.61,666,316,0.6306
TRIAL_0095,2026-10-08T03:55:05.456389+00:00,1e8fd01,task_10,1095,0.2088,0.0370,0.6134,0.2088,0.0370,0.6134,0.00,0.2087,0.0366,0.6231,9.70,0.2049,0.0357,0.7194,106.05,648,325,0.6306
TRIAL_0096,2026-10-08T03:55:14.425598+00:00,1e8fd01,task_10,1096,0.2088,0.0369,0.6143,0.2088,0.0369,0.6143,0.00,0.2087,0.0366,0.6231,8.79,0.2049,0.0357,0.7194,105.14,648,325,0.6306
TRIAL_0097,2026-10-08T03:55:23.473178+00:00,1e8fd01,task_10,1097,0.2188,0.0492,0.6140,0.2188,0.0492,0.6140,0.00,0.2185,0.0488,0.6231,9.08,0.2134,0.0464,0.7194,105.53,663,313,0.6306
TRIAL_0098,2026-10-08T03:55:33.022860+00:00,1e8fd01,task_10,1098,0.2097,0.0321,0.6136,0.2097,0.0321,0.6136,0.00,0.2095,0.0325,0.6231,9.47,0.2056,0.0321,0.7194,105.83,643,324,0.6306
TRIAL_0099,2026-10-08T03:55:42.002176+00:00,1e8fd01,task_10,1099,0.2093,0.0411,0.6139,0.2093,0.0411,0.6139,0.00,0.2087,0.0407,0.6231,9.20,0.2049,0.0392,0.7194,105.57,653,325,0.6306
TRIAL_0100,2026-10-08T03:55:51.029386+00:00,1e8fd01,task_10,1100,0.2034,0.0398,0.6135,0.2034,0.0398,0.6135,0.00,0.2029,0.0398,0.6231,9.59,0.1999,0.0385,0.7194,105.93,652,332,0.6306
